"","layer_name_cloud","ibf_id","id_fl","typ","baum_id","baum_nr","baum_nr_alternativ","art","id_baumart","BHD_CM","kraft","x_utm32","y_utm32","liegt_in_kernflaeche"
"1","IBF_BB1_Baeume_20211214","BB_1",5,"baum","BB1_1","1","1","Ulmus spec.",170,12,"",830912.4397,5904383.493,"BB_1"
"2","IBF_BB1_Baeume_20211214","BB_1",5,"baum","BB1_3","3","3","Alnus glutinosa",211,45,"",830935.6204,5904376.569,"BB_1"
"3","IBF_BB1_Baeume_20211214","BB_1",5,"baum","BB1_6","6","6","Fagus sylvatica",100,19,"",830913.0599,5904401.803,"BB_1"
"4","IBF_BB1_Baeume_20211214","BB_1",5,"baum","BB1_7","7","7","Ulmus spec.",170,7,"",830916.2914,5904407.942,"BB_1"
"5","IBF_BB1_Baeume_20211214","BB_1",5,"baum","BB1_8","8","8","Fagus sylvatica",100,37,"",830916.9302,5904414.568,"BB_1"
"6","IBF_BB1_Baeume_20211214","BB_1",5,"baum","BB1_9","9","9","Fagus sylvatica",100,20,"",830915.9612,5904416.053,"BB_1"
"7","IBF_BB1_Baeume_20211214","BB_1",5,"baum","BB1_10","10","10","Fagus sylvatica",100,20,"",830920.1686,5904412.74,"BB_1"
"8","IBF_BB1_Baeume_20211214","BB_1",5,"baum","BB1_11","11","11","Fagus sylvatica",100,15,"",830922.6343,5904411.258,"BB_1"
"9","IBF_BB1_Baeume_20211214","BB_1",5,"baum","BB1_12","12","12","Alnus glutinosa",211,45,"",830927.1373,5904433.231,"BB_1"
"10","IBF_BB1_Baeume_20211214","BB_1",5,"baum","BB1_13","13","13","Alnus glutinosa",211,44,"",830931.9495,5904433.002,"BB_1"
"11","IBF_BB1_Baeume_20211214","BB_1",5,"baum","BB1_14","14","14","Alnus glutinosa",211,54,"",830931.5341,5904430.174,"BB_1"
"12","IBF_BB1_Baeume_20211214","BB_1",5,"baum","BB1_15","15","15","Alnus glutinosa",211,46,"",830936.7847,5904419.714,"BB_1"
"13","IBF_BB1_Baeume_20211214","BB_1",5,"baum","BB1_16","16","16","Alnus glutinosa",211,31,"",830936.2111,5904425.814,"BB_1"
"14","IBF_BB1_Baeume_20211214","BB_1",5,"baum","BB1_17","17","17","Alnus glutinosa",211,51,"",830937.9872,5904424.055,"BB_1"
"15","IBF_BB1_Baeume_20211214","BB_1",5,"baum","BB1_18","18","18","Alnus glutinosa",211,44,"",830940.9032,5904425.104,"BB_1"
"16","IBF_BB1_Baeume_20211214","BB_1",5,"baum","BB1_19","19","19","Alnus glutinosa",211,40,"",830941.6631,5904425.027,"BB_1"
"17","IBF_BB1_Baeume_20211214","BB_1",5,"baum","BB1_20","20","20","Alnus glutinosa",211,12,"",830941.3825,5904424.421,"BB_1"
"18","IBF_BB1_Baeume_20211214","BB_1",5,"baum","BB1_21","21","21","Alnus glutinosa",211,42,"",830944.991,5904425.126,"BB_1"
"19","IBF_BB1_Baeume_20211214","BB_1",5,"baum","BB1_22","22","22","Alnus glutinosa",211,55,"",830943.134,5904429.763,"BB_1"
"20","IBF_BB1_Baeume_20211214","BB_1",5,"baum","BB1_23","23","23","Alnus glutinosa",211,55,"",830946.9417,5904429.289,"BB_1"
"21","IBF_BB1_Baeume_20211214","BB_1",5,"baum","BB1_24","24","24","Alnus glutinosa",211,9,"",830944.7206,5904429.535,"BB_1"
"22","IBF_BB1_Baeume_20211214","BB_1",5,"baum","BB1_25","25","25","Alnus glutinosa",211,43,"",830938.5426,5904430.955,"BB_1"
"23","IBF_BB1_Baeume_20211214","BB_1",5,"baum","BB1_26","26","26","Alnus glutinosa",211,41,"",830936.0218,5904430.099,"BB_1"
"24","IBF_BB1_Baeume_20211214","BB_1",5,"baum","BB1_27","27","27","Alnus glutinosa",211,41,"",830946.8165,5904434.243,"BB_1"
"25","IBF_BB1_Baeume_20211214","BB_1",5,"baum","BB1_28","28","28","Fagus sylvatica",100,21,"",830943.8608,5904447.288,"BB_1"
"26","IBF_BB1_Baeume_20211214","BB_1",5,"baum","BB1_29","29","29","Fagus sylvatica",100,11,"",830947.4928,5904450.699,"BB_1"
"27","IBF_BB1_Baeume_20211214","BB_1",5,"baum","BB1_30","30","30","Ulmus spec.",170,14,"",830945.8921,5904440.817,"BB_1"
"28","IBF_BB1_Baeume_20211214","BB_1",5,"baum","BB1_31","31","31","Alnus glutinosa",211,49,"",830928.968,5904442.409,"BB_1"
"29","IBF_BB1_Baeume_20211214","BB_1",5,"baum","BB1_32","32","32","Alnus glutinosa",211,NA,"",830939.6264,5904439.095,"BB_1"
"30","IBF_BB1_Baeume_20211214","BB_1",5,"baum","BB1_33","33","33","Alnus glutinosa",211,43,"",830949.9569,5904438.728,"BB_1"
"31","IBF_BB1_Baeume_20211214","BB_1",5,"baum","BB1_34","34","34","Alnus glutinosa",211,51,"",830948.7778,5904425.264,"BB_1"
"32","IBF_BB1_Baeume_20211214","BB_1",5,"baum","BB1_35","35","35","Larix deciduae",50,38,"",830915.7153,5904472.031,"BB_1"
"33","IBF_BB1_Baeume_20211214","BB_1",5,"baum","BB1_36","36","36","Fagus sylvatica",100,15,"",830918.4677,5904471.077,"BB_1"
"34","IBF_BB1_Baeume_20211214","BB_1",5,"baum","BB1_37","37","37","Larix deciduae",50,35,"",830919.3975,5904470.06,"BB_1"
"35","IBF_BB1_Baeume_20211214","BB_1",5,"baum","BB1_38","38","38","Fagus sylvatica",100,15,"",830921.1472,5904467.414,"BB_1"
"36","IBF_BB1_Baeume_20211214","BB_1",5,"baum","BB1_39","39","39","Fagus sylvatica",100,16,"",830920.966,5904464.073,"BB_1"
"37","IBF_BB1_Baeume_20211214","BB_1",5,"baum","BB1_42","42","42","Fagus sylvatica",100,35,"",830919.3015,5904434.522,"BB_1"
"38","IBF_BB1_Baeume_20211214","BB_1",5,"baum","BB1_43","43","43","Fagus sylvatica",100,23,"",830915.7444,5904458.178,"BB_1"
"39","IBF_BB1_Baeume_20211214","BB_1",5,"baum","BB1_44","44","44","Fagus sylvatica",100,23,"",830923.0987,5904457.832,"BB_1"
"40","IBF_BB1_Baeume_20211214","BB_1",5,"baum","BB1_45","45","45","Fagus sylvatica",100,17,"",830920.2509,5904472.222,"BB_1"
"41","IBF_BB1_Baeume_20211214","BB_1",5,"baum","BB1_46","46","46","Fagus sylvatica",100,42,"",830919.1119,5904474.176,"BB_1"
"42","IBF_BB1_Baeume_20211214","BB_1",5,"baum","BB1_47","47","47","Larix deciduae",50,41,"",830924.0464,5904471.295,"BB_1"
"43","IBF_BB1_Baeume_20211214","BB_1",5,"baum","BB1_48","48","48","Larix deciduae",50,40,"",830925.0353,5904475.428,"BB_1"
"44","IBF_BB1_Baeume_20211214","BB_1",5,"baum","BB1_49","49","49","Larix deciduae",50,35,"",830927.3002,5904473.709,"BB_1"
"45","IBF_BB1_Baeume_20211214","BB_1",5,"baum","BB1_50","50","50","Larix deciduae",50,40,"",830929.7845,5904472.009,"BB_1"
"46","IBF_BB1_Baeume_20211214","BB_1",5,"baum","BB1_51","51","51","Fagus sylvatica",100,49,"",830933.7836,5904473.561,"BB_1"
"47","IBF_BB1_Baeume_20211214","BB_1",5,"baum","BB1_52","52","52","Fagus sylvatica",100,13,"",830933.6209,5904472.03,"BB_1"
"48","IBF_BB1_Baeume_20211214","BB_1",5,"baum","BB1_55","55","55","Fagus sylvatica",100,21,"",830945.1009,5904447.956,"BB_1"
"49","IBF_BB1_Baeume_20211214","BB_1",5,"baum","BB1_56","56","56","Fagus sylvatica",100,11,"",830948.6364,5904451.317,"BB_1"
"50","IBF_BB1_Baeume_20211214","BB_1",5,"baum","BB1_57","57","57","Carpinus betulus",130,27,"",830945.721,5904459.934,"BB_1"
"51","IBF_BB1_Baeume_20211214","BB_1",5,"baum","BB1_58","58","58","Carpinus betulus",130,11,"",830943.5894,5904462.7,"BB_1"
"52","IBF_BB1_Baeume_20211214","BB_1",5,"baum","BB1_59","59","59","Ulmus spec.",170,14,"",830943.2403,5904462.79,"BB_1"
"53","IBF_BB1_Baeume_20211214","BB_1",5,"baum","BB1_60","60","60","Fagus sylvatica",100,21,"",830955.5768,5904466.29,"BB_1"
"54","IBF_BB1_Baeume_20211214","BB_1",5,"baum","BB1_61","61","61","Fagus sylvatica",100,18,"",830953.6039,5904471.349,"BB_1"
"55","IBF_BB1_Baeume_20211214","BB_1",5,"baum","BB1_62","62","62","Quercus robur",110,14,"",830960.7015,5904475.252,"BB_1"
"56","IBF_BB1_Baeume_20211214","BB_1",5,"baum","BB1_63","63","63","Fagus sylvatica",100,21,"",830965.6946,5904460.559,"BB_1"
"57","IBF_BB1_Baeume_20211214","BB_1",5,"baum","BB1_64","64","64","Fagus sylvatica",100,24,"",830965.6684,5904463.14,"BB_1"
"58","IBF_BB1_Baeume_20211214","BB_1",5,"baum","BB1_65","65","65","Carpinus betulus",130,30,"",830968.6026,5904448.203,"BB_1"
"59","IBF_BB1_Baeume_20211214","BB_1",5,"baum","BB1_66","66","66","Betula pendula",200,38,"",830971.1942,5904449.054,"BB_1"
"60","IBF_BB1_Baeume_20211214","BB_1",5,"baum","BB1_68","68","68","Quercus robur",110,21,"",830976.1917,5904462.517,"BB_1"
"61","IBF_BB1_Baeume_20211214","BB_1",5,"baum","BB1_69","69","69","Carpinus betulus",130,20,"",830983.6032,5904473.078,"BB_1"
"62","IBF_BB1_Baeume_20211214","BB_1",5,"baum","BB1_70","70","70","Fagus sylvatica",100,21,"",830987.4039,5904467.67,"BB_1"
"63","IBF_BB1_Baeume_20211214","BB_1",5,"baum","BB1_71","71","71","Carpinus betulus",130,28,"",830986.801,5904474.241,"BB_1"
"64","IBF_BB1_Baeume_20211214","BB_1",5,"baum","BB1_72","72","72","Fagus sylvatica",100,31,"",830974.075,5904468.208,"BB_1"
"65","IBF_BB1_Baeume_20211214","BB_1",5,"baum","BB1_73","73","73","Fagus sylvatica",100,25,"",830956.0329,5904464.57,"BB_1"
"66","IBF_BB1_Baeume_20211214","BB_1",5,"baum","BB1_74","74","74","Fagus sylvatica",100,25,"",830955.8952,5904468.718,"BB_1"
"67","IBF_BB1_Baeume_20211214","BB_1",5,"baum","BB1_75","75","75","Fagus sylvatica",100,24,"",830941.1827,5904472.917,"BB_1"
"68","IBF_BB1_Baeume_20211214","BB_1",5,"baum","BB1_76","76","76","Fagus sylvatica",100,40,"",830932.7583,5904470.098,"BB_1"
"69","IBF_BB1_Baeume_20211214","BB_1",5,"baum","BB1_77","77","77","Fagus sylvatica",100,21,"",830917.2535,5904462.344,"BB_1"
"70","IBF_BB1_Baeume_20211214","BB_1",5,"baum","BB1_78","78","78","Fagus sylvatica",100,23,"",830921.8662,5904459.345,"BB_1"
"71","IBF_BB1_Baeume_20211214","BB_1",5,"baum","BB1_79","79","79","Fagus sylvatica",100,30,"",830926.3893,5904463.272,"BB_1"
"72","IBF_BB1_Baeume_20211214","BB_1",5,"baum","BB1_80","80","80","Fagus sylvatica",100,29,"",830934.7017,5904462.525,"BB_1"
"73","IBF_BB1_Baeume_20211214","BB_1",5,"baum","BB1_81","81","81","Fagus sylvatica",100,31,"",830950.9854,5904460.428,"BB_1"
"74","IBF_BB1_Baeume_20211214","BB_1",5,"baum","BB1_82","82","82","Fagus sylvatica",100,36,"",830956.9302,5904452.105,"BB_1"
"75","IBF_BB1_Baeume_20211214","BB_1",5,"baum","BB1_83","83","83","Carpinus betulus",130,25,"",830963.6919,5904460.24,"BB_1"
"76","IBF_BB1_Baeume_20211214","BB_1",5,"baum","BB1_84","84","84","Betula pendula",200,54,"",830963.5573,5904453.356,"BB_1"
"77","IBF_BB1_Baeume_20211214","BB_1",5,"baum","BB1_85","85","85","Carpinus betulus",130,28,"",830969.6393,5904463.001,"BB_1"
"78","IBF_BB1_Baeume_20211214","BB_1",5,"baum","BB1_86","86","86","Betula pendula",200,40,"",830969.0462,5904457.274,"BB_1"
"79","IBF_BB1_Baeume_20211214","BB_1",5,"baum","BB1_87","87","87","Carpinus betulus",130,25,"",830990.1461,5904465.53,"BB_1"
"80","IBF_BB1_Baeume_20211214","BB_1",5,"baum","BB1_88","88","88","Alnus glutinosa",211,42,"",830963.6995,5904414.391,"BB_1"
"81","IBF_BB1_Baeume_20211214","BB_1",5,"baum","BB1_89","89","89","Alnus glutinosa",211,38,"",830959.1033,5904423.761,"BB_1"
"82","IBF_BB1_Baeume_20211214","BB_1",5,"baum","BB1_90","90","90","Alnus glutinosa",211,40,"",830957.2985,5904421.439,"BB_1"
"83","IBF_BB1_Baeume_20211214","BB_1",5,"baum","BB1_91","91","91","Alnus glutinosa",211,43,"",830954.8458,5904422.046,"BB_1"
"84","IBF_BB1_Baeume_20211214","BB_1",5,"baum","BB1_92","92","92","Alnus glutinosa",211,39,"",830949.7064,5904421.393,"BB_1"
"85","IBF_BB1_Baeume_20211214","BB_1",5,"baum","BB1_93","93","93","Fagus sylvatica",100,28,"",830982.6711,5904438.635,"BB_1"
"86","IBF_BB1_Baeume_20211214","BB_1",5,"baum","BB1_94","94","94","Fagus sylvatica",100,32,"",830963.6764,5904447.166,"BB_1"
"87","IBF_BB1_Baeume_20211214","BB_1",5,"baum","BB1_95","95","95","Tilia platyphyllus",151,55,"",830947.2158,5904446.465,"BB_1"
"88","IBF_BB1_Baeume_20211214","BB_1",5,"baum","BB1_96","96","96","Alnus glutinosa",211,47,"",830939.5824,5904440.337,"BB_1"
"89","IBF_BB1_Baeume_20211214","BB_1",5,"baum","BB1_97","97","97","Fagus sylvatica",100,24,"",830934.505,5904448.853,"BB_1"
"90","IBF_BB1_Baeume_20211214","BB_1",5,"baum","BB1_98","98","98","Fagus sylvatica",100,31,"",830933.1469,5904450.668,"BB_1"
"91","IBF_BB1_Baeume_20211214","BB_1",5,"baum","BB1_99","99","99","Fagus sylvatica",100,29,"",830933.9579,5904453.208,"BB_1"
"92","IBF_BB1_Baeume_20211214","BB_1",5,"baum","BB1_100","100","100","Fagus sylvatica",100,34,"",830925.933,5904446.835,"BB_1"
"93","IBF_BB1_Baeume_20211214","BB_1",5,"baum","BB1_101","101","101","Alnus glutinosa",211,46,"",830953.0388,5904433.741,"BB_1"
"94","IBF_BB1_Baeume_20211214","BB_1",5,"baum","BB1_102","102","102","Fagus sylvatica",100,17,"",830929.2259,5904447.826,"BB_1"
"95","IBF_BB1_Baeume_20211214","BB_1",5,"baum","BB1_103","103","103","Fagus sylvatica",100,37,"",830980.0693,5904438.627,"BB_1"
"96","IBF_BB1_Baeume_20211214","BB_1",5,"baum","BB1_104","104","104","Alnus glutinosa",211,52,"",830950.5371,5904425.854,"BB_1"
"97","IBF_BB1_Baeume_20211214","BB_1",5,"baum","BB1_105","105","105","Alnus glutinosa",211,38,"",830958.0427,5904426.807,"BB_1"
"98","IBF_BB1_Baeume_20211214","BB_1",5,"baum","BB1_106","106","106","Fraxinus excelsior",120,47.5,"1",830980.9228,5904471.496,"BB_1"
"99","IBF_BB1_Baeume_20211214","BB_1",5,"baum","BB1_107","107","107","Alnus glutinosa",211,55,"",830948.9348,5904429.97,"BB_1"
"100","IBF_BB1_Baeume_20211214","BB_1",5,"baum","BB1_108","108","108","Alnus glutinosa",211,41,"",830948.4702,5904434.654,"BB_1"
"101","IBF_BB1_Baeume_20211214","BB_1",5,"baum","BB1_109","109","109","Alnus glutinosa",211,56,"",830945.3057,5904430.228,"BB_1"
"102","IBF_BB1_Baeume_20211214","BB_1",5,"baum","BB1_110","110","110","Fagus sylvatica",100,24,"",830916.1648,5904449.48,"BB_1"
"103","IBF_BB1_Baeume_20211214","BB_1",5,"baum","BB1_111","111","111","Alnus glutinosa",211,43,"",830940.6038,5904431.651,"BB_1"
"104","IBF_BB1_Baeume_20211214","BB_1",5,"baum","BB1_112","112","112","Carpinus betulus",130,29,"",830992.8461,5904429.483,"BB_1"
"105","IBF_BB1_Baeume_20211214","BB_1",5,"baum","BB1_113","113","113","Fraxinus excelsior",120,43.5,"1",830991.1711,5904472.941,"BB_1"
"106","IBF_BB1_Baeume_20211214","BB_1",5,"baum","BB1_114","114","114","Fagus sylvatica",100,31,"",830924.1692,5904419.296,"BB_1"
"107","IBF_BB1_Baeume_20211214","BB_1",5,"baum","BB1_115","115","115","Fagus sylvatica",100,47,"",830928.4084,5904418.829,"BB_1"
"108","IBF_BB1_Baeume_20211214","BB_1",5,"baum","BB1_116","116","116","Betula pendula",200,32,"",830990.7505,5904438.269,"BB_1"
"109","IBF_BB1_Baeume_20211214","BB_1",5,"baum","BB1_117","117","117","Fagus sylvatica",100,27,"",830921.6172,5904411.766,"BB_1"
"110","IBF_BB1_Baeume_20211214","BB_1",5,"baum","BB1_118","118","118","Tilia platyphyllus",151,35,"",830996.5851,5904451.692,"BB_1"
"111","IBF_BB1_Baeume_20211214","BB_1",5,"baum","BB1_119","119","119","Fraxinus excelsior",120,39.5,"3",830979.9805,5904464.896,"BB_1"
"112","IBF_BB1_Baeume_20211214","BB_1",5,"baum","BB1_120","120","120","Fraxinus excelsior",120,26,"3",830970.8485,5904466.308,"BB_1"
"113","IBF_BB1_Baeume_20211214","BB_1",5,"baum","BB1_121","121","121","Carpinus betulus",130,30,"",830916.4964,5904400.725,"BB_1"
"114","IBF_BB1_Baeume_20211214","BB_1",5,"baum","BB1_122","122","122","Fraxinus excelsior",120,37.5,"2",830960.6074,5904473.265,"BB_1"
"115","IBF_BB1_Baeume_20211214","BB_1",5,"baum","BB1_123","123","123","Fagus sylvatica",100,44,"",830914.6092,5904388.398,"BB_1"
"116","IBF_BB1_Baeume_20211214","BB_1",5,"baum","BB1_124","124","124","Fraxinus excelsior",120,43,"2",830940.8052,5904472.393,"BB_1"
"117","IBF_BB1_Baeume_20211214","BB_1",5,"baum","BB1_125","125","125","Fraxinus excelsior",120,42.5,"1",830935.8872,5904472.562,"BB_1"
"118","IBF_BB1_Baeume_20211214","BB_1",5,"baum","BB1_126","126","126","Fraxinus excelsior",120,43,"2",830920.8313,5904459.229,"BB_1"
"119","IBF_BB1_Baeume_20211214","BB_1",5,"baum","BB1_128","128","128","Fraxinus excelsior",120,34,"3",830939.9609,5904455.431,"BB_1"
"120","IBF_BB1_Baeume_20211214","BB_1",5,"baum","BB1_129","129","129","Fraxinus excelsior",120,45,"1",830940.5648,5904453.03,"BB_1"
"121","IBF_BB1_Baeume_20211214","BB_1",5,"baum","BB1_130","130","130","Fraxinus excelsior",120,33.5,"3",830945.5434,5904464.079,"BB_1"
"122","IBF_BB1_Baeume_20211214","BB_1",5,"baum","BB1_131","131","131","Fraxinus excelsior",120,47.5,"1",830949.7652,5904462.867,"BB_1"
"123","IBF_BB1_Baeume_20211214","BB_1",5,"baum","BB1_132","132","132","Fraxinus excelsior",120,40.5,"2",830950.2817,5904457.917,"BB_1"
"124","IBF_BB1_Baeume_20211214","BB_1",5,"baum","BB1_133","133","133","Fagus sylvatica",100,41,"",830953.3872,5904451.103,"BB_1"
"125","IBF_BB1_Baeume_20211214","BB_1",5,"baum","BB1_134","134","134","Fraxinus excelsior",120,31.5,"3",830958.2009,5904456.352,"BB_1"
"126","IBF_BB1_Baeume_20211214","BB_1",5,"baum","BB1_135","135","135","Fraxinus excelsior",120,31.5,"3",830962.7032,5904461.845,"BB_1"
"127","IBF_BB1_Baeume_20211214","BB_1",5,"baum","BB1_136","136","136","Fraxinus excelsior",120,30.5,"3",830965.8646,5904457.82,"BB_1"
"128","IBF_BB1_Baeume_20211214","BB_1",5,"baum","BB1_137","137","137","Fraxinus excelsior",120,31,"3",830970.7344,5904462.048,"BB_1"
"129","IBF_BB1_Baeume_20211214","BB_1",5,"baum","BB1_138","138","138","Fraxinus excelsior",120,34.5,"3",830976.6941,5904458.932,"BB_1"
"130","IBF_BB1_Baeume_20211214","BB_1",5,"baum","BB1_139","139","139","Fraxinus excelsior",120,32,"3",830978.4707,5904460.74,"BB_1"
"131","IBF_BB1_Baeume_20211214","BB_1",5,"baum","BB1_141","141","141","Betula pendula",200,55,"",830994.5817,5904452.097,"BB_1"
"132","IBF_BB1_Baeume_20211214","BB_1",5,"baum","BB1_142","142","142","Fraxinus excelsior",120,40,"1",830982.7082,5904451.34,"BB_1"
"133","IBF_BB1_Baeume_20211214","BB_1",5,"baum","BB1_143","143","143","Fraxinus excelsior",120,39,"2",830989.2782,5904457.81,"BB_1"
"134","IBF_BB1_Baeume_20211214","BB_1",5,"baum","BB1_144","144","144","Fagus sylvatica",100,27,"",830994.4293,5904454.264,"BB_1"
"135","IBF_BB1_Baeume_20211214","BB_1",5,"baum","BB1_145","145","145","Carpinus betulus",130,22,"",830995.791,5904464.959,"BB_1"
"136","IBF_BB1_Baeume_20211214","BB_1",5,"baum","BB1_146","146","146","Acer campestre",142,19,"",830996.5912,5904473.607,"BB_1"
"137","IBF_BB1_Baeume_20211214","BB_1",5,"baum","BB1_147","147","147","Alnus glutinosa",211,55,"",831005.233,5904472.646,"BB_1"
"138","IBF_BB1_Baeume_20211214","BB_1",5,"baum","BB1_148","148","148","Alnus glutinosa",211,39,"",831009.088,5904470.177,"BB_1"
"139","IBF_BB1_Baeume_20211214","BB_1",5,"baum","BB1_149","149","149","Carpinus betulus",130,22,"",831005.9545,5904465.382,"BB_1"
"140","IBF_BB1_Baeume_20211214","BB_1",5,"baum","BB1_150","150","150","Fraxinus excelsior",120,40,"2",831010.5559,5904436.237,"BB_1"
"141","IBF_BB1_Baeume_20211214","BB_1",5,"baum","BB1_151","151","151","Fraxinus excelsior",120,34,"2",831007.8526,5904438.512,"BB_1"
"142","IBF_BB1_Baeume_20211214","BB_1",5,"baum","BB1_152","152","152","Fraxinus excelsior",120,22,"3",831002.7318,5904434.876,"BB_1"
"143","IBF_BB1_Baeume_20211214","BB_1",5,"baum","BB1_153","153","153","Fraxinus excelsior",120,41,"1",830995.9115,5904447.395,"BB_1"
"144","IBF_BB1_Baeume_20211214","BB_1",5,"baum","BB1_154","154","154","Fraxinus excelsior",120,38,"1",830995.4605,5904439.138,"BB_1"
"145","IBF_BB1_Baeume_20211214","BB_1",5,"baum","BB1_155","155","155","Fraxinus excelsior",120,40,"2",830985.4968,5904442.55,"BB_1"
"146","IBF_BB1_Baeume_20211214","BB_1",5,"baum","BB1_156","156","156","Fraxinus excelsior",120,30,"3",830982.7101,5904445.34,"BB_1"
"147","IBF_BB1_Baeume_20211214","BB_1",5,"baum","BB1_157","157","157","Fraxinus excelsior",120,36.5,"2",830980.6537,5904441.832,"BB_1"
"148","IBF_BB1_Baeume_20211214","BB_1",5,"baum","BB1_158","158","158","Fagus sylvatica",100,16,"",831002.1753,5904434.206,"BB_1"
"149","IBF_BB1_Baeume_20211214","BB_1",5,"baum","BB1_159","159","159","Fraxinus excelsior",120,37,"2",830961.7358,5904447.536,"BB_1"
"150","IBF_BB1_Baeume_20211214","BB_1",5,"baum","BB1_160","160","160","Fraxinus excelsior",120,35,"2",830956.9669,5904446.773,"BB_1"
"151","IBF_BB1_Baeume_20211214","BB_1",5,"baum","BB1_161","161","161","Fraxinus excelsior",120,48.5,"1",830948.9307,5904443.163,"BB_1"
"152","IBF_BB1_Baeume_20211214","BB_1",5,"baum","BB1_162","162","162","Fraxinus excelsior",120,39.5,"2",830946.4494,5904444.23,"BB_1"
"153","IBF_BB1_Baeume_20211214","BB_1",5,"baum","BB1_163","163","163","Fraxinus excelsior",120,39,"2",830939.0034,5904445.664,"BB_1"
"154","IBF_BB1_Baeume_20211214","BB_1",5,"baum","BB1_164","164","164","Fraxinus excelsior",120,30.5,"3",830938.7652,5904450.769,"BB_1"
"155","IBF_BB1_Baeume_20211214","BB_1",5,"baum","BB1_165","165","165","Fraxinus excelsior",120,60.5,"1",830920.6092,5904451.111,"BB_1"
"156","IBF_BB1_Baeume_20211214","BB_1",5,"baum","BB1_166","166","166","Fraxinus excelsior",120,51.5,"2",830924.5161,5904447.672,"BB_1"
"157","IBF_BB1_Baeume_20211214","BB_1",5,"baum","BB1_167","167","167","Fraxinus excelsior",120,36,"2",830922.6273,5904445.874,"BB_1"
"158","IBF_BB1_Baeume_20211214","BB_1",5,"baum","BB1_168","168","168","Fraxinus excelsior",120,29.5,"2",830923.8137,5904444.668,"BB_1"
"159","IBF_BB1_Baeume_20211214","BB_1",5,"baum","BB1_169","169","169","Fraxinus excelsior",120,45.5,"3",830930.606,5904448.023,"BB_1"
"160","IBF_BB1_Baeume_20211214","BB_1",5,"baum","BB1_170","170","170","Fraxinus excelsior",120,36.5,"2",830935.2325,5904444.623,"BB_1"
"161","IBF_BB1_Baeume_20211214","BB_1",5,"baum","BB1_171","171","171","Alnus glutinosa",211,52,"",830962.9888,5904437.533,"BB_1"
"162","IBF_BB1_Baeume_20211214","BB_1",5,"baum","BB1_172","172","172","Fraxinus excelsior",120,39,"2",830973.3055,5904435.536,"BB_1"
"163","IBF_BB1_Baeume_20211214","BB_1",5,"baum","BB1_173","173","173","Fraxinus excelsior",120,41,"2",830969.9815,5904434.201,"BB_1"
"164","IBF_BB1_Baeume_20211214","BB_1",5,"baum","BB1_174","174","174","Fraxinus excelsior",120,46.5,"1",830967.832,5904428.575,"BB_1"
"165","IBF_BB1_Baeume_20211214","BB_1",5,"baum","BB1_175","175","175","Fraxinus excelsior",120,31,"3",830969.611,5904429.287,"BB_1"
"166","IBF_BB1_Baeume_20211214","BB_1",5,"baum","BB1_176","176","176","Fraxinus excelsior",120,38.5,"1",830977.9998,5904433.007,"BB_1"
"167","IBF_BB1_Baeume_20211214","BB_1",5,"baum","BB1_177","177","177","Fraxinus excelsior",120,58,"1",830970.8631,5904420.37,"BB_1"
"168","IBF_BB1_Baeume_20211214","BB_1",5,"baum","BB1_178","178","178","Fagus sylvatica",100,36,"",831002.8162,5904432.2,"BB_1"
"169","IBF_BB1_Baeume_20211214","BB_1",5,"baum","BB1_180","180","180","Fagus sylvatica",100,31,"",831002.3866,5904425.964,"BB_1"
"170","IBF_BB1_Baeume_20211214","BB_1",5,"baum","BB1_182","182","182","Fagus sylvatica",100,38,"",830995.5768,5904419.352,"BB_1"
"171","IBF_BB1_Baeume_20211214","BB_1",5,"baum","BB1_183","183","183","Fraxinus excelsior",120,28,"2",830998.1058,5904423.213,"BB_1"
"172","IBF_BB1_Baeume_20211214","BB_1",5,"baum","BB1_184","184","184","Fraxinus excelsior",120,38,"2",830996.7235,5904433.436,"BB_1"
"173","IBF_BB1_Baeume_20211214","BB_1",5,"baum","BB1_185","185","185","Fraxinus excelsior",120,35.5,"2",831001.4614,5904420.47,"BB_1"
"174","IBF_BB1_Baeume_20211214","BB_1",5,"baum","BB1_186","186","186","Fraxinus excelsior",120,30,"3",831004.0651,5904419.263,"BB_1"
"175","IBF_BB1_Baeume_20211214","BB_1",5,"baum","BB1_187","187","187","Carpinus betulus",130,26,"",830995.7906,5904411.674,"BB_1"
"176","IBF_BB1_Baeume_20211214","BB_1",5,"baum","BB1_188","188","188","Fraxinus excelsior",120,56,"1",831001.6499,5904412.97,"BB_1"
"177","IBF_BB1_Baeume_20211214","BB_1",5,"baum","BB1_189","189","189","Fraxinus excelsior",120,101,"1",830999.6237,5904398.833,"BB_1"
"178","IBF_BB1_Baeume_20211214","BB_1",5,"baum","BB1_191","191","191","Fraxinus excelsior",120,20,"3",830991.7638,5904412.481,"BB_1"
"179","IBF_BB1_Baeume_20211214","BB_1",5,"baum","BB1_192","192","192","Acer pseudoplatanus",140,38,"",830997.5028,5904400.272,"BB_1"
"180","IBF_BB1_Baeume_20211214","BB_1",5,"baum","BB1_193","193","193","Acer pseudoplatanus",140,40,"",830990.0915,5904395.921,"BB_1"
"181","IBF_BB1_Baeume_20211214","BB_1",5,"baum","BB1_194","194","194","Alnus glutinosa",211,43,"",830982.6214,5904397.885,"BB_1"
"182","IBF_BB1_Baeume_20211214","BB_1",5,"baum","BB1_195","195","195","Tilia cordata",152,46,"",830982.5979,5904397.451,"BB_1"
"183","IBF_BB1_Baeume_20211214","BB_1",5,"baum","BB1_196","196","196","Fagus sylvatica",100,32,"",830975.7401,5904404.441,"BB_1"
"184","IBF_BB1_Baeume_20211214","BB_1",5,"baum","BB1_198","198","198","Fraxinus excelsior",120,47.5,"2",830973.9116,5904415.189,"BB_1"
"185","IBF_BB1_Baeume_20211214","BB_1",5,"baum","BB1_199","199","199","Fraxinus excelsior",120,53,"1",830973.2647,5904410.332,"BB_1"
"186","IBF_BB1_Baeume_20211214","BB_1",5,"baum","BB1_200","200","200","Fraxinus excelsior",120,42.5,"1",830920.3582,5904443.342,"BB_1"
"187","IBF_BB1_Baeume_20211214","BB_1",5,"baum","BB1_201","201","201","Fraxinus excelsior",120,50.5,"1",830917.0208,5904444.559,"BB_1"
"188","IBF_BB1_Baeume_20211214","BB_1",5,"baum","BB1_202","202","202","Fraxinus excelsior",120,48,"2",830915.7116,5904443.514,"BB_1"
"189","IBF_BB1_Baeume_20211214","BB_1",5,"baum","BB1_203","203","203","Alnus glutinosa",211,47,"",830968.1619,5904402.909,"BB_1"
"190","IBF_BB1_Baeume_20211214","BB_1",5,"baum","BB1_204","204","204","Carpinus betulus",130,39,"",830987.8359,5904423.103,"BB_1"
"191","IBF_BB1_Baeume_20211214","BB_1",5,"baum","BB1_205","205","205","Alnus glutinosa",211,32,"",830992.9543,5904389.841,"BB_1"
"192","IBF_BB1_Baeume_20211214","BB_1",5,"baum","BB1_206","206","206","Alnus glutinosa",211,21,"",830983.2619,5904391.227,"BB_1"
"193","IBF_BB1_Baeume_20211214","BB_1",5,"baum","BB1_208","208","208","Fraxinus excelsior",120,40,"3",830921.7116,5904419.481,"BB_1"
"194","IBF_BB1_Baeume_20211214","BB_1",5,"baum","BB1_209","209","209","Fraxinus excelsior",120,41,"2",830929.6385,5904418.781,"BB_1"
"195","IBF_BB1_Baeume_20211214","BB_1",5,"baum","BB1_210","210","210","Fraxinus excelsior",120,52.5,"1",830930.7851,5904416.496,"BB_1"
"196","IBF_BB1_Baeume_20211214","BB_1",5,"baum","BB1_211","211","211","Fraxinus excelsior",120,40,"2",830933.9602,5904414.351,"BB_1"
"197","IBF_BB1_Baeume_20211214","BB_1",5,"baum","BB1_212","212","212","Alnus glutinosa",211,35,"",830984.6528,5904388.902,"BB_1"
"198","IBF_BB1_Baeume_20211214","BB_1",5,"baum","BB1_213","213","213","Alnus glutinosa",211,21,"",830984.1301,5904384.487,"BB_1"
"199","IBF_BB1_Baeume_20211214","BB_1",5,"baum","BB1_214","214","214","Alnus glutinosa",211,29,"",830982.8106,5904383.573,"BB_1"
"200","IBF_BB1_Baeume_20211214","BB_1",5,"baum","BB1_215","215","215","Alnus glutinosa",211,36,"",830979.0762,5904385.318,"BB_1"
"201","IBF_BB1_Baeume_20211214","BB_1",5,"baum","BB1_216","216","216","Fraxinus excelsior",120,40,"2",830925.2926,5904410.357,"BB_1"
"202","IBF_BB1_Baeume_20211214","BB_1",5,"baum","BB1_217","217","217","Fraxinus excelsior",120,39,"2",830920.9255,5904414.02,"BB_1"
"203","IBF_BB1_Baeume_20211214","BB_1",5,"baum","BB1_218","218","218","Alnus glutinosa",211,24,"",830978.4428,5904384.964,"BB_1"
"204","IBF_BB1_Baeume_20211214","BB_1",5,"baum","BB1_219","219","219","Alnus glutinosa",211,35,"",830979.8399,5904384.839,"BB_1"
"205","IBF_BB1_Baeume_20211214","BB_1",5,"baum","BB1_220","220","220","Alnus glutinosa",211,41,"",830974.6344,5904389.506,"BB_1"
"206","IBF_BB1_Baeume_20211214","BB_1",5,"baum","BB1_221","221","221","Fraxinus excelsior",120,52,"1",830917.576,5904408.683,"BB_1"
"207","IBF_BB1_Baeume_20211214","BB_1",5,"baum","BB1_222","222","222","Fraxinus excelsior",120,25,"4",830916.9624,5904402.834,"BB_1"
"208","IBF_BB1_Baeume_20211214","BB_1",5,"baum","BB1_223","223","223","Fraxinus excelsior",120,35,"2",830920.0142,5904401.432,"BB_1"
"209","IBF_BB1_Baeume_20211214","BB_1",5,"baum","BB1_224","224","224","Fraxinus excelsior",120,31,"3",830921.4768,5904395.154,"BB_1"
"210","IBF_BB1_Baeume_20211214","BB_1",5,"baum","BB1_225","225","225","Alnus glutinosa",211,37,"",830972.1674,5904390.164,"BB_1"
"211","IBF_BB1_Baeume_20211214","BB_1",5,"baum","BB1_226","226","226","Fraxinus excelsior",120,48,"3",830932.9399,5904383.106,"BB_1"
"212","IBF_BB1_Baeume_20211214","BB_1",5,"baum","BB1_227","227","227","Fraxinus excelsior",120,59,"1",830925.0031,5904378.912,"BB_1"
"213","IBF_BB1_Baeume_20211214","BB_1",5,"baum","BB1_228","228","228","Fraxinus excelsior",120,54.5,"2",830924.1556,5904387.432,"BB_1"
"214","IBF_BB1_Baeume_20211214","BB_1",5,"baum","BB1_229","229","229","Fraxinus excelsior",120,48,"2",830912.3042,5904403.617,"BB_1"
"215","IBF_BB1_Baeume_20211214","BB_1",5,"baum","BB1_230","230","230","Alnus glutinosa",211,36,"",830971.6199,5904389.625,"BB_1"
"216","IBF_BB1_Baeume_20211214","BB_1",5,"baum","BB1_231","231","231","Alnus glutinosa",211,23,"",830971.9962,5904387.306,"BB_1"
"217","IBF_BB1_Baeume_20211214","BB_1",5,"baum","BB1_232","232","232","Alnus glutinosa",211,40,"",830972.6605,5904387.05,"BB_1"
"218","IBF_BB1_Baeume_20211214","BB_1",5,"baum","BB1_233","233","233","Alnus glutinosa",211,37,"",830973.1181,5904386.033,"BB_1"
"219","IBF_BB1_Baeume_20211214","BB_1",5,"baum","BB1_234","234","234","Fraxinus excelsior",120,49,"2",830913.159,5904397.64,"BB_1"
"220","IBF_BB1_Baeume_20211214","BB_1",5,"baum","BB1_235","235","235","Fraxinus excelsior",120,41,"2",830913.3428,5904387.568,"BB_1"
"221","IBF_BB1_Baeume_20211214","BB_1",5,"baum","BB1_236","236","236","Fraxinus excelsior",120,42,"2",830914.6364,5904385.928,"BB_1"
"222","IBF_BB1_Baeume_20211214","BB_1",5,"baum","BB1_237","237","237","Alnus glutinosa",211,37,"",830971.0049,5904381.284,"BB_1"
"223","IBF_BB1_Baeume_20211214","BB_1",5,"baum","BB1_238","238","238","Fraxinus excelsior",120,48,"2",830914.4231,5904380.815,"BB_1"
"224","IBF_BB1_Baeume_20211214","BB_1",5,"baum","BB1_239","239","239","Fraxinus excelsior",120,85,"1",830913.1238,5904375.713,"BB_1"
"225","IBF_BB1_Baeume_20211214","BB_1",5,"baum","BB1_240","240","240","Alnus glutinosa",211,37,"",830971.9625,5904378.861,"BB_1"
"226","IBF_BB1_Baeume_20211214","BB_1",5,"baum","BB1_241","241","241","Alnus glutinosa",211,39,"",830967.2936,5904384.91,"BB_1"
"227","IBF_BB1_Baeume_20211214","BB_1",5,"baum","BB1_242","242","242","Alnus glutinosa",211,36,"",830965.3333,5904384.443,"BB_1"
"228","IBF_BB1_Baeume_20211214","BB_1",5,"baum","BB1_243","243","243","Alnus glutinosa",211,36,"",830964.4925,5904383.81,"BB_1"
"229","IBF_BB1_Baeume_20211214","BB_1",5,"baum","BB1_244","244","244","Alnus glutinosa",211,26,"",830967.2504,5904382.083,"BB_1"
"230","IBF_BB1_Baeume_20211214","BB_1",5,"baum","BB1_245","245","245","Alnus glutinosa",211,20,"",830966.4232,5904379.853,"BB_1"
"231","IBF_BB1_Baeume_20211214","BB_1",5,"baum","BB1_246","246","246","Alnus glutinosa",211,36,"",830965.3319,5904376.336,"BB_1"
"232","IBF_BB1_Baeume_20211214","BB_1",5,"baum","BB1_247","247","247","Alnus glutinosa",211,38,"",830965.4422,5904375.741,"BB_1"
"233","IBF_BB1_Baeume_20211214","BB_1",5,"baum","BB1_248","248","248","Alnus glutinosa",211,33,"",830965.8797,5904376.281,"BB_1"
"234","IBF_BB1_Baeume_20211214","BB_1",5,"baum","BB1_249","249","249","Alnus glutinosa",211,34,"",830966.6973,5904375.033,"BB_1"
"235","IBF_BB1_Baeume_20211214","BB_1",5,"baum","BB1_250","250","250","Alnus glutinosa",211,47,"",830962.7525,5904387.533,"BB_1"
"236","IBF_BB1_Baeume_20211214","BB_1",5,"baum","BB1_251","251","251","Alnus glutinosa",211,38,"",830961.7824,5904386.647,"BB_1"
"237","IBF_BB1_Baeume_20211214","BB_1",5,"baum","BB1_252","252","252","Alnus glutinosa",211,19,"",830961.3609,5904384.371,"BB_1"
"238","IBF_BB1_Baeume_20211214","BB_1",5,"baum","BB1_253","253","253","Alnus glutinosa",211,33,"",830962.509,5904380.991,"BB_1"
"239","IBF_BB1_Baeume_20211214","BB_1",5,"baum","BB1_254","254","254","Alnus glutinosa",211,31,"",830958.0973,5904383.624,"BB_1"
"240","IBF_BB1_Baeume_20211214","BB_1",5,"baum","BB1_255","255","255","Alnus glutinosa",211,41,"",830957.2618,5904383.283,"BB_1"
"241","IBF_BB1_Baeume_20211214","BB_1",5,"baum","BB1_256","256","256","Alnus glutinosa",211,54,"",830954.9215,5904382.675,"BB_1"
"242","IBF_BB1_Baeume_20211214","BB_1",5,"baum","BB1_257","257","257","Alnus glutinosa",211,53,"",830952.1534,5904385.004,"BB_1"
"243","IBF_BB1_Baeume_20211214","BB_1",5,"baum","BB1_258","258","258","Alnus glutinosa",211,31,"",830956.3029,5904377.123,"BB_1"
"244","IBF_BB1_Baeume_20211214","BB_1",5,"baum","BB1_259","259","259","Alnus glutinosa",211,49,"",830956.2536,5904375.32,"BB_1"
"245","IBF_BB1_Baeume_20211214","BB_1",5,"baum","BB1_260","260","260","Alnus glutinosa",211,35,"",830960.3799,5904374.171,"BB_1"
"246","IBF_BB1_Baeume_20211214","BB_1",5,"baum","BB1_261","261","261","Alnus glutinosa",211,32,"",830960.8268,5904374.71,"BB_1"
"247","IBF_BB1_Baeume_20211214","BB_1",5,"baum","BB1_262","262","262","Alnus glutinosa",211,48,"",830948.967,5904375.461,"BB_1"
"248","IBF_BB1_Baeume_20211214","BB_1",5,"baum","BB1_263","263","263","Alnus glutinosa",211,37,"",830943.1824,5904376.14,"BB_1"
"249","IBF_BB1_Baeume_20211214","BB_1",5,"baum","BB1_264","264","264","Alnus glutinosa",211,34,"",830942.207,5904376.028,"BB_1"
"250","IBF_BB1_Baeume_20211214","BB_1",5,"baum","BB1_265","265","265","Alnus glutinosa",211,47,"",830939.6783,5904376.821,"BB_1"
"251","IBF_BB1_Baeume_20211214","BB_1",5,"baum","BB1_266","266","266","Alnus glutinosa",211,40,"",830936.7805,5904375.2,"BB_1"
"252","IBF_BB1_Baeume_20211214","BB_1",5,"baum","BB1_267","267","267","Alnus glutinosa",211,62,"",830944.5378,5904387.267,"BB_1"
"253","IBF_BB1_Baeume_20211214","BB_1",5,"baum","BB1_268","268","268","Alnus glutinosa",211,41,"",830943.6913,5904382.755,"BB_1"
"254","IBF_BB1_Baeume_20211214","BB_1",5,"baum","BB1_269","269","269","Alnus glutinosa",211,37,"",830947.513,5904383.307,"BB_1"
"255","IBF_BB1_Baeume_20211214","BB_1",5,"baum","BB1_270","270","270","Alnus glutinosa",211,46,"",830952.5242,5904391.345,"BB_1"
"256","IBF_BB1_Baeume_20211214","BB_1",5,"baum","BB1_271","271","271","Alnus glutinosa",211,45,"",830954.7581,5904393.583,"BB_1"
"257","IBF_BB1_Baeume_20211214","BB_1",5,"baum","BB1_272","272","272","Ulmus spec.",170,24,"",830956.3056,5904398.838,"BB_1"
"258","IBF_BB1_Baeume_20211214","BB_1",5,"baum","BB1_273","273","273","Alnus glutinosa",211,45,"",830951.8311,5904396.723,"BB_1"
"259","IBF_BB1_Baeume_20211214","BB_1",5,"baum","BB1_274","274","274","Alnus glutinosa",211,43,"",830949.0802,5904395.024,"BB_1"
"260","IBF_BB1_Baeume_20211214","BB_1",5,"baum","BB1_275","275","275","Alnus glutinosa",211,39,"",830944.7078,5904399.46,"BB_1"
"261","IBF_BB1_Baeume_20211214","BB_1",5,"baum","BB1_276","276","276","Alnus glutinosa",211,47,"",830947.8256,5904404.685,"BB_1"
"262","IBF_BB1_Baeume_20211214","BB_1",5,"baum","BB1_277","277","277","Alnus glutinosa",211,43,"",830951.4908,5904402.08,"BB_1"
"263","IBF_BB1_Baeume_20211214","BB_1",5,"baum","BB1_278","278","278","Alnus glutinosa",211,63,"",830953.92,5904402.827,"BB_1"
"264","IBF_BB1_Baeume_20211214","BB_1",5,"baum","BB1_279","279","279","Alnus glutinosa",211,52,"",830956.1022,5904403.643,"BB_1"
"265","IBF_BB1_Baeume_20211214","BB_1",5,"baum","BB1_280","280","280","Alnus glutinosa",211,54,"",830949.2828,5904408.506,"BB_1"
"266","IBF_BB1_Baeume_20211214","BB_1",5,"baum","BB1_281","281","281","Alnus glutinosa",211,45,"",830950.9023,5904410.511,"BB_1"
"267","IBF_BB1_Baeume_20211214","BB_1",5,"baum","BB1_282","282","282","Alnus glutinosa",211,42,"",830954.3346,5904411.523,"BB_1"
"268","IBF_BB1_Baeume_20211214","BB_1",5,"baum","BB1_283","283","283","Alnus glutinosa",211,52,"",830949.9079,5904415.291,"BB_1"
"269","IBF_BB1_Baeume_20211214","BB_1",5,"baum","BB1_284","284","284","Alnus glutinosa",211,49,"",830945.7753,5904415.798,"BB_1"
"270","IBF_BB1_Baeume_20211214","BB_1",5,"baum","BB1_285","285","285","Alnus glutinosa",211,40,"",830944.9129,5904417.574,"BB_1"
"271","IBF_BB1_Baeume_20211214","BB_1",5,"baum","BB1_286","286","286","Alnus glutinosa",211,46,"",830939.79,5904420.298,"BB_1"
"272","IBF_BB1_Baeume_20211214","BB_1",5,"baum","BB1_287","287","287","Alnus glutinosa",211,51,"",830940.6122,5904424.387,"BB_1"
"273","IBF_BB1_Baeume_20211214","BB_1",5,"baum","BB1_297","297","237","Fraxinus excelsior",120,28,"4",830912.8946,5904382.978,"BB_1"
"274","IBF_BB1_Baeume_20211214","BB_1",5,"baum","BB1_1070","1070","70","Fagus sylvatica",100,35,"",830991.8737,5904461.957,"BB_1"
"275","IBF_BB1_Baeume_20211214","BB_1",5,"baum","BB1_1087","1087","87","Betula pendula",200,51,"",830991.2475,5904453.625,"BB_1"
"276","IBF_BB1_Baeume_20211214","BB_1",5,"baum","BB1_1091","1091","91","Fagus sylvatica",100,35,"",830995.1453,5904440.016,"BB_1"
"277","IBF_BB1_Baeume_20211214","BB_1",5,"baum","BB1_1092","1092","92","Fagus sylvatica",100,29,"",830994.5928,5904438.824,"BB_1"
"278","IBF_BB1_Baeume_20211214","BB_1",5,"baum","BB1_1102","1102","102","Tilia platyphyllus",151,46,"",830974.5181,5904429.479,"BB_1"
"279","IBF_BB1_Baeume_20211214","BB_1",5,"baum","BB1_1104","1104","104","Fraxinus excelsior",120,31.5,"1",830971.1262,5904475.315,"BB_1"
"280","IBF_BB1_Baeume_20211214","BB_1",5,"baum","BB1_1105","1105","105","Fagus sylvatica",100,27,"",830999.2233,5904418.051,"BB_1"
"281","IBF_BB1_Baeume_20211214","BB_1",5,"baum","BB1_1106","1106","106","Quercus robur",110,85,"",831000.7484,5904402.786,"BB_1"
"282","IBF_BB1_Baeume_20211214","BB_1",5,"baum","BB1_1107","1107","107","Tilia cordata",152,36,"",830992.5623,5904418.758,"BB_1"
"283","IBF_BB1_Baeume_20211214","BB_1",5,"baum","BB1_1108","1108","108","Ulmus spec.",170,17,"",830988.2605,5904409.332,"BB_1"
"284","IBF_BB1_Baeume_20211214","BB_1",5,"baum","BB1_1109","1109","109","Quercus robur",110,76,"",830979.0691,5904404.158,"BB_1"
"285","IBF_BB1_Baeume_20211214","BB_1",5,"baum","BB1_1115","1115","115","Fraxinus excelsior",120,30,"3",830989.4144,5904466.584,"BB_1"
"286","IBF_BB1_Baeume_20211214","BB_1",5,"baum","BB1_1117","1117","117","Fraxinus excelsior",120,34,"3",830983.4073,5904466.681,"BB_1"
"287","IBF_BB1_Baeume_20211214","BB_1",5,"baum","BB1_1121","1121","121","Fraxinus excelsior",120,41,"1",830967.4463,5904465.781,"BB_1"
"288","IBF_BB1_Baeume_20211214","BB_1",5,"baum","BB1_1123","1123","123","Fraxinus excelsior",120,39.5,"1",830951.8371,5904475.391,"BB_1"
"289","IBF_BB1_Baeume_20211214","BB_1",5,"baum","BB1_1124","1124","124","Fagus sylvatica",100,25,"",830913.9863,5904378.961,"BB_1"
"290","IBF_BB1_Baeume_20211214","BB_1",5,"baum","BB1_1144","1144","144","Fraxinus excelsior",120,22,"3",830999.7043,5904450.556,"BB_1"
"291","IBF_BB1_Baeume_20211214","BB_1",5,"baum","BB1_1145","1145","145","Fraxinus excelsior",120,32,"2",831008.2643,5904460.613,"BB_1"
"292","IBF_BB1_Baeume_20211214","BB_1",5,"baum","BB1_1146","1146","146","Fraxinus excelsior",120,42,"2",831013.247,5904450.119,"BB_1"
"293","IBF_BB1_Baeume_20211214","BB_1",5,"baum","BB1_1178","1178","178","Fraxinus excelsior",120,36.5,"2",830975.761,5904423.545,"BB_1"
"294","IBF_BB1_Baeume_20211214","BB_1",5,"baum","BB1_1179","1179","179","Fraxinus excelsior",120,33,"2",830981.9329,5904425.189,"BB_1"
"295","IBF_BB1_Baeume_20211214","BB_1",5,"baum","BB1_1180","1180","180","Fraxinus excelsior",120,37.5,"2",830978.5257,5904418.984,"BB_1"
"296","IBF_BB1_Baeume_20211214","BB_1",5,"baum","BB1_1181","1181","181","Fraxinus excelsior",120,41,"1",830984.7302,5904419.174,"BB_1"
"297","IBF_BB1_Baeume_20211214","BB_1",5,"baum","BB1_1182","1182","182","Fraxinus excelsior",120,39,"2",830989.1527,5904424.289,"BB_1"
"298","IBF_BB1_Baeume_20211214","BB_1",5,"baum","BB1_1187","1187","187","Fraxinus excelsior",120,58.5,"2",831010.7286,5904420.444,"BB_1"
"299","IBF_BB1_Baeume_20211214","BB_1",5,"baum","BB1_1192","1192","192","Fraxinus excelsior",120,37.5,"2",830989.1677,5904411.569,"BB_1"
"300","IBF_BB1_Baeume_20211214","BB_1",5,"baum","BB1_1193","1193","193","Fraxinus excelsior",120,31,"2",830984.7796,5904408.788,"BB_1"
"301","IBF_BB1_Baeume_20211214","BB_1",5,"baum","BB1_1194","1194","194","Fraxinus excelsior",120,37,"2",830986.3845,5904415.033,"BB_1"
"302","IBF_BB1_Baeume_20211214","BB_1",5,"baum","BB1_1195","1195","195","Fraxinus excelsior",120,27.5,"3",830982.8732,5904414.125,"BB_1"
"303","IBF_BB1_Baeume_20211214","BB_1",5,"baum","BB1_1196","1196","196","Fraxinus excelsior",120,32.5,"2",830978.2282,5904411.413,"BB_1"
"304","IBF_BB1_Baeume_20211214","BB_1",5,"baum","BB1_1197","1197","197","Fraxinus excelsior",120,33.5,"2",830976.1469,5904414.061,"BB_1"
"305","IBF_BB1_Baeume_20211214","BB_1",5,"baum","BB1_1212","1212","212","Fraxinus excelsior",120,43.5,"2",830941.3649,5904405.278,"BB_1"
"306","IBF_BB1_Baeume_20211214","BB_1",5,"baum","BB1_1213","1213","213","Fraxinus excelsior",120,59,"1",830940.1713,5904397.842,"BB_1"
"307","IBF_BB1_Baeume_20211214","BB_1",5,"baum","BB1_1214","1214","214","Fraxinus excelsior",120,23,"4",830938.4759,5904400.082,"BB_1"
"308","IBF_BB1_Baeume_20211214","BB_1",5,"baum","BB1_1225","1225","225","Fraxinus excelsior",120,52.5,"2",830935.8107,5904388.402,"BB_1"
"309","IBF_BB1_Baeume_20211214","BB_1",5,"baum","BB1_2013","2013","13","Fraxinus excelsior",120,46.5,"2",830900.5074,5904479.735,"KEINE"
"310","IBF_BB1_Baeume_20211214","BB_1",5,"baum","BB1_2014","2014","14","Fraxinus excelsior",120,41,"2",830898.9111,5904483.66,"KEINE"
"311","IBF_BB1_Baeume_20211214","BB_1",5,"baum","BB1_2015","2015","15","Fraxinus excelsior",120,41,"2",830897.8302,5904478.707,"KEINE"
"312","IBF_BB1_Baeume_20211214","BB_1",5,"baum","BB1_2018","2018","18","Fraxinus excelsior",120,61,"1",830894.5226,5904470.369,"KEINE"
"313","IBF_BB1_Baeume_20211214","BB_1",5,"baum","BB1_2019","2019","19","Fraxinus excelsior",120,67,"3",830893.5792,5904466.721,"KEINE"
"314","IBF_BB1_Baeume_20211214","BB_1",5,"baum","BB1_2107","2107","107","Fraxinus excelsior",120,30,"3",830983.0769,5904475.867,"BB_1"
"315","IBF_BB1_Baeume_20211214","BB_1",5,"baum","BB1_2116","2116","116","Alnus glutinosa",211,54,"",830965.4594,5904405.646,"BB_1"
"316","IBF_BB1_Baeume_20211214","BB_1",5,"baum","BB1_2133","2133","133","Fraxinus excelsior",120,42,"2",830953.3832,5904451.103,"BB_1"
"317","IBF_BB1_Baeume_20211214","BB_1",5,"baum","BB1_2171","2171","171","Fraxinus excelsior",120,54.5,"1",830962.9863,5904437.529,"BB_1"
"318","IBF_BB1_Baeume_20211214","BB_1",5,"baum","BB1_2215","2215","215","Fraxinus excelsior",120,43,"2",830932.8809,5904399.942,"BB_1"
