"","ID_plot","Plotnummer","Flaeche","Rand","Zaun","Rueckegasse","keine.baeume","Flaeche.bedeckt","x","y","n_trees","n_species","n_ash","height_mean","height_median","height_max","height_min","n_ets_new","n_ets_old","n_ets_total"
"1","74Sch",74,"Schotten",FALSE,FALSE,FALSE,FALSE,FALSE,509029.51122185,5592018.74879335,95,5,11,191.5,147,1237,5,0,0,0
"96","75Sch",75,"Schotten",FALSE,FALSE,FALSE,TRUE,FALSE,509019.840480818,5592020.53282458,0,0,0,NA,NA,NA,NA,0,0,0
"97","76Sch",76,"Schotten",FALSE,FALSE,FALSE,FALSE,FALSE,509018.074289897,5592010.7643993,8,2,1,676.1,447.5,1790,110,0,0,0
"105","77Sch",77,"Schotten",FALSE,FALSE,FALSE,FALSE,FALSE,509016.308098976,5592000.99597401,11,4,1,206,215,433,48,0,0,0
"116","78Sch",78,"Schotten",FALSE,FALSE,FALSE,FALSE,TRUE,509014.541908054,5591991.22754873,4,4,1,864.8,660,1708,431,0,0,0
"120","79Sch",79,"Schotten",FALSE,FALSE,FALSE,FALSE,FALSE,508999.572594258,5591963.7063041,23,5,8,151.2,134,445,56,4,1,4
"143","80Sch",80,"Schotten",FALSE,FALSE,FALSE,FALSE,FALSE,509001.338785179,5591973.47472939,42,5,12,156.5,143.5,398,50,1,0,1
"185","81Sch",81,"Schotten",FALSE,FALSE,FALSE,FALSE,FALSE,509003.1049761,5591983.24315467,8,4,3,227.8,131.5,775,30,0,0,0
"193","82Sch",82,"Schotten",FALSE,FALSE,FALSE,FALSE,FALSE,509004.871167022,5591993.01157996,1,1,0,4340,4340,4340,4340,0,0,0
"194","83Sch",83,"Schotten",FALSE,FALSE,FALSE,FALSE,FALSE,509006.637357943,5592002.78000525,1,1,0,5200,5200,5200,5200,0,0,0
"195","84Sch",84,"Schotten",FALSE,FALSE,FALSE,FALSE,FALSE,509008.403548864,5592012.54843053,3,2,0,155.3,170,196,100,0,0,0
"198","85Sch",85,"Schotten",FALSE,FALSE,FALSE,FALSE,FALSE,509010.169739785,5592022.31685582,11,3,0,582.1,368,1650,60,0,0,0
"209","86Sch",86,"Schotten",FALSE,FALSE,FALSE,FALSE,TRUE,509011.935930706,5592032.0852811,1,1,0,454,454,454,454,0,0,0
"210","87Sch",87,"Schotten",FALSE,FALSE,FALSE,FALSE,FALSE,509002.265189674,5592033.86931234,25,4,2,119.9,74,790,43,0,0,0
"235","88Sch",88,"Schotten",FALSE,FALSE,FALSE,FALSE,FALSE,509000.498998753,5592024.10088705,80,4,2,194.7,130,1205,19,0,0,0
"315","89Sch",89,"Schotten",FALSE,FALSE,FALSE,TRUE,FALSE,508998.732807831,5592014.33246177,0,0,0,NA,NA,NA,NA,0,0,0
"316","90Sch",90,"Schotten",FALSE,FALSE,FALSE,FALSE,FALSE,508996.96661691,5592004.56403648,16,5,1,170.6,114,911,53,0,0,0
"332","91Sch",91,"Schotten",FALSE,FALSE,FALSE,FALSE,FALSE,508995.200425989,5591994.79561119,11,5,4,836.6,407,2323,107,1,1,2
"343","92Sch",92,"Schotten",FALSE,FALSE,FALSE,FALSE,FALSE,508993.434235068,5591985.02718591,12,4,6,129.2,120.5,245,75,0,2,2
"355","93Sch",93,"Schotten",FALSE,FALSE,FALSE,TRUE,FALSE,508991.668044147,5591975.25876062,0,0,0,NA,NA,NA,NA,0,0,0
"356","94Sch",94,"Schotten",TRUE,FALSE,FALSE,TRUE,FALSE,508981.997303114,5591977.04279186,0,0,0,NA,NA,NA,NA,0,0,0
"357","95Sch",95,"Schotten",FALSE,FALSE,FALSE,FALSE,FALSE,508983.763494035,5591986.81121714,80,5,31,129.1,111.5,404,35,3,0,3
"437","96Sch",96,"Schotten",FALSE,FALSE,FALSE,FALSE,FALSE,508985.529684956,5591996.57964243,71,6,22,179,136,733,65,1,0,1
"508","97Sch",97,"Schotten",FALSE,FALSE,FALSE,FALSE,FALSE,508987.295875878,5592006.34806771,13,3,2,141.8,150,220,80,0,0,0
"521","98Sch",98,"Schotten",FALSE,FALSE,FALSE,FALSE,FALSE,508989.062066799,5592016.116493,5,4,1,989.2,529,2314,145,1,1,1
"526","99Sch",99,"Schotten",FALSE,FALSE,FALSE,FALSE,FALSE,508990.82825772,5592025.88491828,21,3,1,187.5,121,1072,41,1,0,1
"547","52Sch",52,"Schotten",FALSE,FALSE,FALSE,FALSE,FALSE,509038.255558389,5591956.57017917,9,3,2,3231.9,2685,6782,207,0,0,0
"556","53Sch",53,"Schotten",FALSE,FALSE,FALSE,FALSE,FALSE,509040.02174931,5591966.33860445,9,4,3,754.8,286,3717,164,0,0,0
"565","54Sch",54,"Schotten",FALSE,FALSE,FALSE,FALSE,FALSE,509041.787940231,5591976.10702974,20,4,5,774,357,5080,122,1,1,1
"585","63Sch",63,"Schotten",FALSE,FALSE,FALSE,FALSE,FALSE,509032.117199198,5591977.89106097,13,4,4,1459.1,1112,4152,349,1,1,2
"598","70Sch",70,"Schotten",FALSE,FALSE,FALSE,FALSE,FALSE,509022.446458166,5591979.67509221,3,2,1,1261,182,3446,155,0,0,0
"601","69Sch",69,"Schotten",FALSE,FALSE,FALSE,FALSE,FALSE,509020.680267244,5591969.90666692,8,3,2,1036.6,210,3880,128,0,0,0
"609","107Sch",107,"Schotten",TRUE,FALSE,FALSE,TRUE,FALSE,508972.326562081,5591978.82682309,0,0,0,NA,NA,NA,NA,0,0,0
"610","106Sch",106,"Schotten",FALSE,FALSE,FALSE,FALSE,FALSE,508974.092753003,5591988.59524838,75,5,50,161.4,129,904,59,5,0,5
"685","105Sch",105,"Schotten",FALSE,FALSE,FALSE,FALSE,FALSE,508975.858943924,5591998.36367366,36,5,12,126,109,795,44,3,1,4
"721","104Sch",104,"Schotten",FALSE,FALSE,FALSE,FALSE,FALSE,508977.625134845,5592008.13209895,67,4,19,132.7,118,466,45,5,1,6
"788","103Sch",103,"Schotten",TRUE,FALSE,FALSE,TRUE,FALSE,508979.391325766,5592017.90052423,0,0,0,NA,NA,NA,NA,0,0,0
"789","102Sch",102,"Schotten",TRUE,FALSE,FALSE,TRUE,FALSE,508981.157516687,5592027.66894952,0,0,0,NA,NA,NA,NA,0,0,0
"790","101Sch",101,"Schotten",TRUE,FALSE,FALSE,TRUE,FALSE,508982.923707609,5592037.4373748,0,0,0,NA,NA,NA,NA,0,0,0
"791","100Sch",100,"Schotten",TRUE,FALSE,FALSE,TRUE,FALSE,508992.594448641,5592035.65334357,0,0,0,NA,NA,NA,NA,0,0,0
"792","55Sch",55,"Schotten",FALSE,FALSE,FALSE,FALSE,FALSE,509043.554131152,5591985.87545503,60,5,11,411.2,248,2440,62,1,0,1
"852","56Sch",56,"Schotten",FALSE,FALSE,FALSE,FALSE,FALSE,509045.320322073,5591995.64388031,10,3,3,208.7,169.5,562,89,1,1,1
"862","57Sch",57,"Schotten",FALSE,FALSE,FALSE,FALSE,FALSE,509047.086512995,5592005.4123056,1,1,1,245,245,245,245,1,0,1
"863","58Sch",58,"Schotten",FALSE,TRUE,FALSE,TRUE,FALSE,509048.852703916,5592015.18073088,0,0,0,NA,NA,NA,NA,0,0,0
"864","60Sch",60,"Schotten",FALSE,FALSE,FALSE,FALSE,FALSE,509037.415771962,5592007.19633683,22,5,12,276.2,188,1407,95,3,0,3
"886","61Sch",61,"Schotten",FALSE,FALSE,FALSE,FALSE,FALSE,509035.649581041,5591997.42791155,41,4,2,313,221,1664,99,0,0,0
"927","62Sch",62,"Schotten",FALSE,FALSE,FALSE,FALSE,FALSE,509033.88339012,5591987.65948626,18,6,10,343.1,333,743,101,0,0,0
"945","64Sch",64,"Schotten",FALSE,FALSE,FALSE,FALSE,FALSE,509030.351008277,5591968.12263569,35,4,8,376.1,327,1044,176,2,1,3
"980","65Sch",65,"Schotten",FALSE,FALSE,FALSE,FALSE,FALSE,509028.584817356,5591958.3542104,59,5,20,375.3,190,2098,80,0,0,0
"1039","68Sch",68,"Schotten",FALSE,FALSE,FALSE,FALSE,FALSE,509018.914076323,5591960.13824164,44,3,0,199.2,184,523,44,0,0,0
"1083","71Sch",71,"Schotten",FALSE,FALSE,FALSE,FALSE,FALSE,509024.212649087,5591989.44351749,38,5,5,374.1,235,1570,85,2,0,2
"1121","72Sch",72,"Schotten",FALSE,FALSE,FALSE,FALSE,FALSE,509025.978840008,5591999.21194278,34,4,2,274.9,208,1200,56,0,0,0
"1155","73Sch",73,"Schotten",FALSE,FALSE,TRUE,FALSE,FALSE,509027.745030929,5592008.98036806,8,3,1,86.5,53,236,36,0,0,0
"1163","35Sch",35,"Schotten",FALSE,FALSE,FALSE,FALSE,FALSE,509072.56635425,5591980.52336133,34,4,2,294,218.5,1061,90,0,0,0
"1197","36Sch",36,"Schotten",FALSE,FALSE,FALSE,FALSE,FALSE,509070.800163329,5591970.75493604,59,5,1,405.9,310,2096,73,0,0,0
"1256","37Sch",37,"Schotten",FALSE,FALSE,FALSE,FALSE,FALSE,509069.033972408,5591960.98651075,25,3,0,1263.9,1053,4210,262,0,0,0
"1281","38Sch",38,"Schotten",FALSE,FALSE,FALSE,FALSE,FALSE,509067.267781486,5591951.21808547,20,4,1,286.1,195,1440,76,0,0,0
"1301","39Sch",39,"Schotten",TRUE,FALSE,FALSE,TRUE,FALSE,509065.501590565,5591941.44966018,0,0,0,NA,NA,NA,NA,0,0,0
"1302","40Sch",40,"Schotten",TRUE,FALSE,FALSE,TRUE,FALSE,509055.830849533,5591943.23369142,0,0,0,NA,NA,NA,NA,0,0,0
"1303","41Sch",41,"Schotten",FALSE,FALSE,FALSE,FALSE,FALSE,509064.661804139,5591992.07581784,14,4,1,294.1,144.5,1136,65,0,0,0
"1317","42Sch",42,"Schotten",FALSE,FALSE,FALSE,FALSE,FALSE,509066.42799506,5592001.84424313,5,2,0,539.6,406,943,100,0,0,0
"1322","43Sch",43,"Schotten",TRUE,FALSE,FALSE,TRUE,FALSE,509058.523444948,5592013.39669965,0,0,0,NA,NA,NA,NA,0,0,0
"1323","44Sch",44,"Schotten",FALSE,FALSE,FALSE,FALSE,FALSE,509056.757254027,5592003.62827436,2,2,1,590,590,880,300,0,0,0
"1325","45Sch",45,"Schotten",FALSE,FALSE,FALSE,FALSE,FALSE,509054.991063106,5591993.85984908,64,5,3,170.3,130,1030,38,0,0,0
"1389","46Sch",46,"Schotten",FALSE,FALSE,FALSE,FALSE,FALSE,509053.224872185,5591984.09142379,66,5,13,156.1,145,730,43,0,1,1
"1455","47Sch",47,"Schotten",FALSE,FALSE,FALSE,FALSE,FALSE,509051.458681263,5591974.32299851,30,3,19,174.4,149,670,71,0,1,1
"1485","48Sch",48,"Schotten",FALSE,FALSE,FALSE,FALSE,TRUE,509049.692490342,5591964.55457322,3,1,0,4056.7,4180,5500,2490,0,0,0
"1488","49Sch",49,"Schotten",FALSE,FALSE,FALSE,FALSE,FALSE,509047.926299421,5591954.78614794,1,1,1,215,215,215,215,0,0,0
"1489","17Sch",17,"Schotten",FALSE,FALSE,FALSE,FALSE,FALSE,509093.674027236,5591986.72372414,15,2,0,133.7,124,191,88,0,0,0
"1504","18Sch",18,"Schotten",FALSE,FALSE,FALSE,FALSE,FALSE,509091.907836315,5591976.95529886,9,4,0,1266.1,620,3130,368,0,0,0
"1513","19Sch",19,"Schotten",FALSE,FALSE,FALSE,FALSE,FALSE,509090.141645394,5591967.18687357,1,1,1,209,209,209,209,0,0,0
"1514","20Sch",20,"Schotten",FALSE,FALSE,FALSE,TRUE,FALSE,509088.375454473,5591957.41844829,0,0,0,NA,NA,NA,NA,0,0,0
"1515","21Sch",21,"Schotten",FALSE,FALSE,TRUE,FALSE,FALSE,509086.609263552,5591947.650023,21,6,2,651.2,605,1620,151,0,0,0
"1536","22Sch",22,"Schotten",FALSE,FALSE,FALSE,FALSE,FALSE,509084.84307263,5591937.88159772,3,1,0,1184,1340,1718,494,0,0,0
"1539","23Sch",23,"Schotten",FALSE,FALSE,FALSE,FALSE,FALSE,509075.172331598,5591939.66562895,3,2,0,67,54,101,46,0,0,0
"1542","24Sch",24,"Schotten",FALSE,FALSE,FALSE,FALSE,FALSE,509076.938522519,5591949.43405424,28,6,5,246.1,206.5,741,82,0,0,0
"1570","25Sch",25,"Schotten",FALSE,FALSE,FALSE,FALSE,FALSE,509078.70471344,5591959.20247952,55,5,10,368.4,270,1364,89,0,2,2
"1625","26Sch",26,"Schotten",FALSE,FALSE,TRUE,FALSE,FALSE,509080.470904361,5591968.97090481,99,5,14,206.8,137,1450,53,0,1,1
"1724","27Sch",27,"Schotten",FALSE,FALSE,TRUE,FALSE,FALSE,509082.237095283,5591978.73933009,8,3,0,289.5,155.5,704,96,0,0,0
"1732","28Sch",28,"Schotten",FALSE,FALSE,FALSE,FALSE,FALSE,509084.003286204,5591988.50775538,34,6,3,502.9,337.5,2280,94,0,0,0
"1766","29Sch",29,"Schotten",FALSE,FALSE,FALSE,FALSE,FALSE,509085.769477125,5591998.27618066,16,3,1,352.3,242,1728,95,0,0,0
"1782","30Sch",30,"Schotten",FALSE,FALSE,FALSE,TRUE,FALSE,509087.535668046,5592008.04460595,0,0,0,NA,NA,NA,NA,0,0,0
"1783","31Sch",31,"Schotten",FALSE,FALSE,FALSE,FALSE,FALSE,509089.301858967,5592017.81303123,24,3,4,503.8,325.5,1801,66,0,0,0
"1807","32Sch",32,"Schotten",FALSE,FALSE,TRUE,FALSE,FALSE,509091.068049889,5592027.58145652,8,4,2,356.5,216.5,1104,82,0,0,0
"1815","33Sch",33,"Schotten",FALSE,FALSE,FALSE,FALSE,FALSE,509092.83424081,5592037.3498818,7,1,0,1645.9,649,5330,177,0,0,0
"1822","34Sch",34,"Schotten",FALSE,FALSE,FALSE,FALSE,FALSE,509074.332545171,5591990.29178661,20,7,2,382.9,220.5,1910,95,0,0,0
"1842","1Sch",1,"Schotten",FALSE,FALSE,FALSE,TRUE,FALSE,509094.513813663,5591936.09756648,0,0,0,NA,NA,NA,NA,0,0,0
"1843","2Sch",2,"Schotten",FALSE,FALSE,FALSE,FALSE,FALSE,509096.280004584,5591945.86599177,1,1,1,140,140,140,140,0,0,0
"1844","3Sch",3,"Schotten",FALSE,FALSE,FALSE,TRUE,FALSE,509098.046195505,5591955.63441705,0,0,0,NA,NA,NA,NA,0,0,0
"1845","4Sch",4,"Schotten",FALSE,FALSE,FALSE,FALSE,FALSE,509099.812386427,5591965.40284234,10,3,3,500,93,4200,45,0,0,0
"1855","5Sch",5,"Schotten",FALSE,FALSE,FALSE,FALSE,FALSE,509101.578577348,5591975.17126762,6,4,1,473,492,542,355,0,0,0
"1861","6Sch",6,"Schotten",FALSE,FALSE,FALSE,FALSE,FALSE,509103.344768269,5591984.93969291,24,5,5,326.2,184.5,1920,77,0,0,0
"1885","7Sch",7,"Schotten",FALSE,FALSE,FALSE,FALSE,FALSE,509105.11095919,5591994.7081182,71,5,3,155.4,119,1430,48,0,0,0
"1956","8Sch",8,"Schotten",FALSE,FALSE,FALSE,FALSE,FALSE,509106.877150111,5592004.47654348,59,5,11,139.8,116,475,64,0,0,0
"2015","9Sch",9,"Schotten",FALSE,FALSE,FALSE,FALSE,FALSE,509108.643341033,5592014.24496877,3,2,0,3122.7,3280,4250,1838,0,0,0
"2018","10Sch",10,"Schotten",FALSE,FALSE,FALSE,FALSE,FALSE,509110.409531954,5592024.01339405,18,3,3,128.7,97,506,49,0,0,0
"2036","11Sch",11,"Schotten",FALSE,FALSE,FALSE,FALSE,FALSE,509112.175722875,5592033.78181934,8,1,0,1628.4,668,4880,254,0,0,0
"2044","12Sch",12,"Schotten",FALSE,FALSE,FALSE,FALSE,FALSE,509102.504981842,5592035.56585057,3,1,0,169.3,200,209,99,0,0,0
"2047","13Sch",13,"Schotten",FALSE,FALSE,FALSE,FALSE,FALSE,509100.738790921,5592025.79742529,8,4,1,96,63,294,43,0,0,0
"2056","14Sch",14,"Schotten",FALSE,FALSE,FALSE,FALSE,FALSE,509098.9726,5592016.029,3,1,0,1102.7,468,2520,320,0,0,0
"2059","15Sch",15,"Schotten",FALSE,FALSE,FALSE,FALSE,FALSE,509097.206409079,5592006.26057471,1,1,0,545,545,545,545,0,0,0
"2060","16Sch",16,"Schotten",FALSE,FALSE,FALSE,FALSE,FALSE,509095.440218158,5591996.49214943,14,4,0,584.6,221,3270,59,0,0,0
"2074","50Sch",50,"Schotten",TRUE,FALSE,FALSE,TRUE,FALSE,509046.1601085,5591945.01772265,0,0,0,NA,NA,NA,NA,0,0,0
"2075","51Sch",51,"Schotten",TRUE,FALSE,FALSE,TRUE,FALSE,509036.489367467,5591946.80175388,0,0,0,NA,NA,NA,NA,0,0,0
"2076","59Sch",59,"Schotten",FALSE,TRUE,FALSE,TRUE,FALSE,509039.181962883,5592016.96476212,0,0,0,NA,NA,NA,NA,0,0,0
"2077","66Sch",66,"Schotten",TRUE,FALSE,FALSE,TRUE,FALSE,509026.818626435,5591948.58578512,0,0,0,NA,NA,NA,NA,0,0,0
"2078","67Sch",67,"Schotten",TRUE,FALSE,FALSE,TRUE,FALSE,509017.147885402,5591950.36981635,0,0,0,NA,NA,NA,NA,0,0,0
"2079","1Mol",1,"Mollenfelde",FALSE,FALSE,FALSE,FALSE,FALSE,4.69121008619493,85.1459531507008,4,1,0,312,180.5,747,140,0,0,0
"2083","2Mol",2,"Mollenfelde",FALSE,FALSE,FALSE,TRUE,FALSE,8.18699236267761,75.764039791476,0,0,0,NA,NA,NA,NA,0,0,0
"2084","3Mol",3,"Mollenfelde",FALSE,FALSE,FALSE,TRUE,FALSE,11.6827746391603,66.3821264322512,0,0,0,NA,NA,NA,NA,0,0,0
"2085","4Mol",4,"Mollenfelde",FALSE,FALSE,FALSE,TRUE,FALSE,15.178556915643,57.0002130730263,0,0,0,NA,NA,NA,NA,0,0,0
"2086","5Mol",5,"Mollenfelde",TRUE,FALSE,FALSE,TRUE,FALSE,18.6743391921256,47.6182997138015,0,0,0,NA,NA,NA,NA,0,0,0
"2087","6Mol",6,"Mollenfelde",TRUE,FALSE,FALSE,TRUE,FALSE,31.6458539614254,41.6975569253516,0,0,0,NA,NA,NA,NA,0,0,0
"2088","7Mol",7,"Mollenfelde",FALSE,FALSE,FALSE,FALSE,FALSE,28.1500716849427,51.0794702845764,5,2,4,152.6,141,194,133,0,0,0
"2093","8Mol",8,"Mollenfelde",FALSE,FALSE,FALSE,FALSE,FALSE,24.6542894084601,60.4613836438012,9,4,6,77.9,62,176,36,0,0,0
"2102","9Mol",9,"Mollenfelde",FALSE,FALSE,FALSE,FALSE,FALSE,21.1585071319774,69.8432970030261,2,1,0,1237.5,1237.5,1690,785,0,0,0
"2104","10Mol",10,"Mollenfelde",FALSE,FALSE,FALSE,FALSE,FALSE,17.6627248554947,79.2252103622509,22,3,3,837.9,325,8630,68,0,0,0
"2126","11Mol",11,"Mollenfelde",TRUE,FALSE,FALSE,TRUE,FALSE,14.166942579012,88.6071237214758,0,0,0,NA,NA,NA,NA,0,0,0
"2127","12Mol",12,"Mollenfelde",TRUE,FALSE,FALSE,TRUE,FALSE,23.6426750718291,92.0682942922507,0,0,0,NA,NA,NA,NA,0,0,0
"2128","13Mol",13,"Mollenfelde",FALSE,FALSE,TRUE,FALSE,FALSE,27.1384573483118,82.6863809330259,2,2,1,254,254,384,124,0,0,0
"2130","14Mol",14,"Mollenfelde",FALSE,FALSE,TRUE,TRUE,FALSE,30.6342396247945,73.304467573801,0,0,0,NA,NA,NA,NA,0,0,0
"2131","15Mol",15,"Mollenfelde",FALSE,FALSE,TRUE,FALSE,FALSE,34.1300219012771,63.9225542145762,3,2,2,89.7,75,123,71,0,0,0
"2134","16Mol",16,"Mollenfelde",FALSE,FALSE,TRUE,FALSE,FALSE,37.6258041777598,54.5406408553513,3,2,2,239.7,97,563,59,0,0,0
"2137","17Mol",17,"Mollenfelde",FALSE,FALSE,TRUE,TRUE,FALSE,41.1215864542425,45.1587274961265,0,0,0,NA,NA,NA,NA,0,0,0
"2138","18Mol",18,"Mollenfelde",TRUE,FALSE,FALSE,TRUE,FALSE,44.6173687307252,35.7768141369017,0,0,0,NA,NA,NA,NA,0,0,0
"2139","19Mol",19,"Mollenfelde",FALSE,FALSE,FALSE,FALSE,TRUE,54.0931012235423,39.2379847076766,21,3,8,64.6,60,116,41,0,0,0
"2160","20Mol",20,"Mollenfelde",FALSE,FALSE,FALSE,TRUE,FALSE,50.5973189470596,48.6198980669014,0,0,0,NA,NA,NA,NA,0,0,0
"2161","21Mol",21,"Mollenfelde",FALSE,FALSE,FALSE,TRUE,FALSE,47.1015366705769,58.0018114261263,0,0,0,NA,NA,NA,NA,0,0,0
"2162","22Mol",22,"Mollenfelde",FALSE,FALSE,FALSE,FALSE,FALSE,43.6057543940942,67.3837247853511,7,2,6,139.7,91,247,47,1,2,2
"2169","23Mol",23,"Mollenfelde",FALSE,FALSE,FALSE,FALSE,FALSE,40.1099721176116,76.765638144576,11,3,6,168.9,186,260,55,1,0,1
"2180","24Mol",24,"Mollenfelde",FALSE,FALSE,FALSE,FALSE,FALSE,36.6141898411289,86.1475515038008,9,4,4,110,73,273,59,0,0,0
"2189","27Mol",27,"Mollenfelde",FALSE,FALSE,FALSE,FALSE,FALSE,46.089922333946,89.6087220745757,4,2,2,179.5,175.5,281,86,0,0,0
"2193","28Mol",28,"Mollenfelde",FALSE,FALSE,FALSE,FALSE,FALSE,49.5857046104286,80.2268087153509,16,2,14,309.3,297.5,475,135,4,2,5
"2209","29Mol",29,"Mollenfelde",FALSE,FALSE,FALSE,TRUE,FALSE,53.0814868869113,70.844895356126,0,0,0,NA,NA,NA,NA,0,0,0
"2210","30Mol",30,"Mollenfelde",FALSE,FALSE,FALSE,FALSE,FALSE,56.577269163394,61.4629819969012,4,2,1,1267.2,661.5,3290,456,0,0,0
"2214","31Mol",31,"Mollenfelde",FALSE,FALSE,FALSE,FALSE,FALSE,60.0730514398767,52.0810686376764,2,2,1,99.5,99.5,101,98,0,0,0
"2216","32Mol",32,"Mollenfelde",FALSE,FALSE,FALSE,TRUE,FALSE,63.5688337163594,42.6991552784515,0,0,0,NA,NA,NA,NA,0,0,0
"2217","33Mol",33,"Mollenfelde",TRUE,FALSE,FALSE,TRUE,FALSE,67.0646159928421,33.3172419192267,0,0,0,NA,NA,NA,NA,0,0,0
"2218","36Mol",36,"Mollenfelde",FALSE,FALSE,FALSE,FALSE,FALSE,69.5487839326938,55.5422392084513,22,5,10,72.2,62.5,174,35,0,0,0
"2240","37Mol",37,"Mollenfelde",FALSE,FALSE,FALSE,FALSE,FALSE,66.0530016562111,64.9241525676761,1,1,1,621,621,621,621,0,0,0
"2241","38Mol",38,"Mollenfelde",FALSE,FALSE,FALSE,FALSE,FALSE,62.5572193797284,74.306065926901,3,2,2,234.7,234,243,227,0,1,1
"2244","39Mol",39,"Mollenfelde",FALSE,FALSE,FALSE,TRUE,FALSE,59.0614371032457,83.6879792861258,0,0,0,NA,NA,NA,NA,0,0,0
"2245","40Mol",40,"Mollenfelde",FALSE,FALSE,FALSE,FALSE,FALSE,55.5656548267631,93.0698926453506,3,1,0,207.7,193,265,165,0,0,0
"2248","41Mol",41,"Mollenfelde",TRUE,FALSE,FALSE,TRUE,FALSE,52.0698725502804,102.451806004576,0,0,0,NA,NA,NA,NA,0,0,0
"2249","42Mol",42,"Mollenfelde",TRUE,FALSE,FALSE,TRUE,FALSE,61.5456050430975,105.91297657535,0,0,0,NA,NA,NA,NA,0,0,0
"2250","43Mol",43,"Mollenfelde",FALSE,FALSE,FALSE,FALSE,FALSE,65.0413873195802,96.5310632161256,6,2,0,176.2,154.5,346,68,0,0,0
"2256","44Mol",44,"Mollenfelde",FALSE,FALSE,FALSE,FALSE,FALSE,68.5371695960628,87.1491498569007,2,2,1,444,444,571,317,0,0,0
"2258","45Mol",45,"Mollenfelde",FALSE,FALSE,FALSE,TRUE,FALSE,72.0329518725455,77.7672364976759,0,0,0,NA,NA,NA,NA,0,0,0
"2259","35Mol",35,"Mollenfelde",FALSE,FALSE,FALSE,FALSE,FALSE,73.0445662091765,46.1603258492264,6,2,5,75.8,77,94,56,0,0,0
"2265","34Mol",34,"Mollenfelde",TRUE,FALSE,FALSE,TRUE,FALSE,76.5403484856592,36.7784124900016,0,0,0,NA,NA,NA,NA,0,0,0
"2266","49Mol",49,"Mollenfelde",FALSE,FALSE,FALSE,FALSE,FALSE,86.0160809784762,40.2395830607765,3,1,3,76,78,94,56,0,0,0
"2269","48Mol",48,"Mollenfelde",FALSE,FALSE,FALSE,FALSE,FALSE,82.5202987019936,49.6214964200014,2,1,2,136.5,136.5,217,56,0,0,0
"2271","47Mol",47,"Mollenfelde",FALSE,FALSE,FALSE,FALSE,FALSE,79.0245164255109,59.0034097792262,17,3,8,131.4,106,365,47,0,1,1
"2288","46Mol",46,"Mollenfelde",FALSE,FALSE,FALSE,FALSE,FALSE,75.5287341490282,68.3853231384511,1,1,1,4060,4060,4060,4060,1,1,1
"2289","50Mol",50,"Mollenfelde",TRUE,FALSE,FALSE,TRUE,FALSE,98.987595747776,34.3188402723266,0,0,0,NA,NA,NA,NA,0,0,0
"2290","51Mol",51,"Mollenfelde",FALSE,FALSE,FALSE,FALSE,FALSE,95.4918134712933,43.7007536315515,5,2,3,129,75,343,58,0,0,0
"2295","52Mol",52,"Mollenfelde",FALSE,FALSE,FALSE,FALSE,FALSE,91.9960311948107,53.0826669907763,3,2,2,93.3,78,133,69,0,0,0
"2298","53Mol",53,"Mollenfelde",FALSE,FALSE,FALSE,FALSE,FALSE,88.500248918328,62.4645803500011,6,1,0,170.2,117.5,471,85,0,0,0
"2304","54Mol",54,"Mollenfelde",FALSE,FALSE,FALSE,FALSE,FALSE,85.0044666418453,71.846493709226,3,2,1,75,72,105,48,0,0,0
"2307","55Mol",55,"Mollenfelde",FALSE,FALSE,FALSE,TRUE,FALSE,81.5086843653626,81.2284070684508,0,0,0,NA,NA,NA,NA,0,0,0
"2308","56Mol",56,"Mollenfelde",FALSE,FALSE,FALSE,TRUE,FALSE,78.0129020888799,90.6103204276757,0,0,0,NA,NA,NA,NA,0,0,0
"2309","57Mol",57,"Mollenfelde",FALSE,FALSE,FALSE,FALSE,FALSE,74.5171198123973,99.9922337869005,23,3,0,172,145,430,59,0,0,0
"2332","58Mol",58,"Mollenfelde",TRUE,FALSE,FALSE,TRUE,FALSE,71.0213375359146,109.374147146125,0,0,0,NA,NA,NA,NA,0,0,0
"2333","59Mol",59,"Mollenfelde",TRUE,FALSE,FALSE,TRUE,FALSE,80.4970700287317,112.8353177169,0,0,0,NA,NA,NA,NA,0,0,0
"2334","60Mol",60,"Mollenfelde",FALSE,FALSE,FALSE,FALSE,FALSE,83.9928523052143,103.453404357675,9,4,1,373,225,863,99,0,0,0
"2343","91Mol",91,"Mollenfelde",FALSE,FALSE,FALSE,FALSE,FALSE,112.420049783666,113.83691607,24,3,1,152.8,141.5,361,77,0,0,0
"2367","90Mol",90,"Mollenfelde",FALSE,FALSE,FALSE,FALSE,FALSE,115.915832060148,104.455002710775,9,3,3,1250.1,522,3590,119,1,1,1
"2376","94Mol",94,"Mollenfelde",TRUE,FALSE,FALSE,TRUE,FALSE,121.895782276483,117.298086640775,0,0,0,NA,NA,NA,NA,0,0,0
"2377","93Mol",93,"Mollenfelde",TRUE,FALSE,FALSE,TRUE,FALSE,118.4,126.68,0,0,0,NA,NA,NA,NA,0,0,0
"2378","92Mol",92,"Mollenfelde",TRUE,FALSE,FALSE,TRUE,FALSE,108.924267507183,123.218829429225,0,0,0,NA,NA,NA,NA,0,0,0
"2379","89Mol",89,"Mollenfelde",FALSE,FALSE,FALSE,FALSE,FALSE,119.411614336631,95.0730893515505,4,2,0,1476,758,4280,108,0,0,0
"2383","88Mol",88,"Mollenfelde",TRUE,FALSE,FALSE,TRUE,FALSE,122.907396613114,85.6911759923257,0,0,0,NA,NA,NA,NA,0,0,0
"2384","87Mol",87,"Mollenfelde",TRUE,FALSE,FALSE,TRUE,FALSE,126.403178889596,76.3092626331009,0,0,0,NA,NA,NA,NA,0,0,0
"2385","86Mol",86,"Mollenfelde",TRUE,FALSE,FALSE,TRUE,FALSE,129.898961166079,66.927349273876,0,0,0,NA,NA,NA,NA,0,0,0
"2386","85Mol",85,"Mollenfelde",TRUE,FALSE,FALSE,TRUE,FALSE,127.414793226227,44.7023519846514,0,0,0,NA,NA,NA,NA,0,0,0
"2387","84Mol",84,"Mollenfelde",FALSE,FALSE,FALSE,FALSE,FALSE,123.919010949745,54.0842653438763,22,4,12,172.1,87,920,39,1,0,1
"2409","83Mol",83,"Mollenfelde",FALSE,FALSE,FALSE,FALSE,FALSE,120.423228673262,63.4661787031011,12,2,7,211.7,181,409,98,2,0,2
"2421","82Mol",82,"Mollenfelde",FALSE,FALSE,FALSE,FALSE,FALSE,116.927446396779,72.8480920623259,11,3,4,536.6,569,1498,94,0,1,1
"2432","81Mol",81,"Mollenfelde",FALSE,FALSE,FALSE,FALSE,FALSE,113.431664120297,82.2300054215508,7,4,3,213.1,90,663,62,1,0,1
"2439","80Mol",80,"Mollenfelde",FALSE,FALSE,FALSE,FALSE,FALSE,109.935881843814,91.6119187807756,19,2,3,396.7,115,4485,57,0,1,1
"2458","79Mol",79,"Mollenfelde",FALSE,FALSE,TRUE,FALSE,FALSE,106.440099567331,100.99383214,16,3,0,123.1,108.5,325,80,0,0,0
"2474","78Mol",78,"Mollenfelde",FALSE,FALSE,FALSE,FALSE,FALSE,102.944317290849,110.375745499225,44,5,2,233.8,178.5,866,86,1,0,1
"2518","61Mol",61,"Mollenfelde",FALSE,FALSE,FALSE,FALSE,FALSE,87.488634581697,94.0714909984506,5,3,2,2040.6,1215,6110,636,1,2,2
"2523","65Mol",65,"Mollenfelde",FALSE,FALSE,FALSE,FALSE,FALSE,101.471763687628,56.5438375615512,15,5,4,172.9,163,355,51,0,0,0
"2538","70Mol",70,"Mollenfelde",FALSE,FALSE,FALSE,FALSE,FALSE,110.947496180445,60.0050081323262,19,4,8,86.5,78,158,49,0,0,0
"2557","72Mol",72,"Mollenfelde",FALSE,FALSE,TRUE,FALSE,FALSE,103.955931627479,78.7688348507759,44,4,3,83.2,77.5,194,33,0,0,0
"2601","74Mol",74,"Mollenfelde",FALSE,FALSE,FALSE,FALSE,FALSE,96.9643670745141,97.5326615692255,24,4,4,168.5,164.5,305,74,0,0,0
"2625","76Mol",76,"Mollenfelde",TRUE,FALSE,FALSE,TRUE,FALSE,89.9728025215487,116.296488287675,0,0,0,NA,NA,NA,NA,0,0,0
"2626","77Mol",77,"Mollenfelde",TRUE,FALSE,FALSE,TRUE,FALSE,99.4485350143658,119.75765885845,0,0,0,NA,NA,NA,NA,0,0,0
"2627","62Mol",62,"Mollenfelde",FALSE,FALSE,FALSE,TRUE,FALSE,90.9844168581797,84.6895776392258,0,0,0,NA,NA,NA,NA,0,0,0
"2628","63Mol",63,"Mollenfelde",FALSE,FALSE,FALSE,FALSE,FALSE,94.4801991346624,75.3076642800009,13,1,0,153.5,138,371,77,0,0,0
"2641","64Mol",64,"Mollenfelde",FALSE,FALSE,FALSE,FALSE,FALSE,97.9759814111451,65.9257509207761,5,1,0,421.2,156,1336,85,0,0,0
"2646","66Mol",66,"Mollenfelde",FALSE,FALSE,TRUE,FALSE,FALSE,104.96754596411,47.1619242023264,1,1,0,824,824,824,824,0,0,0
"2647","69Mol",69,"Mollenfelde",FALSE,FALSE,FALSE,FALSE,FALSE,114.443278456928,50.6230947731013,31,4,15,66,61,190,32,0,0,0
"2678","71Mol",71,"Mollenfelde",FALSE,FALSE,FALSE,FALSE,FALSE,107.451713903962,69.386921491551,7,3,3,586.3,347,1610,212,1,0,1
"2685","73Mol",73,"Mollenfelde",FALSE,FALSE,FALSE,FALSE,FALSE,100.460149350997,88.1507482100007,10,3,0,564.7,526.5,1100,96,0,0,0
"2695","75Mol",75,"Mollenfelde",FALSE,FALSE,FALSE,FALSE,FALSE,93.4685847980314,106.91457492845,104,1,0,201,170,678,60,0,0,0
"2721","68Mol",68,"Mollenfelde",TRUE,FALSE,FALSE,TRUE,FALSE,117.93906073341,41.2411814138765,0,0,0,NA,NA,NA,NA,0,0,0
"2722","67Mol",67,"Mollenfelde",TRUE,FALSE,FALSE,TRUE,FALSE,108.463328240593,37.7800108431016,0,0,0,NA,NA,NA,NA,0,0,0
"2723","26Mol",26,"Mollenfelde",TRUE,FALSE,FALSE,TRUE,FALSE,42.5941400574633,98.9906354338006,0,0,0,NA,NA,NA,NA,0,0,0
"2724","25Mol",25,"Mollenfelde",TRUE,FALSE,FALSE,TRUE,FALSE,33.1184075646462,95.5294648630256,0,0,0,NA,NA,NA,NA,0,0,0
"2803","1Huy",1,"Huy",FALSE,FALSE,TRUE,TRUE,FALSE,119.653237508069,88.6545424788603,0,0,0,NA,NA,NA,NA,0,0,0
"2804","2Huy",2,"Huy",FALSE,FALSE,FALSE,FALSE,FALSE,110.604966983408,84.6096392089921,20,2,19,94.8,94.5,170,32,0,0,0
"2824","3Huy",3,"Huy",FALSE,FALSE,FALSE,FALSE,FALSE,101.556696458748,80.5647359391239,4,1,4,79,76.5,101,62,0,0,0
"2828","4Huy",4,"Huy",FALSE,FALSE,FALSE,FALSE,FALSE,92.508425934088,76.5198326692557,61,3,45,90.7,80,211,28,0,0,0
"2889","5Huy",5,"Huy",FALSE,FALSE,FALSE,FALSE,FALSE,83.4601554094278,72.4749293993875,23,3,15,105.7,100,163,43,0,0,0
"2912","6Huy",6,"Huy",FALSE,FALSE,FALSE,FALSE,FALSE,74.4118848847676,68.4300261295193,37,2,22,106.7,83,244,41,0,0,0
"2949","7Huy",7,"Huy",FALSE,FALSE,FALSE,FALSE,FALSE,65.3636143601074,64.3851228596511,58,2,55,99.1,91,264,40,0,1,1
"3007","10Huy",10,"Huy",FALSE,FALSE,FALSE,FALSE,FALSE,61.1058214444566,72.9809798580783,79,4,72,111.5,105,201,42,0,0,0
"3086","11Huy",11,"Huy",FALSE,FALSE,FALSE,FALSE,FALSE,70.1540919691168,77.0258831279465,43,3,30,140.2,92,880,35,1,0,1
"3129","12Huy",12,"Huy",FALSE,FALSE,FALSE,FALSE,FALSE,79.202362493777,81.0707863978147,73,2,65,107.3,83,298,35,2,0,2
"3202","13Huy",13,"Huy",FALSE,FALSE,FALSE,FALSE,FALSE,88.2506330184372,85.1156896676829,127,3,68,111.1,94,815,45,0,0,0
"3329","15Huy",15,"Huy",FALSE,FALSE,TRUE,FALSE,FALSE,106.347174067758,93.2054962074193,87,3,76,190.2,153,735,42,4,3,4
"3416","20Huy",20,"Huy",FALSE,FALSE,FALSE,FALSE,FALSE,102.089381152107,101.801353205846,20,2,18,74.8,74,100,59,0,0,0
"3436","22Huy",22,"Huy",FALSE,FALSE,FALSE,FALSE,FALSE,83.9928401027865,93.7115466661101,57,3,41,482.8,240,2704,88,1,1,2
"3493","25Huy",25,"Huy",FALSE,FALSE,FALSE,FALSE,FALSE,56.8480285288059,81.5768368565055,76,3,65,101,85,672,35,0,0,0
"3569","29Huy",29,"Huy",FALSE,FALSE,FALSE,FALSE,FALSE,52.5902356131552,90.1726938549327,37,3,32,203.4,119,2427,34,0,2,2
"3606","43Huy",43,"Huy",FALSE,FALSE,FALSE,FALSE,FALSE,57.3807132221647,102.813454123228,35,3,20,149.1,98,765,49,0,0,0
"3641","39Huy",39,"Huy",FALSE,FALSE,FALSE,FALSE,FALSE,93.5737953208054,118.993067202701,30,2,28,83.2,71.5,193,30,0,1,1
"3671","41Huy",41,"Huy",FALSE,FALSE,FALSE,FALSE,FALSE,75.4772542714851,110.903260662964,67,4,63,172.7,175,327,33,3,16,18
"3722","53Huy",53,"Huy",FALSE,FALSE,FALSE,FALSE,FALSE,80.2677318804945,123.54402093126,19,2,16,166.4,139,480,35,0,1,1
"3741","51Huy",51,"Huy",FALSE,FALSE,FALSE,FALSE,FALSE,62.1711908311741,115.454214391523,38,2,37,72.5,69,213,37,1,0,1
"3779","50Huy",50,"Huy",FALSE,FALSE,FALSE,FALSE,FALSE,53.1229203065139,111.409311121655,4,2,3,172,144,350,50,0,1,1
"3783","60Huy",60,"Huy",FALSE,FALSE,FALSE,FALSE,FALSE,76.0099389648438,132.139877929687,12,3,9,196.1,106.5,605,65,0,1,1
"3795","59Huy",59,"Huy",FALSE,FALSE,FALSE,FALSE,FALSE,85.058209489504,136.184781199555,21,4,9,464.8,270,1801,66,1,1,2
"3816","16Huy",16,"Huy",FALSE,FALSE,TRUE,FALSE,FALSE,115.395444592418,97.2503994772875,70,3,57,98.6,89,247,27,3,1,4
"3886","18Huy",18,"Huy",FALSE,FALSE,FALSE,FALSE,FALSE,120.185922201427,109.891159745583,6,1,6,97.3,80,212,56,0,0,0
"3892","35Huy",35,"Huy",FALSE,FALSE,TRUE,FALSE,FALSE,106.879858761116,114.442113474142,2,1,2,65,65,89,41,0,0,0
"3894","37Huy",37,"Huy",FALSE,FALSE,FALSE,FALSE,TRUE,111.670336370126,127.082873742437,3,2,2,137.7,136,154,123,0,0,0
"3897","55Huy",55,"Huy",FALSE,FALSE,FALSE,FALSE,TRUE,98.3642729298149,131.633827470996,65,4,62,144.5,129,434,50,4,3,7
"3962","58Huy",58,"Huy",FALSE,FALSE,FALSE,FALSE,FALSE,94.1064800141642,140.229684469423,133,4,116,129,112,565,33,3,1,4
"4095","68Huy",68,"Huy",FALSE,FALSE,FALSE,FALSE,FALSE,89.8486870985135,148.825541467851,100,4,87,121.8,100,665,43,2,1,3
"4195","66Huy",66,"Huy",FALSE,FALSE,FALSE,FALSE,FALSE,71.7521460491931,140.735734928114,7,2,5,359.4,115,1125,26,0,1,1
"4202","65Huy",65,"Huy",FALSE,FALSE,TRUE,FALSE,FALSE,62.7038755245329,136.690831658246,6,2,5,585.7,339.5,2094,54,0,2,2
"4208","73Huy",73,"Huy",FALSE,FALSE,FALSE,FALSE,FALSE,85.5908941828627,157.421398466278,53,5,46,96.9,70,560,3,3,0,3
"4261","72Huy",72,"Huy",FALSE,FALSE,FALSE,FALSE,FALSE,94.6391647075229,161.466301736146,9,3,1,667.2,382,1550,65,0,0,0
"4270","69Huy",69,"Huy",FALSE,FALSE,FALSE,FALSE,FALSE,98.8969576231736,152.870444737719,21,5,13,226.6,139,1425,21,0,1,1
"4291","67Huy",67,"Huy",FALSE,FALSE,FALSE,FALSE,FALSE,80.8004165738533,144.780638197982,42,4,31,242.5,234,593,49,2,5,7
"4333","74Huy",74,"Huy",TRUE,FALSE,FALSE,TRUE,FALSE,76.5426236582025,153.37649519641,0,0,0,NA,NA,NA,NA,0,0,0
"4334","71Huy",71,"Huy",TRUE,FALSE,FALSE,TRUE,FALSE,103.687435232183,165.511205006014,0,0,0,NA,NA,NA,NA,0,0,0
"4335","70Huy",70,"Huy",TRUE,FALSE,FALSE,TRUE,FALSE,107.945228147834,156.915348007587,0,0,0,NA,NA,NA,NA,0,0,0
"4336","17Huy",17,"Huy",TRUE,FALSE,FALSE,TRUE,FALSE,124.443715117078,101.295302747156,0,0,0,NA,NA,NA,NA,0,0,0
"4337","61Huy",61,"Huy",FALSE,TRUE,FALSE,TRUE,FALSE,66.9616684401836,128.094974659819,0,0,0,NA,NA,NA,NA,0,0,0
"4338","49Huy",49,"Huy",FALSE,TRUE,FALSE,TRUE,FALSE,44.0746497818537,107.364407851787,0,0,0,NA,NA,NA,NA,0,0,0
"4339","62Huy",62,"Huy",FALSE,FALSE,FALSE,FALSE,FALSE,57.9133979155234,124.050071389951,17,2,14,347.7,143,1130,50,0,2,2
"4356","63Huy",63,"Huy",FALSE,FALSE,FALSE,FALSE,FALSE,48.8651273908632,120.005168120082,25,3,21,158.3,112,599,40,0,1,1
"4381","64Huy",64,"Huy",FALSE,FALSE,FALSE,FALSE,FALSE,39.816856866203,115.960264850214,15,3,6,418.5,421,860,59,0,4,4
"4396","48Huy",48,"Huy",FALSE,FALSE,FALSE,FALSE,FALSE,35.0263792571935,103.319504581919,53,3,31,253.4,220,1034,80,1,3,4
"4449","45Huy",45,"Huy",FALSE,FALSE,FALSE,FALSE,FALSE,39.2841721728443,94.7236475834917,1,1,1,165,165,165,165,0,0,0
"4450","46Huy",46,"Huy",FALSE,FALSE,FALSE,FALSE,FALSE,30.2359016481841,90.6787443136235,2,1,2,40,40,50,30,0,0,0
"4452","47Huy",47,"Huy",FALSE,FALSE,FALSE,FALSE,FALSE,25.9781087325334,99.2746013120507,5,1,5,108.2,75,259,50,1,0,1
"4457","27Huy",27,"Huy",FALSE,FALSE,FALSE,FALSE,FALSE,34.4936945638348,82.0828873151963,3,2,2,32.7,41,44,13,0,0,0
"4460","28Huy",28,"Huy",FALSE,FALSE,FALSE,FALSE,FALSE,43.541965088495,86.1277905850645,2,1,2,69.5,69.5,79,60,0,0,0
"4462","26Huy",26,"Huy",FALSE,FALSE,FALSE,FALSE,FALSE,47.7997580041457,77.5319335866373,5,2,4,46.6,50,70,20,0,0,0
"4467","9Huy",9,"Huy",FALSE,FALSE,FALSE,FALSE,FALSE,52.0575509197964,68.9360765882101,7,1,7,63.7,69,84,30,0,0,0
"4474","8Huy",8,"Huy",FALSE,FALSE,FALSE,FALSE,FALSE,56.3153438354472,60.3402195897829,64,4,60,130,104.5,570,28,2,5,7
"4538","54Huy",54,"Huy",FALSE,FALSE,FALSE,FALSE,FALSE,89.3160024051547,127.588924201128,3,1,0,2031.7,2155,2790,1150,0,0,0
"4541","40Huy",40,"Huy",FALSE,FALSE,FALSE,FALSE,FALSE,84.5255247961452,114.948163932833,54,3,44,90.5,75,465,38,2,0,2
"4595","52Huy",52,"Huy",FALSE,FALSE,FALSE,FALSE,FALSE,71.2194613558343,119.499117661392,9,2,5,562.1,127,3383,47,0,0,0
"4604","42Huy",42,"Huy",FALSE,FALSE,FALSE,FALSE,FALSE,66.4289837468249,106.858357393096,56,3,50,192.5,60.5,7160,10,0,1,1
"4660","44Huy",44,"Huy",FALSE,FALSE,FALSE,FALSE,FALSE,48.3324426975045,98.7685508533599,19,2,17,299.9,94,2293,62,0,2,2
"4679","34Huy",34,"Huy",FALSE,FALSE,FALSE,FALSE,FALSE,97.8315882364562,110.397210204274,7,2,6,65.9,57,113,47,0,0,0
"4686","32Huy",32,"Huy",FALSE,FALSE,FALSE,FALSE,FALSE,79.7350471871358,102.307403664537,46,3,41,132.2,105,334,46,3,2,4
"4732","30Huy",30,"Huy",FALSE,FALSE,FALSE,FALSE,FALSE,61.6385061378154,94.2175971248009,55,3,47,167.2,83,1295,37,2,3,5
"4787","38Huy",38,"Huy",FALSE,FALSE,TRUE,FALSE,FALSE,102.622065845466,123.037970472569,41,4,31,94.6,88,199,13,0,1,1
"4828","56Huy",56,"Huy",FALSE,FALSE,FALSE,FALSE,FALSE,107.412543454475,135.678730740864,3,1,3,64,54,104,34,0,0,0
"4831","57Huy",57,"Huy",FALSE,FALSE,FALSE,FALSE,FALSE,103.154750538824,144.274587739292,40,4,34,92.2,81,235,36,1,2,3
"4871","36Huy",36,"Huy",FALSE,FALSE,FALSE,FALSE,FALSE,115.928129285777,118.48701674401,18,1,18,98.2,100,144,39,2,0,2
"4889","19Huy",19,"Huy",FALSE,FALSE,TRUE,FALSE,FALSE,111.137651676767,105.846256475715,29,3,22,109.9,108,242,35,2,1,3
"4918","14Huy",14,"Huy",FALSE,FALSE,FALSE,FALSE,FALSE,97.2989035430974,89.1605929375511,110,3,84,89.3,83,168,14,0,0,0
"5028","21Huy",21,"Huy",FALSE,FALSE,FALSE,FALSE,FALSE,93.0411106274467,97.7564499359783,78,6,64,177.6,103.5,1870,42,3,1,4
"5106","23Huy",23,"Huy",FALSE,FALSE,FALSE,FALSE,FALSE,74.9445695781263,89.6666433962419,8,2,1,353,205.5,1245,83,0,0,0
"5114","24Huy",24,"Huy",FALSE,FALSE,FALSE,FALSE,FALSE,65.8962990534661,85.6217401263737,90,4,41,126.2,115.5,420,53,0,3,3
"5204","31Huy",31,"Huy",FALSE,FALSE,FALSE,FALSE,FALSE,70.6867766624756,98.2625003946691,19,3,13,93.4,95,177,33,0,0,0
"5223","33Huy",33,"Huy",FALSE,FALSE,FALSE,FALSE,FALSE,88.783317711796,106.352306934405,62,4,42,88.5,68,290,25,0,0,0
"5301","3Wei",3,"Weisweil",FALSE,FALSE,FALSE,FALSE,TRUE,402126.888144228,5342622.34956503,18,3,0,530.6,479.5,1437,97,0,0,0
"5319","8Wei",8,"Weisweil",FALSE,FALSE,FALSE,FALSE,FALSE,402124.890689369,5342631.99490972,61,3,0,62.4,60,102,27,0,0,0
"5380","14Wei",14,"Weisweil",FALSE,FALSE,FALSE,FALSE,FALSE,402122.89323451,5342641.6402544,119,3,2,112.3,98,281,40,0,0,0
"5499","19Wei",19,"Weisweil",FALSE,FALSE,FALSE,FALSE,TRUE,402120.895779651,5342651.28559909,16,4,3,453.3,176.5,2350,82,0,0,0
"5515","27Wei",27,"Weisweil",FALSE,FALSE,FALSE,FALSE,FALSE,402118.898324791,5342660.93094377,91,1,0,128.4,114,412,55,0,0,0
"5606","32Wei",32,"Weisweil",FALSE,FALSE,FALSE,FALSE,FALSE,402116.900869932,5342670.57628846,38,3,0,160.9,114.5,463,71,0,0,0
"5644","41Wei",41,"Weisweil",FALSE,FALSE,FALSE,FALSE,FALSE,402114.903415073,5342680.22163314,31,3,0,156,113,481,44,0,0,0
"5675","48Wei",48,"Weisweil",FALSE,FALSE,FALSE,FALSE,FALSE,402112.905960214,5342689.86697783,2,2,0,71.5,71.5,89,54,0,0,0
"5677","57Wei",57,"Weisweil",FALSE,FALSE,FALSE,FALSE,FALSE,402110.908505354,5342699.51232251,6,2,0,1405.2,1031.5,3557,80,0,0,0
"5683","61Wei",61,"Weisweil",FALSE,FALSE,FALSE,FALSE,FALSE,402108.911050495,5342709.1576672,5,2,1,104.4,102,150,56,0,0,0
"5688","1Wei",1,"Weisweil",FALSE,FALSE,FALSE,FALSE,FALSE,402138.530943772,5342614.70167521,4,2,1,2196.2,1361,5936,127,0,0,0
"5692","4Wei",4,"Weisweil",FALSE,FALSE,FALSE,FALSE,FALSE,402136.533488913,5342624.34701989,112,2,10,90,88.5,148,46,0,0,0
"5804","5Wei",5,"Weisweil",TRUE,FALSE,FALSE,TRUE,FALSE,402146.178833598,5342626.34447475,0,0,0,NA,NA,NA,NA,0,0,0
"5805","6Wei",6,"Weisweil",FALSE,FALSE,FALSE,FALSE,TRUE,402144.181378738,5342635.98981944,80,3,0,142.1,134,439,55,0,0,0
"5885","7Wei",7,"Weisweil",FALSE,FALSE,FALSE,FALSE,FALSE,402134.536034054,5342633.99236458,12,3,1,211.2,128,726,83,0,0,0
"5897","15Wei",15,"Weisweil",FALSE,FALSE,FALSE,FALSE,FALSE,402132.538579195,5342643.63770926,96,3,0,82,65,875,26,0,0,0
"5993","18Wei",18,"Weisweil",FALSE,FALSE,FALSE,FALSE,FALSE,402130.541124335,5342653.28305395,91,5,1,91.3,83,434,40,0,0,0
"6084","28Wei",28,"Weisweil",FALSE,FALSE,FALSE,FALSE,FALSE,402128.543669476,5342662.92839863,21,2,0,350.8,164,1315,75,0,0,0
"6105","31Wei",31,"Weisweil",FALSE,FALSE,FALSE,FALSE,FALSE,402126.546214617,5342672.57374332,34,2,0,203,157,784,84,0,0,0
"6139","42Wei",42,"Weisweil",FALSE,FALSE,FALSE,FALSE,FALSE,402124.548759758,5342682.219088,16,2,0,528.4,469,990,204,0,0,0
"6155","47Wei",47,"Weisweil",FALSE,FALSE,FALSE,FALSE,FALSE,402122.551304898,5342691.86443269,11,2,0,214.5,134,1014,97,0,0,0
"6166","58Wei",58,"Weisweil",FALSE,FALSE,FALSE,FALSE,FALSE,402120.553850039,5342701.50977737,17,1,0,344,343,771,134,0,0,0
"6183","13Wei",13,"Weisweil",FALSE,FALSE,FALSE,FALSE,FALSE,402113.247889825,5342639.64279954,104,3,0,163.9,120,1772,54,0,0,0
"6287","20Wei",20,"Weisweil",FALSE,FALSE,FALSE,FALSE,FALSE,402111.250434966,5342649.28814423,186,3,3,130.5,122,279,58,0,0,0
"6473","22Wei",22,"Weisweil",FALSE,FALSE,FALSE,FALSE,FALSE,402091.959745597,5342645.29323451,70,2,1,108.4,105.5,197,60,1,0,1
"6543","23Wei",23,"Weisweil",FALSE,FALSE,FALSE,FALSE,FALSE,402080.316946053,5342652.94112433,29,4,0,781.3,398,2758,76,0,0,0
"6572","36Wei",36,"Weisweil",FALSE,FALSE,FALSE,FALSE,FALSE,402078.319491194,5342662.58646902,30,2,0,93.8,81.5,251,36,0,0,0
"6602","35Wei",35,"Weisweil",FALSE,FALSE,FALSE,FALSE,FALSE,402087.964835878,5342664.58392388,11,2,1,99.4,105,130,48,0,0,0
"6613","34Wei",34,"Weisweil",FALSE,FALSE,FALSE,FALSE,FALSE,402097.610180563,5342666.58137874,67,3,3,331.3,180,6105,77,1,0,1
"6680","49Wei",49,"Weisweil",FALSE,FALSE,FALSE,FALSE,FALSE,402103.260615529,5342687.86952297,5,1,0,878.4,578,1717,308,0,0,0
"6685","56Wei",56,"Weisweil",FALSE,FALSE,FALSE,FALSE,FALSE,402101.26316067,5342697.51486765,6,1,0,119.3,121.5,145,95,0,0,0
"6691","55Wei",55,"Weisweil",FALSE,FALSE,FALSE,FALSE,FALSE,402091.617815985,5342695.51741279,3,2,0,179.7,198,252,89,0,0,0
"6694","54Wei",54,"Weisweil",FALSE,FALSE,FALSE,FALSE,FALSE,402081.972471301,5342693.51995793,7,2,1,144.7,95,451,75,1,1,1
"6701","64Wei",64,"Weisweil",FALSE,FALSE,FALSE,FALSE,FALSE,402079.975016441,5342703.16530262,21,2,0,146.8,109,775,45,0,0,0
"6722","65Wei",65,"Weisweil",FALSE,FALSE,FALSE,FALSE,FALSE,402077.977561582,5342712.8106473,17,2,0,251.5,133,1005,69,0,0,0
"6739","70Wei",70,"Weisweil",FALSE,FALSE,FALSE,FALSE,FALSE,402075.980106723,5342722.45599199,17,1,0,176.2,161,282,99,0,0,0
"6756","71Wei",71,"Weisweil",FALSE,FALSE,FALSE,FALSE,FALSE,402073.982651863,5342732.10133667,2,1,0,80,80,89,71,0,0,0
"6758","72Wei",72,"Weisweil",FALSE,FALSE,FALSE,FALSE,FALSE,402083.627996548,5342734.09879153,3,2,0,308.7,130,736,60,0,0,0
"6761","2Wei",2,"Weisweil",FALSE,FALSE,TRUE,FALSE,FALSE,402117.242799544,5342620.35211017,96,7,1,116.8,86,618,20,0,0,0
"6857","9Wei",9,"Weisweil",FALSE,FALSE,FALSE,FALSE,FALSE,402115.245344685,5342629.99745486,55,3,0,214.7,98,2110,52,0,0,0
"6912","10Wei",10,"Weisweil",FALSE,FALSE,FALSE,FALSE,FALSE,402105.6,5342628,102,6,1,123.5,90,990,38,0,0,0
"7014","11Wei",11,"Weisweil",FALSE,FALSE,FALSE,FALSE,FALSE,402093.957200456,5342635.64788983,94,5,4,197.9,99,3496,25,0,0,0
"7108","12Wei",12,"Weisweil",FALSE,FALSE,FALSE,FALSE,FALSE,402103.602545141,5342637.64534468,91,3,0,222.5,124,2452,44,0,0,0
"7199","30Wei",30,"Weisweil",FALSE,FALSE,FALSE,FALSE,FALSE,402136.191559301,5342674.57119818,65,1,0,71.2,64,268,29,0,0,0
"7264","43Wei",43,"Weisweil",FALSE,FALSE,FALSE,FALSE,TRUE,402134.194104442,5342684.21654286,15,1,0,155.5,159,290,46,0,0,0
"7279","46Wei",46,"Weisweil",FALSE,FALSE,FALSE,FALSE,TRUE,402132.196649583,5342693.86188755,1,1,0,127,127,127,127,0,0,0
"7280","59Wei",59,"Weisweil",FALSE,FALSE,FALSE,FALSE,FALSE,402130.199194724,5342703.50723223,16,3,0,152,136,336,88,0,0,0
"7296","26Wei",26,"Weisweil",FALSE,FALSE,FALSE,FALSE,FALSE,402109.252980107,5342658.93348891,67,4,0,122.1,99,557,55,0,0,0
"7363","45Wei",45,"Weisweil",FALSE,FALSE,FALSE,FALSE,FALSE,402141.841994268,5342695.8593424,11,2,0,110.2,96,233,62,0,0,0
"7374","21Wei",21,"Weisweil",FALSE,FALSE,FALSE,FALSE,FALSE,402101.605090281,5342647.29068937,62,5,4,193.9,93,1355,54,0,0,0
"7436","25Wei",25,"Weisweil",FALSE,FALSE,FALSE,FALSE,FALSE,402099.607635422,5342656.93603405,124,4,16,155.8,133,1390,60,0,1,1
"7560","24Wei",24,"Weisweil",FALSE,FALSE,FALSE,FALSE,FALSE,402089.962290738,5342654.93857919,82,4,1,162.1,98,2570,46,0,0,0
"7642","33Wei",33,"Weisweil",FALSE,FALSE,FALSE,FALSE,TRUE,402107.255525248,5342668.5788336,4,1,0,388,384,470,314,0,0,0
"7646","40Wei",40,"Weisweil",FALSE,FALSE,FALSE,FALSE,FALSE,402105.258070388,5342678.22417828,23,2,0,113.3,110,281,10,0,0,0
"7669","39Wei",39,"Weisweil",FALSE,FALSE,FALSE,FALSE,FALSE,402095.612725704,5342676.22672342,27,1,0,128,128,218,79,0,0,0
"7696","38Wei",38,"Weisweil",FALSE,FALSE,FALSE,FALSE,FALSE,402085.967381019,5342674.22926856,8,2,0,113.2,102.5,185,90,0,0,0
"7704","37Wei",37,"Weisweil",FALSE,FALSE,FALSE,FALSE,FALSE,402076.322036334,5342672.2318137,16,1,0,62.9,66,82,36,0,0,0
"7720","50Wei",50,"Weisweil",FALSE,FALSE,FALSE,FALSE,FALSE,402093.615270844,5342685.87206811,42,1,0,194.9,140.5,785,70,0,0,0
"7762","51Wei",51,"Weisweil",FALSE,FALSE,FALSE,FALSE,FALSE,402083.96992616,5342683.87461325,1,1,0,119,119,119,119,0,0,0
"7763","52Wei",52,"Weisweil",FALSE,FALSE,FALSE,FALSE,FALSE,402074.324581475,5342681.87715839,47,1,0,303.9,123,4435,73,0,0,0
"7810","63Wei",63,"Weisweil",FALSE,FALSE,FALSE,FALSE,FALSE,402089.620361126,5342705.16275748,21,2,0,277.2,273,609,74,0,0,0
"7831","62Wei",62,"Weisweil",FALSE,FALSE,FALSE,FALSE,FALSE,402099.265705811,5342707.16021234,2,1,0,151,151,224,78,0,0,0
"7833","67Wei",67,"Weisweil",FALSE,FALSE,FALSE,FALSE,TRUE,402097.268250951,5342716.80555702,3,2,0,207.3,202,291,129,0,0,0
"7836","66Wei",66,"Weisweil",FALSE,FALSE,FALSE,FALSE,TRUE,402087.622906267,5342714.80810216,4,1,0,1659.8,1672.5,2460,834,0,0,0
"7840","69Wei",69,"Weisweil",FALSE,FALSE,FALSE,FALSE,FALSE,402085.625451407,5342724.45344685,11,1,0,500.3,465,980,106,0,0,0
"7851","68Wei",68,"Weisweil",FALSE,FALSE,FALSE,FALSE,FALSE,402095.270796092,5342726.45090171,10,2,4,258.4,179.5,680,102,0,1,1
"7861","16Wei",16,"Weisweil",TRUE,FALSE,FALSE,TRUE,FALSE,402142.183923879,5342645.63516412,0,0,0,NA,NA,NA,NA,0,0,0
"7862","17Wei",17,"Weisweil",TRUE,FALSE,FALSE,TRUE,FALSE,402140.18646902,5342655.28050881,0,0,0,NA,NA,NA,NA,0,0,0
"7863","29Wei",29,"Weisweil",TRUE,FALSE,FALSE,TRUE,FALSE,402138.189014161,5342664.92585349,0,0,0,NA,NA,NA,NA,0,0,0
"7864","44Wei",44,"Weisweil",TRUE,FALSE,FALSE,TRUE,FALSE,402143.839449127,5342686.21399772,0,0,0,NA,NA,NA,NA,0,0,0
"7865","53Wei",53,"Weisweil",TRUE,FALSE,FALSE,TRUE,FALSE,402072.327126616,5342691.52250307,0,0,0,NA,NA,NA,NA,0,0,0
"7866","60Wei",60,"Weisweil",TRUE,FALSE,FALSE,TRUE,FALSE,402118.55639518,5342711.15512205,0,0,0,NA,NA,NA,NA,0,0,0
"7867","2Pla",2,"Plattenwald",FALSE,FALSE,FALSE,FALSE,FALSE,490792.466436003,5429476.87312152,18,2,8,228.8,143.5,1057,74,0,0,0
"7885","1Pla",1,"Plattenwald",FALSE,FALSE,FALSE,FALSE,FALSE,490785.97195552,5429484.47718118,28,4,5,353.6,281.5,1186,60,1,0,1
"7913","10Pla",10,"Plattenwald",FALSE,FALSE,FALSE,FALSE,FALSE,490784.862376347,5429470.37864104,46,3,9,177,155,439,46,1,0,1
"7959","13Pla",13,"Plattenwald",FALSE,FALSE,FALSE,FALSE,FALSE,490777.258316691,5429463.88416056,33,4,4,140.7,80,635,44,1,0,1
"7992","12Pla",12,"Plattenwald",FALSE,FALSE,FALSE,FALSE,FALSE,490770.763836208,5429471.48822021,53,4,1,161.3,104,874,34,0,0,0
"8045","30Pla",30,"Plattenwald",FALSE,FALSE,FALSE,FALSE,FALSE,490763.159776551,5429464.99373973,3,2,0,1545,158,4365,112,0,0,0
"8048","33Pla",33,"Plattenwald",FALSE,FALSE,FALSE,FALSE,FALSE,490768.544677862,5429443.29113994,26,5,2,87.8,79,203,29,1,0,1
"8074","4Pla",4,"Plattenwald",FALSE,FALSE,TRUE,FALSE,FALSE,490805.455396969,5429461.66500221,65,5,16,237.5,214,1544,40,2,2,2
"8139","8Pla",8,"Plattenwald",FALSE,FALSE,FALSE,FALSE,FALSE,490797.851337313,5429455.17052173,67,7,19,154.5,132,714,25,0,0,0
"8206","15Pla",15,"Plattenwald",FALSE,FALSE,FALSE,FALSE,FALSE,490790.247277657,5429448.67604125,21,4,0,330,299,1095,118,0,0,0
"8227","27Pla",27,"Plattenwald",FALSE,FALSE,FALSE,FALSE,FALSE,490782.643218001,5429442.18156076,36,4,1,279.5,158,1327,80,0,0,0
"8263","34Pla",34,"Plattenwald",FALSE,FALSE,FALSE,FALSE,FALSE,490775.039158345,5429435.68708028,4,3,1,124.2,127.5,185,57,0,0,0
"8267","46Pla",46,"Plattenwald",FALSE,FALSE,FALSE,FALSE,FALSE,490767.435098689,5429429.1925998,11,5,1,322.8,204,981,50,1,1,1
"8278","53Pla",53,"Plattenwald",FALSE,FALSE,FALSE,FALSE,FALSE,490759.831039033,5429422.69811931,23,4,2,205,128,1629,75,1,0,1
"8301","66Pla",66,"Plattenwald",FALSE,FALSE,FALSE,FALSE,TRUE,490752.226979377,5429416.20363883,4,3,1,283,270.5,523,68,0,0,0
"8305","71Pla",71,"Plattenwald",FALSE,FALSE,TRUE,FALSE,FALSE,490744.622919721,5429409.70915835,177,5,29,142.4,106,880,37,9,5,10
"8482","72Pla",72,"Plattenwald",FALSE,FALSE,FALSE,FALSE,FALSE,490751.117400205,5429402.10509869,21,3,0,96.2,94,168,39,0,0,0
"8503","54Pla",54,"Plattenwald",FALSE,FALSE,FALSE,FALSE,TRUE,490766.325519517,5429415.09405966,1,1,0,2383,2383,2383,2383,0,0,0
"8504","35Pla",35,"Plattenwald",FALSE,FALSE,FALSE,FALSE,FALSE,490781.533638829,5429428.08302062,28,6,1,232.3,158,1080,83,0,0,0
"8532","3Pla",3,"Plattenwald",FALSE,FALSE,FALSE,FALSE,FALSE,490798.960916486,5429469.26906187,68,5,16,124.8,94.5,523,50,2,0,2
"8600","11Pla",11,"Plattenwald",FALSE,FALSE,FALSE,FALSE,FALSE,490778.367895863,5429477.9827007,35,2,3,171,118,821,74,3,2,3
"8635","9Pla",9,"Plattenwald",FALSE,FALSE,TRUE,FALSE,FALSE,490791.35685683,5429462.77458138,1,1,0,146,146,146,146,0,0,0
"8636","14Pla",14,"Plattenwald",FALSE,FALSE,FALSE,FALSE,FALSE,490783.752797174,5429456.2801009,39,4,14,111.9,95,279,43,3,0,3
"8675","28Pla",28,"Plattenwald",FALSE,FALSE,FALSE,FALSE,TRUE,490776.148737518,5429449.78562042,18,4,6,147.6,99,743,58,0,0,0
"8693","29Pla",29,"Plattenwald",FALSE,FALSE,FALSE,FALSE,FALSE,490769.654257035,5429457.38968007,49,6,2,229.4,149,900,54,0,0,0
"8742","31Pla",31,"Plattenwald",FALSE,FALSE,TRUE,TRUE,FALSE,490755.555716895,5429458.49925925,0,0,0,NA,NA,NA,NA,0,0,0
"8743","32Pla",32,"Plattenwald",FALSE,FALSE,FALSE,FALSE,FALSE,490762.050197379,5429450.89519959,34,5,5,250.7,130,837,62,0,0,0
"8777","36Pla",36,"Plattenwald",FALSE,FALSE,FALSE,FALSE,FALSE,490788.028119312,5429420.47896097,8,3,2,179,96.5,462,66,1,1,1
"8785","37Pla",37,"Plattenwald",FALSE,FALSE,FALSE,FALSE,FALSE,490794.522599795,5429412.87490131,24,4,1,237.2,140,1302,76,1,1,1
"8809","38Pla",38,"Plattenwald",FALSE,FALSE,FALSE,FALSE,FALSE,490801.017080279,5429405.27084165,3,2,0,363.3,380,450,260,0,0,0
"8812","39Pla",39,"Plattenwald",FALSE,FALSE,FALSE,FALSE,FALSE,490807.511560762,5429397.666782,5,3,1,166.8,152,304,51,0,0,0
"8817","40Pla",40,"Plattenwald",FALSE,FALSE,TRUE,FALSE,FALSE,490806.401981589,5429383.56824186,1,1,0,928,928,928,928,0,0,0
"8818","59Pla",59,"Plattenwald",FALSE,FALSE,FALSE,FALSE,TRUE,490798.797921933,5429377.07376138,2,1,0,1846.5,1846.5,2681,1012,0,0,0
"8820","41Pla",41,"Plattenwald",FALSE,FALSE,FALSE,FALSE,TRUE,490799.907501106,5429391.17230152,7,3,1,645.6,435,2134,218,1,1,1
"8827","58Pla",58,"Plattenwald",FALSE,FALSE,FALSE,FALSE,TRUE,490792.30344145,5429384.67782103,7,1,0,652.3,483,1654,321,0,0,0
"8834","57Pla",57,"Plattenwald",FALSE,FALSE,FALSE,FALSE,TRUE,490785.808960967,5429392.28188069,47,6,7,152,103,1484,48,0,0,0
"8881","45Pla",45,"Plattenwald",FALSE,FALSE,FALSE,FALSE,FALSE,490773.929579173,5429421.58854014,3,2,0,1757,87,5108,76,0,0,0
"8884","44Pla",44,"Plattenwald",FALSE,FALSE,FALSE,FALSE,FALSE,490780.424059656,5429413.98448048,5,4,1,171.6,198,276,65,1,0,1
"8889","43Pla",43,"Plattenwald",FALSE,FALSE,FALSE,FALSE,TRUE,490786.918540139,5429406.38042083,2,2,1,85,85,100,70,0,0,0
"8891","42Pla",42,"Plattenwald",FALSE,FALSE,FALSE,FALSE,FALSE,490793.413020623,5429398.77636117,4,3,1,658.5,727,987,193,1,1,1
"8895","63Pla",63,"Plattenwald",FALSE,FALSE,FALSE,FALSE,FALSE,490771.710420827,5429393.39145986,13,5,0,399,362,949,125,0,0,0
"8908","56Pla",56,"Plattenwald",FALSE,FALSE,FALSE,FALSE,FALSE,490779.314480483,5429399.88594034,49,6,14,277.3,103,6135,50,1,2,2
"8957","62Pla",62,"Plattenwald",FALSE,FALSE,FALSE,FALSE,FALSE,490778.204901311,5429385.7874002,58,5,9,170.2,92.5,3291,46,0,0,0
"9015","55Pla",55,"Plattenwald",FALSE,FALSE,FALSE,FALSE,FALSE,490772.82,5429407.49,2,2,0,1549.5,1549.5,2875,224,0,0,0
"9017","64Pla",64,"Plattenwald",FALSE,FALSE,FALSE,FALSE,FALSE,490765.215940344,5429400.99551952,16,3,0,905.2,136,3179,95,0,0,0
"9033","65Pla",65,"Plattenwald",FALSE,FALSE,FALSE,FALSE,FALSE,490758.721459861,5429408.59957917,50,4,3,191.4,110,1120,46,0,0,0
"9083","73Pla",73,"Plattenwald",FALSE,FALSE,FALSE,FALSE,FALSE,490757.611880688,5429394.50103903,18,4,4,215.6,148,875,59,0,0,0
"9101","74Pla",74,"Plattenwald",FALSE,FALSE,FALSE,FALSE,FALSE,490764.106361171,5429386.89697938,109,6,39,117,100,845,39,2,1,3
"9210","75Pla",75,"Plattenwald",FALSE,FALSE,FALSE,FALSE,FALSE,490770.600841655,5429379.29291972,18,5,5,499.8,184,1705,77,0,1,1
"9228","76Pla",76,"Plattenwald",FALSE,FALSE,FALSE,FALSE,FALSE,490777.095322138,5429371.68886007,4,2,0,500.8,495,899,114,0,0,0
"9232","77Pla",77,"Plattenwald",FALSE,FALSE,FALSE,FALSE,TRUE,490783.589802621,5429364.08480041,1,1,0,485,485,485,485,0,0,0
"9233","61Pla",61,"Plattenwald",FALSE,FALSE,FALSE,FALSE,FALSE,490784.699381794,5429378.18334055,3,2,0,541,549,775,299,0,0,0
"9236","60Pla",60,"Plattenwald",FALSE,FALSE,FALSE,FALSE,FALSE,490791.193862277,5429370.57928089,1,1,0,4500,4500,4500,4500,0,0,0
"9237","67Pla",67,"Plattenwald",FALSE,FALSE,FALSE,FALSE,FALSE,490745.732498894,5429423.80769849,75,6,2,148.1,119,518,41,0,0,0
"9312","68Pla",68,"Plattenwald",FALSE,FALSE,FALSE,FALSE,FALSE,490739.238018411,5429431.41175814,34,3,4,106.5,108,175,56,0,0,0
"9346","69Pla",69,"Plattenwald",FALSE,FALSE,FALSE,FALSE,FALSE,490732.743537928,5429439.0158178,86,3,12,198.1,152.5,595,51,1,0,1
"9432","50Pla",50,"Plattenwald",FALSE,FALSE,FALSE,FALSE,TRUE,490740.347597583,5429445.51029828,8,2,2,92.6,85.5,176,55,0,0,0
"9440","51Pla",51,"Plattenwald",FALSE,FALSE,FALSE,FALSE,FALSE,490746.842078067,5429437.90623862,82,3,4,181.5,125.5,450,55,0,0,0
"9522","49Pla",49,"Plattenwald",FALSE,FALSE,FALSE,FALSE,FALSE,490747.951657239,5429452.00477876,28,3,4,113.3,105,224,55,0,0,0
"9550","48Pla",48,"Plattenwald",FALSE,FALSE,FALSE,FALSE,FALSE,490754.446137723,5429444.40071911,18,3,4,308.2,111.5,1611,69,2,1,2
"9568","52Pla",52,"Plattenwald",FALSE,FALSE,FALSE,FALSE,FALSE,490753.33655855,5429430.30217897,46,4,5,357.9,176,1545,51,1,1,1
"9614","47Pla",47,"Plattenwald",FALSE,FALSE,FALSE,FALSE,FALSE,490760.940618206,5429436.79665945,47,3,0,367,230,3888,74,0,0,0
"9661","7Pla",7,"Plattenwald",FALSE,FALSE,FALSE,FALSE,FALSE,490804.345817797,5429447.56646207,34,6,11,255.1,107,2351,44,0,0,0
"9695","16Pla",16,"Plattenwald",FALSE,FALSE,FALSE,FALSE,FALSE,490796.741758141,5429441.07198159,20,3,0,262.7,261.5,868,80,0,0,0
"9715","17Pla",17,"Plattenwald",FALSE,FALSE,FALSE,FALSE,FALSE,490803.236238624,5429433.46792193,9,3,0,614.4,149,3525,121,0,0,0
"9724","26Pla",26,"Plattenwald",FALSE,FALSE,FALSE,FALSE,FALSE,490789.137698485,5429434.57750111,56,5,2,271.1,141.5,5599,55,0,0,0
"9780","25Pla",25,"Plattenwald",FALSE,FALSE,FALSE,FALSE,FALSE,490795.632178968,5429426.97344145,63,4,5,140.3,119,384,69,0,1,1
"9843","24Pla",24,"Plattenwald",FALSE,FALSE,FALSE,FALSE,FALSE,490802.126659451,5429419.36938179,23,5,8,616.5,422,3953,64,1,1,2
"9866","23Pla",23,"Plattenwald",FALSE,FALSE,FALSE,FALSE,TRUE,490808.621139935,5429411.76532214,2,2,1,181.5,181.5,313,50,0,0,0
"9868","22Pla",22,"Plattenwald",FALSE,FALSE,FALSE,FALSE,FALSE,490815.115620418,5429404.16126248,21,3,0,835.7,467,2528,160,0,0,0
"9889","21Pla",21,"Plattenwald",FALSE,FALSE,FALSE,FALSE,FALSE,490821.610100901,5429396.55720283,23,3,3,489,315,2897,141,1,3,3
"9912","20Pla",20,"Plattenwald",FALSE,FALSE,FALSE,FALSE,TRUE,490822.719680074,5429410.65574296,2,1,0,3981,3981,7201,761,0,0,0
"9914","19Pla",19,"Plattenwald",FALSE,FALSE,FALSE,FALSE,FALSE,490816.225199591,5429418.25980262,18,4,0,335.5,107,2970,65,0,0,0
"9932","5Pla",5,"Plattenwald",FALSE,FALSE,FALSE,FALSE,FALSE,490817.334778763,5429432.35834276,19,3,5,215.4,114,698,50,0,0,0
"9951","18Pla",18,"Plattenwald",FALSE,FALSE,FALSE,FALSE,TRUE,490809.730719107,5429425.86386228,1,1,1,71,71,71,71,0,0,0
"9952","6Pla",6,"Plattenwald",FALSE,FALSE,FALSE,FALSE,FALSE,490810.84029828,5429439.96240242,19,4,8,445.4,100,5481,53,0,0,0
"9971","70Pla",70,"Plattenwald",TRUE,FALSE,FALSE,TRUE,FALSE,490726.249057444,5429446.61987745,0,0,0,NA,NA,NA,NA,0,0,0
"9972","4Leu",4,"Leutzsch",FALSE,FALSE,FALSE,FALSE,FALSE,731410.177538589,5695244.49616797,89,2,8,237.4,210,495,80,0,0,0
"10061","3Leu",3,"Leutzsch",FALSE,FALSE,FALSE,FALSE,FALSE,731407.866429487,5695254.31710417,7,2,5,577.7,129,1871,56,1,3,3
"10068","2Leu",2,"Leutzsch",FALSE,FALSE,FALSE,FALSE,FALSE,731405.555320385,5695264.13804036,23,1,0,185.1,180,387,75,0,0,0
"10091","1Leu",1,"Leutzsch",FALSE,FALSE,FALSE,FALSE,FALSE,731403.244211283,5695273.95897656,39,2,13,180.9,142,1633,55,1,0,1
"10130","20Leu",20,"Leutzsch",FALSE,FALSE,FALSE,FALSE,FALSE,731412.870673495,5695276.31677474,2,1,0,215,215,250,180,0,0,0
"10132","19Leu",19,"Leutzsch",FALSE,FALSE,FALSE,FALSE,FALSE,731415.181782597,5695266.49583854,67,3,9,166.8,135,873,58,0,0,0
"10199","18Leu",18,"Leutzsch",FALSE,FALSE,FALSE,FALSE,FALSE,731417.492891699,5695256.67490234,38,2,8,204.9,127.5,1500,70,1,1,1
"10237","21Leu",21,"Leutzsch",FALSE,FALSE,FALSE,FALSE,FALSE,731424.808244809,5695268.85363671,26,2,4,418.4,381,1350,115,0,1,1
"10263","22Leu",22,"Leutzsch",FALSE,FALSE,FALSE,FALSE,FALSE,731427.119353911,5695259.03270052,47,3,8,315.5,196,1753,79,3,1,3
"10310","23Leu",23,"Leutzsch",FALSE,FALSE,FALSE,FALSE,FALSE,731429.430463013,5695249.21176432,35,2,6,203.7,211,735,75,0,0,0
"10345","24Leu",24,"Leutzsch",FALSE,FALSE,FALSE,FALSE,FALSE,731431.741572115,5695239.39082813,16,2,13,210.6,136,1315,80,1,0,1
"10361","25Leu",25,"Leutzsch",FALSE,FALSE,FALSE,TRUE,FALSE,731434.052681218,5695229.56989193,0,0,0,NA,NA,NA,NA,0,0,0
"10362","26Leu",26,"Leutzsch",FALSE,FALSE,FALSE,FALSE,FALSE,731436.36379032,5695219.74895573,19,2,1,298.7,266,583,76,0,0,0
"10381","40Leu",40,"Leutzsch",FALSE,FALSE,FALSE,FALSE,FALSE,731434.434707021,5695271.21143489,7,2,3,423.4,165,1748,23,1,1,1
"10388","39Leu",39,"Leutzsch",FALSE,FALSE,FALSE,FALSE,FALSE,731436.745816123,5695261.39049869,11,2,9,1074.5,895,2740,155,4,5,7
"10399","38Leu",38,"Leutzsch",FALSE,FALSE,FALSE,FALSE,FALSE,731439.056925225,5695251.5695625,12,2,5,129.4,129.5,239,64,0,0,0
"10411","37Leu",37,"Leutzsch",FALSE,FALSE,FALSE,FALSE,FALSE,731441.368034327,5695241.7486263,7,2,5,298.3,153,1075,53,0,0,0
"10418","36Leu",36,"Leutzsch",FALSE,FALSE,FALSE,TRUE,FALSE,731443.67914343,5695231.9276901,0,0,0,NA,NA,NA,NA,0,0,0
"10419","46Leu",46,"Leutzsch",FALSE,FALSE,FALSE,FALSE,FALSE,731453.305605641,5695234.28548828,5,1,0,506.6,582,915,164,0,0,0
"10424","45Leu",45,"Leutzsch",FALSE,FALSE,FALSE,FALSE,FALSE,731450.994496539,5695244.10642448,37,2,16,190.6,157,535,39,0,0,0
"10461","44Leu",44,"Leutzsch",FALSE,FALSE,FALSE,FALSE,FALSE,731448.683387437,5695253.92736067,1,1,1,94,94,94,94,0,0,0
"10462","43Leu",43,"Leutzsch",FALSE,FALSE,FALSE,FALSE,FALSE,731446.372278335,5695263.74829687,9,1,9,351,405,610,89,1,1,1
"10471","42Leu",42,"Leutzsch",FALSE,FALSE,FALSE,FALSE,FALSE,731444.061169233,5695273.56923306,6,2,5,426.3,340,1115,130,0,2,2
"10477","59Leu",59,"Leutzsch",FALSE,FALSE,FALSE,FALSE,FALSE,731458.309849649,5695256.28515885,19,3,13,137,107,320,60,0,0,0
"10496","60Leu",60,"Leutzsch",FALSE,FALSE,FALSE,FALSE,FALSE,731455.998740547,5695266.10609504,6,1,6,476.8,396,991,58,2,3,4
"10502","61Leu",61,"Leutzsch",FALSE,FALSE,FALSE,FALSE,FALSE,731453.687631445,5695275.92703124,30,3,7,271,195.5,810,71,0,0,0
"10532","64Leu",64,"Leutzsch",FALSE,FALSE,FALSE,TRUE,TRUE,731463.314093656,5695278.28482941,0,0,0,NA,NA,NA,NA,0,0,0
"10533","65Leu",65,"Leutzsch",FALSE,FALSE,FALSE,FALSE,FALSE,731465.625202759,5695268.46389322,18,2,13,121.7,104,440,34,3,1,3
"10551","66Leu",66,"Leutzsch",FALSE,FALSE,FALSE,FALSE,FALSE,731467.936311861,5695258.64295702,25,1,0,195.8,185,408,112,0,0,0
"10576","67Leu",67,"Leutzsch",FALSE,FALSE,FALSE,FALSE,FALSE,731470.247420963,5695248.82202083,10,2,3,330.2,205,1035,116,1,2,2
"10586","68Leu",68,"Leutzsch",FALSE,FALSE,FALSE,FALSE,FALSE,731472.558530065,5695239.00108463,24,3,5,203.3,195,400,75,0,0,0
"10610","69Leu",69,"Leutzsch",FALSE,FALSE,FALSE,FALSE,FALSE,731474.869639167,5695229.18014843,29,2,19,230.1,135,1858,64,1,1,1
"10639","78Leu",78,"Leutzsch",FALSE,FALSE,FALSE,FALSE,TRUE,731484.496101379,5695231.53794661,2,2,0,2223,2223,4300,146,0,0,0
"10641","79Leu",79,"Leutzsch",FALSE,FALSE,FALSE,FALSE,FALSE,731482.184992277,5695241.3588828,14,1,14,460.1,124.5,1675,42,3,5,5
"10655","80Leu",80,"Leutzsch",FALSE,FALSE,FALSE,FALSE,FALSE,731479.873883175,5695251.179819,24,2,8,198.2,155,934,62,1,2,2
"10679","81Leu",81,"Leutzsch",FALSE,FALSE,FALSE,FALSE,FALSE,731477.562774073,5695261.0007552,17,2,9,124.7,109,215,80,0,0,0
"10696","82Leu",82,"Leutzsch",FALSE,FALSE,FALSE,FALSE,FALSE,731475.251664971,5695270.82169139,25,2,4,249.1,198,688,62,0,1,1
"10721","83Leu",83,"Leutzsch",FALSE,FALSE,FALSE,FALSE,FALSE,731472.940555868,5695280.64262759,31,2,5,438.6,326,1502,95,1,0,1
"10752","86Leu",86,"Leutzsch",FALSE,FALSE,FALSE,FALSE,FALSE,731482.56701808,5695283.00042576,44,2,18,269.3,178.5,1762,45,3,4,4
"10796","84Leu",84,"Leutzsch",FALSE,FALSE,FALSE,TRUE,TRUE,731470.629446766,5695290.46356378,0,0,0,NA,NA,NA,NA,0,0,0
"10797","87Leu",87,"Leutzsch",FALSE,FALSE,FALSE,FALSE,FALSE,731484.878127183,5695273.17948957,40,3,14,254.7,207.5,803,90,2,1,2
"10837","88Leu",88,"Leutzsch",FALSE,FALSE,FALSE,FALSE,FALSE,731487.189236285,5695263.35855337,39,2,17,180.9,169,318,70,0,0,0
"10876","89Leu",89,"Leutzsch",FALSE,FALSE,FALSE,FALSE,FALSE,731489.500345387,5695253.53761718,13,2,6,265.2,156,743,61,2,2,3
"10889","5Leu",5,"Leutzsch",FALSE,FALSE,FALSE,FALSE,FALSE,731412.488647691,5695234.67523178,29,2,7,194.2,183,490,43,0,0,0
"10918","6Leu",6,"Leutzsch",FALSE,FALSE,FALSE,FALSE,FALSE,731414.799756794,5695224.85429558,6,2,3,155.7,144.5,225,95,0,0,0
"10924","7Leu",7,"Leutzsch",FALSE,FALSE,FALSE,FALSE,FALSE,731417.110865896,5695215.03335938,29,2,13,180.3,156,466,66,0,0,0
"10953","8Leu",8,"Leutzsch",FALSE,FALSE,FALSE,FALSE,FALSE,731419.421974998,5695205.21242319,18,3,6,339.6,221,1096,83,2,1,2
"10971","9Leu",9,"Leutzsch",FALSE,FALSE,FALSE,FALSE,FALSE,731421.7330841,5695195.39148699,9,3,6,368.8,100,2114,54,1,0,1
"10980","10Leu",10,"Leutzsch",FALSE,FALSE,FALSE,FALSE,FALSE,731424.044193202,5695185.5705508,11,2,2,166.5,176,266,51,0,0,0
"10991","11Leu",11,"Leutzsch",FALSE,FALSE,FALSE,FALSE,FALSE,731433.670655414,5695187.92834897,6,3,3,801.8,261,2061,86,1,1,1
"10997","12Leu",12,"Leutzsch",FALSE,FALSE,FALSE,FALSE,FALSE,731431.359546312,5695197.74928517,24,3,17,495.7,442,1451,62,8,7,11
"11021","13Leu",13,"Leutzsch",FALSE,FALSE,FALSE,FALSE,FALSE,731429.04843721,5695207.57022136,34,2,13,439.9,295.5,1818,67,7,2,7
"11055","14Leu",14,"Leutzsch",FALSE,FALSE,FALSE,FALSE,FALSE,731426.737328108,5695217.39115756,9,2,2,258.3,134,624,80,0,0,0
"11064","15Leu",15,"Leutzsch",FALSE,FALSE,FALSE,FALSE,FALSE,731424.426219006,5695227.21209375,1,1,1,96,96,96,96,0,0,0
"11065","16Leu",16,"Leutzsch",FALSE,FALSE,FALSE,FALSE,FALSE,731422.115109903,5695237.03302995,55,3,10,277.4,273,598,83,0,0,0
"11120","17Leu",17,"Leutzsch",FALSE,FALSE,FALSE,FALSE,FALSE,731419.804000801,5695246.85396615,22,3,5,319.2,123,4304,73,0,0,0
"11142","29Leu",29,"Leutzsch",FALSE,FALSE,TRUE,FALSE,FALSE,731443.297117626,5695190.28614715,3,2,1,111.3,101,134,99,0,0,0
"11145","28Leu",28,"Leutzsch",FALSE,FALSE,FALSE,FALSE,FALSE,731440.986008524,5695200.10708334,39,3,8,144.9,132,313,57,0,0,0
"11184","27Leu",27,"Leutzsch",FALSE,FALSE,FALSE,FALSE,FALSE,731438.674899422,5695209.92801954,8,2,2,300.5,272,710,60,0,0,0
"11192","32Leu",32,"Leutzsch",FALSE,FALSE,FALSE,FALSE,FALSE,731452.923579838,5695192.64394532,39,4,1,364,116,9990,69,0,0,0
"11231","33Leu",33,"Leutzsch",FALSE,FALSE,FALSE,FALSE,FALSE,731450.612470736,5695202.46488152,38,5,11,153,129.5,972,54,0,0,0
"11269","34Leu",34,"Leutzsch",FALSE,FALSE,FALSE,FALSE,FALSE,731448.301361634,5695212.28581771,39,2,13,186.7,165,417,83,0,0,0
"11308","35Leu",35,"Leutzsch",FALSE,FALSE,FALSE,FALSE,FALSE,731445.990252532,5695222.10675391,19,2,9,222.5,167,588,105,0,0,0
"11327","51Leu",51,"Leutzsch",FALSE,FALSE,FALSE,TRUE,FALSE,731464.861151152,5695185.1808073,0,0,0,NA,NA,NA,NA,0,0,0
"11328","50Leu",50,"Leutzsch",FALSE,FALSE,FALSE,FALSE,FALSE,731462.55004205,5695195.0017435,15,3,1,199.5,142,582,92,0,0,0
"11343","49Leu",49,"Leutzsch",FALSE,FALSE,FALSE,FALSE,FALSE,731460.238932948,5695204.82267969,7,2,2,137.4,144,229,71,0,0,0
"11350","48Leu",48,"Leutzsch",FALSE,FALSE,FALSE,FALSE,FALSE,731457.927823846,5695214.64361589,22,2,9,315.9,245.5,978,60,1,1,1
"11372","58Leu",58,"Leutzsch",FALSE,FALSE,FALSE,FALSE,FALSE,731460.620958751,5695246.46422265,8,2,1,155.2,157.5,260,73,0,0,0
"11380","57Leu",57,"Leutzsch",FALSE,FALSE,FALSE,FALSE,FALSE,731462.932067853,5695236.64328645,18,2,2,300.7,276.5,933,103,0,0,0
"11398","56Leu",56,"Leutzsch",FALSE,FALSE,FALSE,FALSE,FALSE,731465.243176955,5695226.82235026,36,2,17,194.2,164.5,465,43,0,0,0
"11434","55Leu",55,"Leutzsch",FALSE,FALSE,FALSE,FALSE,TRUE,731467.554286058,5695217.00141406,6,3,4,168.5,120,476,76,1,1,1
"11440","54Leu",54,"Leutzsch",FALSE,FALSE,FALSE,FALSE,FALSE,731469.86539516,5695207.18047787,16,2,1,359.9,320.5,751,139,0,0,0
"11456","53Leu",53,"Leutzsch",FALSE,FALSE,FALSE,FALSE,FALSE,731472.176504262,5695197.35954167,7,2,1,285.1,179,930,121,1,1,1
"11463","72Leu",72,"Leutzsch",FALSE,FALSE,FALSE,FALSE,FALSE,731481.802966474,5695199.71733985,10,2,8,103.1,77.5,252,65,0,0,0
"11473","71Leu",71,"Leutzsch",FALSE,FALSE,FALSE,FALSE,FALSE,731479.491857372,5695209.53827604,19,2,5,158.4,158,259,80,0,0,0
"11492","70Leu",70,"Leutzsch",FALSE,FALSE,FALSE,FALSE,FALSE,731477.18074827,5695219.35921224,37,3,33,295.2,128,4650,74,3,1,3
"11529","75Leu",75,"Leutzsch",FALSE,FALSE,FALSE,FALSE,FALSE,731491.429428686,5695202.07513802,22,3,11,251.7,152.5,1734,71,3,1,3
"11551","76Leu",76,"Leutzsch",FALSE,FALSE,FALSE,FALSE,FALSE,731489.118319584,5695211.89607422,9,3,6,143.1,152,235,53,0,0,0
"11560","77Leu",77,"Leutzsch",FALSE,FALSE,FALSE,FALSE,FALSE,731486.807210481,5695221.71701041,34,2,18,152.9,134,333,56,1,1,2
"11594","94Leu",94,"Leutzsch",FALSE,FALSE,TRUE,TRUE,FALSE,731501.055890898,5695204.4329362,0,0,0,NA,NA,NA,NA,0,0,0
"11595","93Leu",93,"Leutzsch",FALSE,FALSE,TRUE,TRUE,TRUE,731498.744781796,5695214.25387239,0,0,0,NA,NA,NA,NA,0,0,0
"11596","92Leu",92,"Leutzsch",FALSE,FALSE,TRUE,TRUE,FALSE,731496.433672693,5695224.07480859,0,0,0,NA,NA,NA,NA,0,0,0
"11597","91Leu",91,"Leutzsch",FALSE,FALSE,TRUE,FALSE,FALSE,731494.122563591,5695233.89574478,24,2,7,573.2,503.5,1866,131,2,3,3
"11621","90Leu",90,"Leutzsch",FALSE,FALSE,TRUE,FALSE,FALSE,731491.811454489,5695243.71668098,65,2,11,463.8,304,3178,86,5,4,6
"11686","47Leu",47,"Leutzsch",FALSE,FALSE,FALSE,TRUE,FALSE,731455.616714743,5695224.46455208,0,0,0,NA,NA,NA,NA,0,0,0
"11687","95Leu",95,"Leutzsch",FALSE,FALSE,TRUE,FALSE,FALSE,731503.367,5695194.612,21,3,12,91.7,79,193,48,0,0,0
"11708","74Leu",74,"Leutzsch",FALSE,FALSE,FALSE,FALSE,FALSE,731493.740537788,5695192.25420182,23,2,8,190.1,153,958,65,1,1,1
"11731","38Ett",38,"Ettersberg",FALSE,FALSE,FALSE,FALSE,FALSE,660644.347166784,5654693.05757737,9,2,3,94,89,131,59,0,0,0
"11740","37Ett",37,"Ettersberg",FALSE,FALSE,FALSE,FALSE,FALSE,660643.722401114,5654683.07731008,5,2,4,96.6,89,138,71,0,0,0
"11745","36Ett",36,"Ettersberg",FALSE,FALSE,FALSE,FALSE,FALSE,660643.097635445,5654673.0970428,80,3,47,145.2,130,405,45,2,1,3
"11825","22Ett",22,"Ettersberg",FALSE,FALSE,FALSE,FALSE,FALSE,660623.236903549,5654674.35285319,6,3,1,150,94,391,52,0,0,0
"11831","23Ett",23,"Ettersberg",FALSE,FALSE,FALSE,FALSE,FALSE,660623.861669219,5654684.33312047,11,3,4,77.9,75,109,40,0,0,0
"11842","24Ett",24,"Ettersberg",FALSE,FALSE,FALSE,FALSE,FALSE,660624.486434888,5654694.31338776,8,2,1,86.8,87,111,57,0,0,0
"11850","25Ett",25,"Ettersberg",FALSE,FALSE,FALSE,FALSE,FALSE,660625.111200557,5654704.29365504,59,2,54,79.1,79,116,48,1,0,1
"11909","18Ett",18,"Ettersberg",FALSE,FALSE,FALSE,FALSE,FALSE,660615.180834609,5654704.92156024,78,4,75,73.9,69,295,41,0,0,0
"11987","19Ett",19,"Ettersberg",FALSE,FALSE,FALSE,FALSE,FALSE,660614.55606894,5654694.94129295,22,2,16,77.8,72.5,142,46,0,0,0
"12009","20Ett",20,"Ettersberg",FALSE,FALSE,FALSE,FALSE,FALSE,660613.931303271,5654684.96102567,21,5,13,87.9,75,343,40,0,0,0
"12030","21Ett",21,"Ettersberg",FALSE,FALSE,FALSE,FALSE,FALSE,660613.306537601,5654674.98075838,19,5,6,120.7,98,288,61,0,0,0
"12049","8Ett",8,"Ettersberg",FALSE,FALSE,FALSE,FALSE,FALSE,660603.376171653,5654675.60866358,1,1,0,448,448,448,448,0,0,0
"12050","9Ett",9,"Ettersberg",FALSE,FALSE,FALSE,FALSE,FALSE,660604.000937323,5654685.58893086,41,4,35,73.8,74,138,24,1,1,2
"12091","52Ett",52,"Ettersberg",FALSE,FALSE,FALSE,FALSE,FALSE,660662.333601671,5654661.86096512,25,4,3,95,94,170,43,0,0,0
"12116","53Ett",53,"Ettersberg",FALSE,FALSE,FALSE,FALSE,FALSE,660662.958367341,5654671.84123241,24,2,7,88.9,85.5,181,38,1,0,1
"12140","54Ett",54,"Ettersberg",FALSE,FALSE,FALSE,FALSE,FALSE,660663.58313301,5654681.82149969,47,4,22,87.9,85,168,45,0,0,0
"12187","55Ett",55,"Ettersberg",FALSE,FALSE,FALSE,FALSE,FALSE,660664.207898679,5654691.80176698,63,4,45,73.4,69,142,35,0,0,0
"12250","56Ett",56,"Ettersberg",FALSE,FALSE,FALSE,FALSE,FALSE,660664.832664349,5654701.78203426,25,3,14,75.1,73,129,42,0,0,0
"12275","59Ett",59,"Ettersberg",FALSE,FALSE,FALSE,FALSE,FALSE,660674.763030296,5654701.15412906,54,3,37,84.9,82,198,41,2,2,4
"12329","60Ett",60,"Ettersberg",FALSE,FALSE,FALSE,FALSE,FALSE,660674.138264627,5654691.17386178,59,3,39,83.3,73,185,35,1,1,1
"12388","70Ett",70,"Ettersberg",FALSE,FALSE,FALSE,FALSE,FALSE,660684.693396244,5654700.52622387,92,5,66,99,92,273,36,3,0,3
"12480","69Ett",69,"Ettersberg",FALSE,FALSE,TRUE,FALSE,TRUE,660684.068630575,5654690.54595658,25,5,15,91.6,79,174,56,0,0,0
"12505","68Ett",68,"Ettersberg",FALSE,FALSE,TRUE,FALSE,FALSE,660683.443864906,5654680.5656893,58,5,35,102.4,96,289,39,1,2,3
"12563","73Ett",73,"Ettersberg",FALSE,FALSE,FALSE,FALSE,FALSE,660694.623762192,5654699.89831867,100,5,75,94.6,86,191,50,3,3,6
"12663","74Ett",74,"Ettersberg",FALSE,FALSE,TRUE,FALSE,FALSE,660693.998996523,5654689.91805139,31,4,12,104.4,99,169,46,0,0,0
"12694","75Ett",75,"Ettersberg",FALSE,FALSE,FALSE,FALSE,FALSE,660693.374230854,5654679.93778411,22,3,13,98.5,93,218,55,1,0,1
"12716","84Ett",84,"Ettersberg",FALSE,FALSE,FALSE,FALSE,FALSE,660704.55412814,5654699.27041348,86,4,50,146.7,118,375,50,2,1,2
"12802","87Ett",87,"Ettersberg",FALSE,FALSE,FALSE,FALSE,FALSE,660714.484494088,5654698.64250828,41,3,35,79.1,67,162,35,1,0,1
"12843","88Ett",88,"Ettersberg",FALSE,FALSE,FALSE,FALSE,TRUE,660713.859728419,5654688.662241,44,3,32,104.8,106,217,40,1,1,2
"12887","89Ett",89,"Ettersberg",FALSE,FALSE,FALSE,FALSE,FALSE,660713.234962749,5654678.68197371,17,3,12,94.4,75,162,46,0,1,1
"12904","90Ett",90,"Ettersberg",FALSE,FALSE,FALSE,FALSE,FALSE,660712.61019708,5654668.70170643,33,3,21,92.8,85,213,54,1,1,2
"12937","91Ett",91,"Ettersberg",FALSE,FALSE,FALSE,FALSE,FALSE,660711.98543141,5654658.72143915,53,4,29,199.5,195,505,35,4,1,5
"12990","98Ett",98,"Ettersberg",FALSE,FALSE,FALSE,FALSE,FALSE,660724.414860036,5654698.01460309,30,4,14,506.2,368,1870,90,1,1,2
"13020","86Ett",86,"Ettersberg",FALSE,FALSE,FALSE,FALSE,FALSE,660715.109259757,5654708.62277557,70,4,40,82.1,75.5,264,39,1,0,1
"13090","85Ett",85,"Ettersberg",FALSE,FALSE,FALSE,FALSE,FALSE,660705.178893809,5654709.25068076,11,4,4,761.6,114,3556,50,0,0,0
"13101","71Ett",71,"Ettersberg",FALSE,FALSE,FALSE,FALSE,FALSE,660685.318161914,5654710.50649115,82,5,40,157.8,119.5,728,52,4,4,7
"13183","57Ett",57,"Ettersberg",FALSE,FALSE,FALSE,FALSE,FALSE,660665.457430018,5654711.76230154,20,3,12,82.6,80.5,142,52,1,0,1
"13203","50Ett",50,"Ettersberg",FALSE,FALSE,FALSE,FALSE,FALSE,660652.403235723,5654662.48887032,41,3,12,88.4,89,133,38,0,0,0
"13244","49Ett",49,"Ettersberg",FALSE,FALSE,FALSE,FALSE,FALSE,660653.028001393,5654672.4691376,1,1,0,101,101,101,101,0,0,0
"13245","48Ett",48,"Ettersberg",FALSE,FALSE,FALSE,FALSE,FALSE,660653.652767062,5654682.44940489,65,4,45,106,102,248,45,2,3,5
"13310","47Ett",47,"Ettersberg",FALSE,FALSE,FALSE,FALSE,FALSE,660654.277532731,5654692.42967217,38,3,28,91.9,86,158,59,1,0,1
"13348","46Ett",46,"Ettersberg",FALSE,FALSE,FALSE,TRUE,FALSE,660654.902298401,5654702.40993945,0,0,0,NA,NA,NA,NA,0,0,0
"13349","45Ett",45,"Ettersberg",FALSE,FALSE,FALSE,FALSE,FALSE,660655.52706407,5654712.39020674,6,2,5,59.2,57,88,44,0,0,0
"13355","44Ett",44,"Ettersberg",FALSE,FALSE,FALSE,FALSE,FALSE,660656.151829739,5654722.37047402,1,1,0,434,434,434,434,0,0,0
"13356","41Ett",41,"Ettersberg",FALSE,FALSE,FALSE,FALSE,FALSE,660646.221463791,5654722.99837922,28,3,26,62.1,58,95,30,0,0,0
"13384","40Ett",40,"Ettersberg",FALSE,FALSE,FALSE,FALSE,FALSE,660645.596698122,5654713.01811193,15,4,4,88.5,75,214,53,0,0,0
"13399","39Ett",39,"Ettersberg",FALSE,FALSE,FALSE,FALSE,FALSE,660644.971932453,5654703.03784465,5,2,3,85.4,78,111,58,0,0,0
"13404","34Ett",34,"Ettersberg",FALSE,FALSE,FALSE,FALSE,FALSE,660633.792035166,5654683.70521528,5,3,1,114,124,155,73,0,0,0
"13409","35Ett",35,"Ettersberg",FALSE,FALSE,FALSE,TRUE,FALSE,660633.167269497,5654673.72494799,0,0,0,NA,NA,NA,NA,0,0,0
"13410","33Ett",33,"Ettersberg",FALSE,FALSE,FALSE,FALSE,FALSE,660634.416800836,5654693.68548256,1,1,0,110,110,110,110,0,0,0
"13411","32Ett",32,"Ettersberg",FALSE,FALSE,FALSE,FALSE,FALSE,660635.041566505,5654703.66574985,5,2,2,89.2,67,142,60,0,0,0
"13416","31Ett",31,"Ettersberg",FALSE,FALSE,FALSE,FALSE,FALSE,660635.666332174,5654713.64601713,41,3,35,70.6,70,118,40,0,0,0
"13457","30Ett",30,"Ettersberg",FALSE,FALSE,FALSE,FALSE,FALSE,660636.291097844,5654723.62628441,34,2,33,70.5,66,111,52,0,0,0
"13491","27Ett",27,"Ettersberg",FALSE,FALSE,FALSE,FALSE,FALSE,660626.360731896,5654724.25418961,43,2,42,68.7,69,104,40,0,0,0
"13534","26Ett",26,"Ettersberg",FALSE,FALSE,FALSE,FALSE,FALSE,660625.735966226,5654714.27392233,26,3,24,72.2,69,120,37,1,0,1
"13560","17Ett",17,"Ettersberg",FALSE,FALSE,FALSE,FALSE,FALSE,660615.805600279,5654714.90182752,5,1,5,78.8,74,94,64,0,0,0
"13565","16Ett",16,"Ettersberg",FALSE,FALSE,FALSE,FALSE,FALSE,660616.430365948,5654724.8820948,4,1,4,71,70.5,78,65,0,0,0
"13569","13Ett",13,"Ettersberg",FALSE,FALSE,FALSE,FALSE,FALSE,660606.5,5654725.51,40,3,36,84.1,75,261,48,0,0,0
"13609","12Ett",12,"Ettersberg",FALSE,FALSE,FALSE,FALSE,FALSE,660605.875234331,5654715.52973272,33,2,31,67,68,108,37,1,0,1
"13642","11Ett",11,"Ettersberg",FALSE,FALSE,FALSE,FALSE,FALSE,660605.250468661,5654705.54946543,16,1,16,65.2,63,84,44,0,0,0
"13658","10Ett",10,"Ettersberg",FALSE,FALSE,FALSE,FALSE,FALSE,660604.625702992,5654695.56919815,31,3,24,74.2,72,166,43,0,0,0
"13689","64Ett",64,"Ettersberg",FALSE,FALSE,FALSE,FALSE,FALSE,660671.63920195,5654651.25279264,21,3,4,92.3,94,190,18,0,0,0
"13710","63Ett",63,"Ettersberg",FALSE,FALSE,FALSE,FALSE,FALSE,660672.263967619,5654661.23305993,71,4,43,116.2,112,316,36,2,1,3
"13781","62Ett",62,"Ettersberg",FALSE,FALSE,FALSE,FALSE,FALSE,660672.888733288,5654671.21332721,46,4,32,123.2,119.5,317,48,1,2,3
"13827","61Ett",61,"Ettersberg",FALSE,FALSE,FALSE,FALSE,FALSE,660673.513498958,5654681.1935945,58,3,34,98,89,194,38,0,2,2
"13885","65Ett",65,"Ettersberg",FALSE,FALSE,FALSE,FALSE,FALSE,660681.569567898,5654650.62488745,40,5,9,235.8,146,735,64,2,3,3
"13925","66Ett",66,"Ettersberg",FALSE,FALSE,FALSE,FALSE,FALSE,660682.194333567,5654660.60515473,62,4,16,138.8,107.5,488,57,1,1,2
"13987","67Ett",67,"Ettersberg",FALSE,FALSE,FALSE,FALSE,FALSE,660682.819099236,5654670.58542202,44,5,23,121.1,116,274,54,5,1,6
"14031","76Ett",76,"Ettersberg",FALSE,FALSE,FALSE,FALSE,FALSE,660692.749465184,5654669.95751682,78,5,52,122.4,113,226,47,5,2,5
"14109","77Ett",77,"Ettersberg",FALSE,FALSE,FALSE,FALSE,FALSE,660692.124699515,5654659.97724954,23,4,9,243.1,184,1058,80,2,0,2
"14132","80Ett",80,"Ettersberg",FALSE,FALSE,FALSE,FALSE,FALSE,660702.055065463,5654659.34934434,3,1,3,150.7,127,220,105,1,1,1
"14135","81Ett",81,"Ettersberg",FALSE,FALSE,FALSE,FALSE,TRUE,660702.679831132,5654669.32961163,6,2,2,139.3,148.5,215,52,0,0,0
"14141","82Ett",82,"Ettersberg",FALSE,FALSE,FALSE,FALSE,FALSE,660703.304596801,5654679.30987891,42,4,21,119.9,120.5,230,45,0,0,0
"14183","83Ett",83,"Ettersberg",FALSE,FALSE,FALSE,FALSE,FALSE,660703.929362471,5654689.29014619,72,5,38,134.2,118,390,41,1,2,2
"14255","94Ett",94,"Ettersberg",FALSE,FALSE,FALSE,FALSE,FALSE,660721.915797358,5654658.09353395,2,2,1,64,64,82,46,0,0,0
"14257","95Ett",95,"Ettersberg",FALSE,FALSE,FALSE,FALSE,FALSE,660722.540563028,5654668.07380124,12,2,3,86.7,92.5,113,43,0,0,0
"14269","96Ett",96,"Ettersberg",FALSE,FALSE,FALSE,FALSE,FALSE,660723.165328697,5654678.05406852,44,4,33,137.7,108.5,1048,49,0,0,0
"14313","97Ett",97,"Ettersberg",FALSE,FALSE,FALSE,FALSE,FALSE,660723.790094366,5654688.0343358,48,4,36,99,96,186,50,2,0,2
"14361","99Ett",99,"Ettersberg",FALSE,FALSE,FALSE,FALSE,FALSE,660725.039625705,5654707.99487037,109,4,84,128.1,115,301,28,2,2,3
"14470","72Ett",72,"Ettersberg",FALSE,FALSE,FALSE,FALSE,FALSE,660695.248527861,5654709.87858596,77,5,53,151.8,148,368,51,3,1,3
"14547","58Ett",58,"Ettersberg",FALSE,FALSE,FALSE,FALSE,FALSE,660675.387795966,5654711.13439635,68,4,57,106.2,106,266,22,0,0,0
"14615","89Ste",89,"Stegelitz",FALSE,FALSE,FALSE,TRUE,FALSE,830989.122943593,5904388.37596705,0,0,0,NA,NA,NA,NA,0,0,0
"14616","90Ste",90,"Stegelitz",FALSE,FALSE,FALSE,TRUE,FALSE,830986.18254034,5904378.6268783,0,0,0,NA,NA,NA,NA,0,0,0
"14617","70Ste",70,"Stegelitz",FALSE,FALSE,FALSE,TRUE,FALSE,830973.500403218,5904371.18096247,0,0,0,NA,NA,NA,NA,0,0,0
"14618","71Ste",71,"Stegelitz",FALSE,FALSE,FALSE,TRUE,FALSE,830976.440806471,5904380.93005122,0,0,0,NA,NA,NA,NA,0,0,0
"14619","72Ste",72,"Stegelitz",FALSE,FALSE,FALSE,TRUE,FALSE,830979.381209723,5904390.67913997,0,0,0,NA,NA,NA,NA,0,0,0
"14620","67Ste",67,"Stegelitz",FALSE,FALSE,FALSE,TRUE,FALSE,830969.639475853,5904392.98231289,0,0,0,NA,NA,NA,NA,0,0,0
"14621","68Ste",68,"Stegelitz",FALSE,FALSE,FALSE,TRUE,FALSE,830966.699072601,5904383.23322414,0,0,0,NA,NA,NA,NA,0,0,0
"14622","69Ste",69,"Stegelitz",FALSE,FALSE,FALSE,TRUE,FALSE,830963.758669349,5904373.48413539,0,0,0,NA,NA,NA,NA,0,0,0
"14623","49Ste",49,"Stegelitz",FALSE,FALSE,FALSE,TRUE,FALSE,830954.016935479,5904375.78730831,0,0,0,NA,NA,NA,NA,0,0,0
"14624","50Ste",50,"Stegelitz",FALSE,FALSE,FALSE,TRUE,FALSE,830956.957338731,5904385.53639706,0,0,0,NA,NA,NA,NA,0,0,0
"14625","51Ste",51,"Stegelitz",FALSE,FALSE,FALSE,FALSE,FALSE,830959.897741984,5904395.28548581,7,1,7,438.6,418,699,270,3,2,3
"14632","46Ste",46,"Stegelitz",FALSE,FALSE,FALSE,FALSE,FALSE,830950.156008114,5904397.58865874,4,1,4,117.2,119.5,145,85,0,0,0
"14636","47Ste",47,"Stegelitz",FALSE,FALSE,FALSE,TRUE,FALSE,830947.215604861,5904387.83956998,0,0,0,NA,NA,NA,NA,0,0,0
"14637","48Ste",48,"Stegelitz",FALSE,FALSE,FALSE,TRUE,FALSE,830944.275201609,5904378.09048123,0,0,0,NA,NA,NA,NA,0,0,0
"14638","31Ste",31,"Stegelitz",FALSE,FALSE,FALSE,FALSE,TRUE,830940.414274244,5904399.89183166,3,1,3,204.3,193,250,170,0,0,0
"14641","30Ste",30,"Stegelitz",FALSE,FALSE,FALSE,FALSE,FALSE,830937.473870992,5904390.14274291,16,1,0,215.1,190.5,341,85,0,0,0
"14657","29Ste",29,"Stegelitz",FALSE,FALSE,FALSE,FALSE,FALSE,830934.533467739,5904380.39365416,8,3,2,102.6,85.5,215,61,0,0,0
"14665","28Ste",28,"Stegelitz",FALSE,FALSE,FALSE,FALSE,TRUE,830924.79173387,5904382.69682708,7,2,0,343.6,327,850,80,0,0,0
"14672","27Ste",27,"Stegelitz",FALSE,FALSE,FALSE,FALSE,FALSE,830927.732137122,5904392.44591583,23,3,1,513,224,3073,66,0,0,0
"14695","26Ste",26,"Stegelitz",FALSE,FALSE,FALSE,FALSE,FALSE,830930.672540374,5904402.19500458,13,3,1,529.3,465,1412,99,0,0,0
"14708","10Ste",10,"Stegelitz",FALSE,FALSE,FALSE,FALSE,FALSE,830917.990403252,5904394.74908875,1,1,0,1140,1140,1140,1140,0,0,0
"14709","9Ste",9,"Stegelitz",FALSE,FALSE,FALSE,FALSE,FALSE,830915.05,5904385,3,2,0,232.7,265,315,118,0,0,0
"14712","8Ste",8,"Stegelitz",FALSE,FALSE,FALSE,TRUE,FALSE,830911.189072635,5904406.80135042,0,0,0,NA,NA,NA,NA,0,0,0
"14713","1Ste",1,"Stegelitz",FALSE,FALSE,FALSE,FALSE,FALSE,830931.771895401,5904475.04497168,9,3,7,293.3,360,464,131,0,0,0
"14722","2Ste",2,"Stegelitz",FALSE,FALSE,FALSE,FALSE,FALSE,830928.831492149,5904465.29588293,12,3,6,115.5,105.5,242,58,0,0,0
"14734","3Ste",3,"Stegelitz",FALSE,FALSE,TRUE,TRUE,FALSE,830925.891088897,5904455.54679418,0,0,0,NA,NA,NA,NA,0,0,0
"14735","4Ste",4,"Stegelitz",FALSE,FALSE,FALSE,FALSE,FALSE,830922.950685644,5904445.79770543,8,3,3,398.9,377,910,75,0,0,0
"14743","15Ste",15,"Stegelitz",FALSE,FALSE,FALSE,FALSE,TRUE,830932.692419514,5904443.49453251,6,4,3,363.7,212.5,1228,98,0,0,0
"14749","16Ste",16,"Stegelitz",FALSE,FALSE,FALSE,FALSE,FALSE,830935.632822766,5904453.24362126,10,3,5,143.6,134,276,38,0,0,0
"14759","17Ste",17,"Stegelitz",FALSE,FALSE,FALSE,FALSE,TRUE,830938.573226019,5904462.99271001,6,3,2,361.3,480.5,533,80,0,0,0
"14765","18Ste",18,"Stegelitz",FALSE,FALSE,FALSE,TRUE,FALSE,830941.513629271,5904472.74179876,0,0,0,NA,NA,NA,NA,0,0,0
"14766","19Ste",19,"Stegelitz",FALSE,FALSE,FALSE,FALSE,TRUE,830951.255363141,5904470.43862584,1,1,0,1742,1742,1742,1742,0,0,0
"14767","20Ste",20,"Stegelitz",FALSE,FALSE,FALSE,FALSE,FALSE,830948.314959888,5904460.68953709,3,1,3,83.7,80,101,70,0,0,0
"14770","21Ste",21,"Stegelitz",FALSE,FALSE,FALSE,FALSE,FALSE,830945.374556636,5904450.94044833,9,4,3,111.6,82,253,54,2,0,2
"14779","22Ste",22,"Stegelitz",FALSE,FALSE,FALSE,FALSE,FALSE,830942.434153384,5904441.19135958,12,4,7,169.2,120.5,426,68,0,0,0
"14791","35Ste",35,"Stegelitz",FALSE,FALSE,FALSE,FALSE,FALSE,830952.175887253,5904438.88818666,21,2,3,179,170,435,65,0,0,0
"14812","36Ste",36,"Stegelitz",FALSE,FALSE,FALSE,FALSE,FALSE,830955.116290506,5904448.63727541,6,2,5,247.5,180,687,59,0,2,2
"14818","37Ste",37,"Stegelitz",FALSE,FALSE,FALSE,FALSE,FALSE,830958.056693758,5904458.38636416,17,3,14,196.8,108,805,63,0,1,1
"14835","38Ste",38,"Stegelitz",FALSE,FALSE,FALSE,FALSE,FALSE,830960.99709701,5904468.13545291,1,1,0,411,411,411,411,0,0,0
"14836","39Ste",39,"Stegelitz",FALSE,FALSE,FALSE,FALSE,FALSE,830970.73883088,5904465.83227999,11,1,11,80.8,78,135,47,0,0,0
"14847","40Ste",40,"Stegelitz",FALSE,FALSE,FALSE,FALSE,FALSE,830967.798427628,5904456.08319124,22,3,17,353.9,223,2215,88,0,3,3
"14869","57Ste",57,"Stegelitz",FALSE,FALSE,FALSE,FALSE,FALSE,830977.540161497,5904453.78001832,8,2,2,672.8,677.5,1384,63,0,0,0
"14877","58Ste",58,"Stegelitz",FALSE,FALSE,FALSE,FALSE,FALSE,830980.48056475,5904463.52910707,18,3,2,186.3,161.5,375,85,0,0,0
"14895","59Ste",59,"Stegelitz",FALSE,FALSE,FALSE,FALSE,FALSE,830993.162701872,5904470.9750229,43,5,34,250.9,112,2525,20,2,0,2
"14938","60Ste",60,"Stegelitz",FALSE,FALSE,FALSE,FALSE,FALSE,830990.222298619,5904461.22593415,23,3,16,218.3,150,780,60,0,0,0
"14961","80Ste",80,"Stegelitz",FALSE,FALSE,FALSE,FALSE,FALSE,831002.904435741,5904468.67184998,17,4,13,125.6,105,361,35,0,2,2
"14978","81Ste",81,"Stegelitz",FALSE,FALSE,FALSE,FALSE,TRUE,831012.646169611,5904466.36867706,1,1,1,260,260,260,260,0,1,1
"14979","79Ste",79,"Stegelitz",FALSE,FALSE,FALSE,FALSE,FALSE,830999.964032489,5904458.92276123,5,2,3,460.4,169,1715,80,0,1,1
"14984","11Ste",11,"Stegelitz",FALSE,FALSE,FALSE,FALSE,FALSE,830920.930806505,5904404.4981775,3,2,0,811,855,970,608,0,0,0
"14987","6Ste",6,"Stegelitz",FALSE,FALSE,FALSE,FALSE,FALSE,830917.06987914,5904426.29952793,10,3,8,147.1,121,368,94,0,1,1
"14997","13Ste",13,"Stegelitz",FALSE,FALSE,FALSE,FALSE,FALSE,830926.811613009,5904423.996355,77,5,21,186.2,168,828,49,0,1,1
"15074","24Ste",24,"Stegelitz",FALSE,FALSE,FALSE,FALSE,FALSE,830936.553346879,5904421.69318208,36,3,8,167.7,156,405,1,0,1,1
"15110","33Ste",33,"Stegelitz",FALSE,FALSE,FALSE,TRUE,FALSE,830946.295080749,5904419.39000916,0,0,0,NA,NA,NA,NA,0,0,0
"15111","44Ste",44,"Stegelitz",FALSE,FALSE,FALSE,FALSE,FALSE,830956.036814618,5904417.08683624,38,2,2,245.5,196,1033,1,1,1,1
"15149","53Ste",53,"Stegelitz",FALSE,FALSE,FALSE,FALSE,FALSE,830965.778548488,5904414.78366332,34,1,0,235.1,222.5,711,74,0,0,0
"15183","65Ste",65,"Stegelitz",FALSE,FALSE,FALSE,FALSE,FALSE,830975.520282358,5904412.48049039,34,5,16,268.2,150.5,2581,70,0,0,0
"15217","74Ste",74,"Stegelitz",FALSE,FALSE,FALSE,FALSE,FALSE,830985.262016227,5904410.17731747,28,4,15,204.6,165.5,626,81,0,0,0
"15245","87Ste",87,"Stegelitz",FALSE,FALSE,FALSE,FALSE,TRUE,830995.003750097,5904407.87414455,9,3,5,93.8,93,134,67,0,0,0
"15254","88Ste",88,"Stegelitz",FALSE,FALSE,FALSE,FALSE,FALSE,830992.063346845,5904398.1250558,7,3,1,71.3,60,118,54,0,0,0
"15261","73Ste",73,"Stegelitz",FALSE,FALSE,FALSE,FALSE,FALSE,830982.321612975,5904400.42822872,80,4,25,135.3,123.5,508,55,1,1,2
"15341","66Ste",66,"Stegelitz",FALSE,FALSE,FALSE,FALSE,FALSE,830972.579879106,5904402.73140164,18,4,14,114.3,104.5,218,72,0,0,0
"15359","52Ste",52,"Stegelitz",FALSE,FALSE,FALSE,FALSE,FALSE,830962.838145236,5904405.03457456,5,2,4,222.8,183,483,102,0,0,0
"15364","45Ste",45,"Stegelitz",FALSE,FALSE,FALSE,FALSE,FALSE,830953.096411366,5904407.33774749,8,3,5,312.7,118,1200,40,0,2,2
"15372","32Ste",32,"Stegelitz",FALSE,FALSE,FALSE,FALSE,TRUE,830943.354677496,5904409.64092041,2,1,2,105,105,181,29,0,0,0
"15374","25Ste",25,"Stegelitz",FALSE,FALSE,FALSE,FALSE,FALSE,830933.612943627,5904411.94409333,112,1,0,440,435,748,185,0,0,0
"15402","12Ste",12,"Stegelitz",FALSE,FALSE,FALSE,FALSE,FALSE,830923.871209757,5904414.24726625,17,4,13,136,109,382,54,1,0,1
"15419","7Ste",7,"Stegelitz",FALSE,FALSE,FALSE,FALSE,TRUE,830914.129475887,5904416.55043917,33,1,33,112.6,117,179,32,0,1,1
"15452","5Ste",5,"Stegelitz",FALSE,FALSE,FALSE,FALSE,FALSE,830920.010282392,5904436.04861668,5,2,3,411.6,100,1010,67,0,0,0
"15457","14Ste",14,"Stegelitz",FALSE,FALSE,FALSE,FALSE,FALSE,830929.752016262,5904433.74544375,4,2,3,114,74,268,40,0,0,0
"15461","23Ste",23,"Stegelitz",FALSE,FALSE,FALSE,FALSE,TRUE,830939.493750131,5904431.44227083,8,2,3,156.9,154.5,277,55,0,0,0
"15469","34Ste",34,"Stegelitz",FALSE,FALSE,FALSE,FALSE,FALSE,830949.235484001,5904429.13909791,32,2,16,252.2,224.5,946,34,0,2,2
"15501","43Ste",43,"Stegelitz",FALSE,FALSE,FALSE,FALSE,FALSE,830958.977217871,5904426.83592499,15,4,4,471.1,226,4060,96,0,0,0
"15516","54Ste",54,"Stegelitz",FALSE,FALSE,FALSE,FALSE,FALSE,830968.718951741,5904424.53275207,3,3,1,1154,411,2989,62,0,0,0
"15519","64Ste",64,"Stegelitz",FALSE,FALSE,FALSE,FALSE,FALSE,830978.46068561,5904422.22957914,21,7,6,888.8,515,5861,100,0,0,0
"15540","75Ste",75,"Stegelitz",FALSE,FALSE,FALSE,FALSE,FALSE,830988.20241948,5904419.92640622,25,6,9,243.2,171,588,56,0,0,0
"15565","86Ste",86,"Stegelitz",FALSE,FALSE,FALSE,FALSE,TRUE,830997.94415335,5904417.6232333,13,4,4,102.7,76,280,52,0,0,0
"15578","85Ste",85,"Stegelitz",FALSE,FALSE,FALSE,FALSE,FALSE,831000.884556602,5904427.37232205,20,2,18,86.6,73.5,236,41,0,0,0
"15598","76Ste",76,"Stegelitz",FALSE,FALSE,FALSE,FALSE,FALSE,830991.142822732,5904429.67549497,16,4,9,179.8,143,516,40,0,0,0
"15614","63Ste",63,"Stegelitz",FALSE,FALSE,FALSE,FALSE,FALSE,830981.401088862,5904431.9786679,12,5,2,833.6,753.5,1988,124,0,0,0
"15626","55Ste",55,"Stegelitz",FALSE,FALSE,FALSE,FALSE,FALSE,830971.659354993,5904434.28184082,3,3,1,481.7,670,675,100,0,0,0
"15629","42Ste",42,"Stegelitz",FALSE,FALSE,FALSE,FALSE,FALSE,830961.917621123,5904436.58501374,17,2,7,176,145,360,81,0,0,0
"15646","41Ste",41,"Stegelitz",FALSE,FALSE,FALSE,FALSE,FALSE,830964.858024375,5904446.33410249,42,8,29,150.2,114,777,55,1,0,1
"15688","56Ste",56,"Stegelitz",FALSE,FALSE,FALSE,FALSE,TRUE,830974.599758245,5904444.03092957,26,2,2,187.5,131.5,641,1,0,0,0
"15714","62Ste",62,"Stegelitz",FALSE,FALSE,FALSE,FALSE,TRUE,830984.341492115,5904441.72775665,2,1,0,3289.5,3289.5,3619,2960,0,0,0
"15716","77Ste",77,"Stegelitz",FALSE,FALSE,FALSE,FALSE,FALSE,830994.083225984,5904439.42458372,2,2,1,133.5,133.5,200,67,0,0,0
"15718","84Ste",84,"Stegelitz",FALSE,FALSE,FALSE,FALSE,FALSE,831003.824959854,5904437.1214108,17,3,10,142.5,81,536,43,0,0,0
"15735","83Ste",83,"Stegelitz",FALSE,FALSE,FALSE,FALSE,FALSE,831006.765363107,5904446.87049955,2,2,1,2015.5,2015.5,3951,80,0,0,0
"15737","82Ste",82,"Stegelitz",FALSE,FALSE,FALSE,FALSE,FALSE,831009.705766359,5904456.6195883,12,4,7,455.7,202,1911,65,1,0,1
"15749","78Ste",78,"Stegelitz",FALSE,FALSE,FALSE,FALSE,FALSE,830997.023629237,5904449.17367247,5,2,0,377.4,204,1228,75,0,0,0
"15754","61Ste",61,"Stegelitz",FALSE,FALSE,FALSE,FALSE,FALSE,830987.281895367,5904451.4768454,33,3,1,405.5,217,2645,65,0,0,0
"15871","4Gre",4,"Greifswald",FALSE,FALSE,FALSE,FALSE,FALSE,791201.733213862,6000223.5765813,3,2,0,253.7,261,380,120,0,0,0
"15874","17Gre",17,"Greifswald",FALSE,FALSE,FALSE,TRUE,FALSE,791196.79551213,6000215.22738363,0,0,0,NA,NA,NA,NA,0,0,0
"15875","24Gre",24,"Greifswald",FALSE,FALSE,FALSE,TRUE,FALSE,791191.857810397,6000206.87818597,0,0,0,NA,NA,NA,NA,0,0,0
"15876","37Gre",37,"Greifswald",FALSE,FALSE,FALSE,TRUE,FALSE,791186.920108664,6000198.52898831,0,0,0,NA,NA,NA,NA,0,0,0
"15877","44Gre",44,"Greifswald",FALSE,FALSE,FALSE,TRUE,FALSE,791181.982406931,6000190.17979065,0,0,0,NA,NA,NA,NA,0,0,0
"15878","56Gre",56,"Greifswald",FALSE,FALSE,FALSE,FALSE,FALSE,791177.044705198,6000181.83059299,3,1,0,193.3,166,254,160,0,0,0
"15881","65Gre",65,"Greifswald",FALSE,FALSE,FALSE,FALSE,FALSE,791172.107003466,6000173.48139532,9,1,0,123.7,121,144,98,0,0,0
"15890","71Gre",71,"Greifswald",FALSE,FALSE,FALSE,FALSE,FALSE,791208.522349704,6000139.79101727,1,1,0,161,161,161,161,0,0,0
"15891","72Gre",72,"Greifswald",FALSE,FALSE,FALSE,TRUE,FALSE,791200.25174011,6000144.85925335,0,0,0,NA,NA,NA,NA,0,0,0
"15892","73Gre",73,"Greifswald",FALSE,FALSE,FALSE,FALSE,FALSE,791191.981130515,6000149.92748943,2,1,2,209.5,209.5,240,179,0,0,0
"15894","74Gre",74,"Greifswald",FALSE,FALSE,FALSE,TRUE,FALSE,791183.710520921,6000154.99572551,0,0,0,NA,NA,NA,NA,0,0,0
"15895","75Gre",75,"Greifswald",FALSE,FALSE,FALSE,FALSE,FALSE,791175.439911327,6000160.06396158,11,2,0,94.1,98,124,47,0,0,0
"15906","76Gre",76,"Greifswald",FALSE,FALSE,FALSE,FALSE,FALSE,791167.169301733,6000165.13219766,1,1,0,118,118,118,118,0,0,0
"15907","77Gre",77,"Greifswald",FALSE,FALSE,FALSE,FALSE,FALSE,791158.898692139,6000170.20043374,15,2,13,82.7,80,134,30,0,0,0
"15922","78Gre",78,"Greifswald",FALSE,FALSE,FALSE,TRUE,FALSE,791150.628082544,6000175.26866982,0,0,0,NA,NA,NA,NA,0,0,0
"15923","79Gre",79,"Greifswald",FALSE,FALSE,FALSE,TRUE,FALSE,791142.35747295,6000180.33690589,0,0,0,NA,NA,NA,NA,0,0,0
"15924","80Gre",80,"Greifswald",FALSE,FALSE,FALSE,TRUE,FALSE,791134.086863356,6000185.40514197,0,0,0,NA,NA,NA,NA,0,0,0
"15925","81Gre",81,"Greifswald",FALSE,FALSE,FALSE,FALSE,FALSE,791129.149161623,6000177.05594431,6,2,1,93.8,83.5,159,62,0,0,0
"15931","82Gre",82,"Greifswald",FALSE,FALSE,FALSE,TRUE,FALSE,791137.419771217,6000171.98770823,0,0,0,NA,NA,NA,NA,0,0,0
"15932","83Gre",83,"Greifswald",FALSE,FALSE,FALSE,FALSE,FALSE,791145.690380812,6000166.91947216,11,1,0,89.5,86,133,71,0,0,0
"15943","84Gre",84,"Greifswald",FALSE,FALSE,FALSE,FALSE,FALSE,791153.960990406,6000161.85123608,8,2,5,76.1,80,110,46,0,0,0
"15951","85Gre",85,"Greifswald",FALSE,FALSE,FALSE,FALSE,FALSE,791162.2316,6000156.783,1,1,0,83,83,83,83,0,0,0
"15952","86Gre",86,"Greifswald",FALSE,FALSE,FALSE,FALSE,FALSE,791170.502209594,6000151.71476392,11,3,5,122.3,91,365,56,0,0,0
"15963","87Gre",87,"Greifswald",FALSE,FALSE,FALSE,FALSE,FALSE,791178.772819189,6000146.64652784,1,1,1,262,262,262,262,0,0,0
"15964","88Gre",88,"Greifswald",FALSE,FALSE,FALSE,FALSE,FALSE,791187.043428783,6000141.57829177,5,1,5,70.8,64,96,45,0,0,0
"15969","89Gre",89,"Greifswald",FALSE,FALSE,FALSE,TRUE,FALSE,791195.314038377,6000136.51005569,0,0,0,NA,NA,NA,NA,0,0,0
"15970","90Gre",90,"Greifswald",FALSE,FALSE,FALSE,FALSE,FALSE,791203.584647971,6000131.44181961,5,1,5,59.4,59,70,51,0,0,0
"15975","91Gre",91,"Greifswald",FALSE,FALSE,FALSE,TRUE,FALSE,791198.646946238,6000123.09262195,0,0,0,NA,NA,NA,NA,0,0,0
"15976","92Gre",92,"Greifswald",FALSE,FALSE,FALSE,TRUE,FALSE,791190.376336644,6000128.16085803,0,0,0,NA,NA,NA,NA,0,0,0
"15977","93Gre",93,"Greifswald",FALSE,FALSE,FALSE,TRUE,FALSE,791182.10572705,6000133.2290941,0,0,0,NA,NA,NA,NA,0,0,0
"15978","94Gre",94,"Greifswald",FALSE,FALSE,FALSE,TRUE,FALSE,791173.835117456,6000138.29733018,0,0,0,NA,NA,NA,NA,0,0,0
"15979","95Gre",95,"Greifswald",FALSE,FALSE,FALSE,FALSE,FALSE,791165.564507862,6000143.36556626,3,2,0,143,111,253,65,0,0,0
"15982","7Gre",7,"Greifswald",FALSE,FALSE,FALSE,FALSE,FALSE,791226.545042645,6000208.37187306,14,2,5,869.6,225,3051,66,5,5,5
"15996","14Gre",14,"Greifswald",FALSE,FALSE,FALSE,FALSE,TRUE,791221.607340912,6000200.0226754,1,1,0,414,414,414,414,0,0,0
"15997","27Gre",27,"Greifswald",FALSE,FALSE,FALSE,TRUE,FALSE,791216.669639179,6000191.67347774,0,0,0,NA,NA,NA,NA,0,0,0
"15998","34Gre",34,"Greifswald",FALSE,FALSE,FALSE,TRUE,TRUE,791211.731937447,6000183.32428008,0,0,0,NA,NA,NA,NA,0,0,0
"15999","47Gre",47,"Greifswald",FALSE,FALSE,FALSE,TRUE,TRUE,791206.794235714,6000174.97508241,0,0,0,NA,NA,NA,NA,0,0,0
"16000","53Gre",53,"Greifswald",FALSE,FALSE,FALSE,TRUE,FALSE,791201.856533981,6000166.62588475,0,0,0,NA,NA,NA,NA,0,0,0
"16001","68Gre",68,"Greifswald",FALSE,FALSE,FALSE,FALSE,FALSE,791196.918832248,6000158.27668709,1,1,0,146,146,146,146,0,0,0
"16002","52Gre",52,"Greifswald",FALSE,FALSE,FALSE,TRUE,TRUE,791210.127143575,6000161.55764867,0,0,0,NA,NA,NA,NA,0,0,0
"16003","48Gre",48,"Greifswald",FALSE,FALSE,FALSE,TRUE,FALSE,791215.064845308,6000169.90684634,0,0,0,NA,NA,NA,NA,0,0,0
"16004","33Gre",33,"Greifswald",FALSE,FALSE,FALSE,TRUE,TRUE,791220.002547041,6000178.256044,0,0,0,NA,NA,NA,NA,0,0,0
"16005","28Gre",28,"Greifswald",FALSE,FALSE,FALSE,TRUE,TRUE,791224.940248774,6000186.60524166,0,0,0,NA,NA,NA,NA,0,0,0
"16006","13Gre",13,"Greifswald",FALSE,FALSE,FALSE,TRUE,TRUE,791229.877950507,6000194.95443932,0,0,0,NA,NA,NA,NA,0,0,0
"16007","8Gre",8,"Greifswald",FALSE,FALSE,FALSE,TRUE,FALSE,791234.815652239,6000203.30363698,0,0,0,NA,NA,NA,NA,0,0,0
"16008","9Gre",9,"Greifswald",FALSE,FALSE,FALSE,FALSE,FALSE,791243.086261833,6000198.23540091,4,2,0,1109.2,697,2851,192,0,0,0
"16012","12Gre",12,"Greifswald",FALSE,FALSE,FALSE,TRUE,FALSE,791238.148560101,6000189.88620324,0,0,0,NA,NA,NA,NA,0,0,0
"16013","29Gre",29,"Greifswald",FALSE,FALSE,FALSE,FALSE,FALSE,791233.210858368,6000181.53700558,1,1,0,183,183,183,183,0,0,0
"16014","32Gre",32,"Greifswald",FALSE,FALSE,FALSE,TRUE,FALSE,791228.273156635,6000173.18780792,0,0,0,NA,NA,NA,NA,0,0,0
"16015","49Gre",49,"Greifswald",FALSE,FALSE,FALSE,TRUE,FALSE,791223.335454902,6000164.83861026,0,0,0,NA,NA,NA,NA,0,0,0
"16016","51Gre",51,"Greifswald",FALSE,FALSE,FALSE,TRUE,FALSE,791218.39775317,6000156.4894126,0,0,0,NA,NA,NA,NA,0,0,0
"16017","50Gre",50,"Greifswald",FALSE,FALSE,FALSE,FALSE,FALSE,791231.606064497,6000159.77037418,3,2,0,474.7,526,594,304,0,0,0
"16020","31Gre",31,"Greifswald",FALSE,FALSE,FALSE,TRUE,TRUE,791236.543766229,6000168.11957184,0,0,0,NA,NA,NA,NA,0,0,0
"16021","30Gre",30,"Greifswald",FALSE,FALSE,FALSE,FALSE,FALSE,791241.481467962,6000176.46876951,21,2,15,211.4,159,1141,70,7,7,7
"16042","11Gre",11,"Greifswald",FALSE,FALSE,FALSE,TRUE,TRUE,791246.419169695,6000184.81796717,0,0,0,NA,NA,NA,NA,0,0,0
"16043","10Gre",10,"Greifswald",FALSE,FALSE,FALSE,FALSE,FALSE,791251.356871428,6000193.16716483,11,2,0,311.3,192,1008,116,0,0,0
"16054","70Gre",70,"Greifswald",FALSE,FALSE,FALSE,TRUE,FALSE,791213.460051437,6000148.14021493,0,0,0,NA,NA,NA,NA,0,0,0
"16055","69Gre",69,"Greifswald",FALSE,FALSE,FALSE,FALSE,FALSE,791205.189441843,6000153.20845101,5,1,5,69,65,82,56,1,1,1
"16060","67Gre",67,"Greifswald",FALSE,FALSE,FALSE,TRUE,TRUE,791188.648222654,6000163.34492317,0,0,0,NA,NA,NA,NA,0,0,0
"16061","54Gre",54,"Greifswald",FALSE,FALSE,FALSE,TRUE,TRUE,791193.585924387,6000171.69412083,0,0,0,NA,NA,NA,NA,0,0,0
"16062","46Gre",46,"Greifswald",FALSE,FALSE,FALSE,TRUE,TRUE,791198.52362612,6000180.04331849,0,0,0,NA,NA,NA,NA,0,0,0
"16063","35Gre",35,"Greifswald",FALSE,FALSE,FALSE,FALSE,FALSE,791203.461327852,6000188.39251615,2,1,2,92,92,172,12,0,1,1
"16065","26Gre",26,"Greifswald",FALSE,FALSE,FALSE,FALSE,FALSE,791208.399029585,6000196.74171382,7,3,1,219.6,170,496,136,0,0,0
"16072","15Gre",15,"Greifswald",FALSE,FALSE,FALSE,FALSE,FALSE,791213.336731318,6000205.09091148,2,1,2,757.5,757.5,906,609,1,1,1
"16074","6Gre",6,"Greifswald",FALSE,FALSE,FALSE,FALSE,FALSE,791218.274433051,6000213.44010914,6,2,5,452.7,513.5,601,161,1,4,4
"16080","5Gre",5,"Greifswald",FALSE,FALSE,FALSE,FALSE,FALSE,791210.003823456,6000218.50834522,9,3,1,196,146,440,100,0,0,0
"16089","16Gre",16,"Greifswald",FALSE,FALSE,FALSE,FALSE,FALSE,791205.066121724,6000210.15914756,13,3,0,151.3,110,639,71,0,0,0
"16102","25Gre",25,"Greifswald",FALSE,FALSE,FALSE,TRUE,FALSE,791200.128419991,6000201.80994989,0,0,0,NA,NA,NA,NA,0,0,0
"16103","36Gre",36,"Greifswald",FALSE,FALSE,FALSE,TRUE,FALSE,791195.190718258,6000193.46075223,0,0,0,NA,NA,NA,NA,0,0,0
"16104","66Gre",66,"Greifswald",FALSE,FALSE,FALSE,TRUE,FALSE,791180.37761306,6000168.41315925,0,0,0,NA,NA,NA,NA,0,0,0
"16105","1Gre",1,"Greifswald",FALSE,FALSE,FALSE,FALSE,FALSE,791176.92138508,6000238.78128953,2,2,1,232.5,232.5,275,190,0,1,1
"16107","2Gre",2,"Greifswald",FALSE,FALSE,FALSE,TRUE,TRUE,791185.191994674,6000233.71305345,0,0,0,NA,NA,NA,NA,0,0,0
"16108","3Gre",3,"Greifswald",FALSE,FALSE,FALSE,TRUE,FALSE,791193.462604268,6000228.64481737,0,0,0,NA,NA,NA,NA,0,0,0
"16109","18Gre",18,"Greifswald",FALSE,FALSE,FALSE,TRUE,FALSE,791188.524902535,6000220.29561971,0,0,0,NA,NA,NA,NA,0,0,0
"16110","19Gre",19,"Greifswald",FALSE,FALSE,FALSE,TRUE,FALSE,791180.254292941,6000225.36385579,0,0,0,NA,NA,NA,NA,0,0,0
"16111","20Gre",20,"Greifswald",FALSE,FALSE,FALSE,FALSE,FALSE,791171.983683347,6000230.43209187,2,1,0,237,237,281,193,0,0,0
"16113","21Gre",21,"Greifswald",FALSE,FALSE,FALSE,FALSE,FALSE,791167.045981614,6000222.08289421,3,2,1,689.3,519,1121,428,0,0,0
"16116","22Gre",22,"Greifswald",FALSE,FALSE,FALSE,TRUE,FALSE,791175.316591208,6000217.01465813,0,0,0,NA,NA,NA,NA,0,0,0
"16117","23Gre",23,"Greifswald",FALSE,FALSE,FALSE,TRUE,FALSE,791183.587200803,6000211.94642205,0,0,0,NA,NA,NA,NA,0,0,0
"16118","38Gre",38,"Greifswald",FALSE,FALSE,FALSE,TRUE,FALSE,791178.64949907,6000203.59722439,0,0,0,NA,NA,NA,NA,0,0,0
"16119","39Gre",39,"Greifswald",FALSE,FALSE,FALSE,TRUE,FALSE,791170.378889475,6000208.66546046,0,0,0,NA,NA,NA,NA,0,0,0
"16120","40Gre",40,"Greifswald",FALSE,FALSE,FALSE,TRUE,FALSE,791162.108279881,6000213.73369654,0,0,0,NA,NA,NA,NA,0,0,0
"16121","41Gre",41,"Greifswald",FALSE,FALSE,FALSE,FALSE,FALSE,791157.170578148,6000205.38449888,2,2,1,275.5,275.5,355,196,0,0,0
"16123","60Gre",60,"Greifswald",FALSE,FALSE,FALSE,TRUE,TRUE,791143.962266821,6000202.1035373,0,0,0,NA,NA,NA,NA,0,0,0
"16124","42Gre",42,"Greifswald",FALSE,FALSE,FALSE,TRUE,FALSE,791165.441187743,6000200.3162628,0,0,0,NA,NA,NA,NA,0,0,0
"16125","43Gre",43,"Greifswald",FALSE,FALSE,FALSE,TRUE,FALSE,791173.711797337,6000195.24802673,0,0,0,NA,NA,NA,NA,0,0,0
"16126","57Gre",57,"Greifswald",FALSE,FALSE,FALSE,TRUE,FALSE,791168.774095604,6000186.89882906,0,0,0,NA,NA,NA,NA,0,0,0
"16127","58Gre",58,"Greifswald",FALSE,FALSE,FALSE,TRUE,FALSE,791160.50348601,6000191.96706514,0,0,0,NA,NA,NA,NA,0,0,0
"16128","59Gre",59,"Greifswald",FALSE,FALSE,FALSE,FALSE,FALSE,791152.232876416,6000197.03530122,3,3,1,578,333,1138,263,0,0,0
"16131","61Gre",61,"Greifswald",FALSE,FALSE,FALSE,TRUE,FALSE,791139.024565089,6000193.75433963,0,0,0,NA,NA,NA,NA,0,0,0
"16132","62Gre",62,"Greifswald",FALSE,FALSE,FALSE,FALSE,FALSE,791147.295174683,6000188.68610356,1,1,0,121,121,121,121,0,0,0
"16133","63Gre",63,"Greifswald",FALSE,FALSE,FALSE,TRUE,FALSE,791155.565784277,6000183.61786748,0,0,0,NA,NA,NA,NA,0,0,0
"16134","64Gre",64,"Greifswald",FALSE,FALSE,FALSE,FALSE,FALSE,791163.836393871,6000178.5496314,1,1,0,69,69,69,69,0,0,0
"16135","100Gre",100,"Greifswald",FALSE,FALSE,FALSE,FALSE,FALSE,791124.21145989,6000168.70674665,1,1,1,330,330,330,330,0,0,0
"16136","99Gre",99,"Greifswald",FALSE,FALSE,FALSE,TRUE,TRUE,791132.482069485,6000163.63851057,0,0,0,NA,NA,NA,NA,0,0,0
"16137","98Gre",98,"Greifswald",FALSE,FALSE,FALSE,TRUE,FALSE,791140.752679079,6000158.57027449,0,0,0,NA,NA,NA,NA,0,0,0
"16138","97Gre",97,"Greifswald",FALSE,FALSE,FALSE,FALSE,FALSE,791149.023288673,6000153.50203842,7,2,5,98,101,124,61,0,0,0
"16145","96Gre",96,"Greifswald",FALSE,FALSE,FALSE,FALSE,FALSE,791157.293898267,6000148.43380234,1,1,1,49,49,49,49,0,0,0
