Plotnummer,Rueckegasse,Esche markiert,Baumart,Hoehe,Anzahl Triebe,Einjaehriger Saemling,ETS abgestorben frisch,ETS abgestorben alt,ETS lebend,Verbiss lebend,Verbiss tot,Sonstige Gruende tot,Blattflecken,Bemerkungen
8701,,,Sah,13,,,,,,,,,,
,,,Esch,6,1,1,,,,,,,,
,,,Esch,8,1,,,,,,,,,
,,,Esch,13,1,,,,,,,,,
,,,Esch,7,1,1,,,,,,,,
,,,Bah,9,,,,,,,,,,
,,,Esch,6,1,1,,,,,,,,
,,Mitte,Esch,12,3,,,,,,,,1,
,,,Rbu,32,,,,,,,,,,
,,,Sah,14,,,,,,,,,,
,,NW,Esch,11,1,,,,,,,,0,
,,,Esch,9,1,,,,,,,,,
,,,BAh,20,,,,,,,,,,
,,,BAh,10,,,,,,,,,,
,,NO,Esch,15,1,,,,,,,,0,
,,,BAh,15,,,,,,,,,,
,,,Esch,15,1,,,,,,,,,
,,,Esch,19,1,,,,,,,,,
,,,Sah,16,,,,,,,,,,
,,,Rbu,13,,,,,,,,,,
,,,Esch,15,1,,,,,,,,,
,,,BAh,9,,,,,,,,,,
,,,Esch,6,1,1,,,,,,,,
,,,Esch,4,1,1,,,,,,,,
,,,Sah,9,,,,,,,,,,
,,,Esch,6,1,1,,,,,,,,
,,,Esch,5,1,1,,,,,,,,
,,,Esch,5,1,1,,,,,,,,
,,,Esch,3,1,1,,,,,,,,
,,,Rbu,42,,,,,,,,,,
,,,BAh,10,,,,,,,,,,
,,,BAh,9,,,,,,,,,,
,,SO,Esch,10,1,,,,,,,,1,
,,,Rbu,28,,,,,,,,,,
,,,BAh,21,,,,,,,,,,
,,,Esch,4,1,1,,,,,,,,
,,,Esch,5,1,1,,,,,,,,
,,,RBu,10,,,,,,,,,,
8702,,,BAh,20,,,,,,,,,,
,,,Sah,8,,,,,,,,,,
,,,Esch,7,1,1,,,,,,,,
,,,Esch,12,1,,,,,,,,,
,,,Esch,6,1,1,,,,,,,,
,,,Esch,10,1,1,,,,,,,,
,,,Esch,14,1,,,,,,,,,
,,,Esch,7,1,1,,,,,,,,
,,,Esch,7,1,,,,,,,,,
,,,BAh,15,,,,,,,,,,
,,,Sah,14,,,,,,,,,,
,,,BAh,25,,,,,,,,,,
,,,Rbu,19,,,,,,,,,,
,,,BAh,11,,,,,,,,,,
,,,Sah,12,,,,,,,,,,
,,,BAh,17,,,,,,,,,,
,,NO,Esch,15,1,,,,,,,,0,
,,,Esch,18,1,,,,,,,,,
,,,Esch,8,1,,,,,,,,,
,,,Rbu,41,,,,,,,,,,
,,,Esch,5,1,,,,,,,,,
,,,Esch,8,1,1,,,,,,,,
,,,Esch,7,1,1,,,,,,,,
,,,BAh,27,,,,,,,,,,
,,,Rbu,13,,,,,,,,,,
,,,BAh,12,,,,,,,,,,
,,,Sah,15,,,,,,,,,,
,,,Bah,7,,,,,,,,,,
,,,BAh,12,,,,,,,,,,
,,,Rbu,11,,,,,,,,,,
,,,BAh,14,,,,,,,,,,
,,,Rbu,27,,,,,,,,,,
,,,BAh,14,,,,,,,,,,
,,,BAh,10,,,,,,,,,,
,,,BAh,14,,,,,,,,,,
,,,Wli,24,,,,,,,,,,
,,,BAh,20,,,,,,,,,,
,,,Sah,12,,,,,,,,,,
,,,Esch,8,1,1,,,,,,,,
,,SW,Esch,10,1,1,,,,,,,0,
,,,BAh,14,,,,,,,,,,
,,,BAh,12,,,,,,,,,,
,,,Sah,13,,,,,,,,,,
,,,Esch,7,1,1,,,,,,,,
,,,BAh,9,,,,,,,,,,
,,,Sah,14,,,,,,,,,,
,,,Esch,6,1,,,,,,,,,
,,,Esch,8,1,1,,,,,,,,
,,,Sah,10,,,,,,,,,,
,,,Wli,10,,,,,,,,,,
,,,BAh,18,,,,,,,,,,
,,,BAh,10,,,,,,,,,,
,,,Esch,7,1,1,,,,,,,,
,,,Rbu,14,,,,,,,,,,
,,NW,Esch,7,1,1,,,,,,,1,
,,,Esch,11,2,,,,,,,1,,
,,,Esch,14,1,,,,,,,,,
8703,,SO,Esch,28,3,,,,,,,,,
,,,Esch,10,1,,,,,,,,,
,,,Esch,9,2,,,,,,,,,
,,,Esch,5,1,1,,,,,,,,
,,,Esch,6,1,,,,,,,,,
,,,Esch,23,3,,,,,,,,,
,,,Esch,9,1,1,,,,,,,,
,,,Esch,3,1,1,,,,,,,,
,,,Esch,5,1,1,,,,,,,,
,,,Sah,8,,,,,,,,,,
,,,Bah,15,,,,,,,,,,
,,,Esch,13,2,,T1,,,,,,,
,,,Esch,14,2,,T1,,,,,,,
,,,Esch,9,1,,,,,,,,,
,,,Esch,6,1,,,,,,,,,
,,,Esch,27,2,,,,,,1,,,
,,,Esch,15,3,,,T2,,,,,,
,,,Esch,11,2,,,,,,,1,,
,,,Esch,36,7,,,,,,T4,,,
,,,Esch,18,1,,,,,,,,,
,,,Esch,19,2,,,,,,,,,
,,,Esch,25,2,,,,,,,,,
,,,Esch,25,5,,,,,,3,,,
,,,Esch,15,1,,,,,,,,,
,,,Esch,6,1,,,,,,,,,
,,,Esch,11,1,,,,,,,,,
,,,Esch,24,1,,,,,,,,,
,,,Esch,26,1,,,,,,,,,
,,,Esch,16,2,,,,,,,1,,
,,SW,Esch,19,1,,,,,,,,1,
,,,Esch,9,1,,,,,,,,,
,,,Esch,28,4,,,,,,,1,,
,,,Esch,31,1,,,,,,,,,
,,,Esch,20,1,,,,,,,,,
,,,Esch,13,1,,,,,,,,,
,,,Esch,28,5,,,,,,,1,,
,,,Esch,16,1,,,,,,,,,
,,,Esch,18,9,,T1,,,,,7,,Galle/Krebs
,,,Esch,8,1,,,,,,,,,
,,,Sah,13,,,,,,,,,,
,,,Esch,10,1,1,,,,,,,,
,,,Esch,22,3,,,,,,,1,,
,,NW,Esch,16,1,,,,,,,,1,
,,,BAh,10,,,,,,,,,,
,,,Esch,15,1,,,,,,,,,
,,,Esch,16,3,,,,,,,,,
,,,Esch,4,1,1,,,,,,,,
,,,Esch,25,4,,,,,,,,,
,,,Esch,23,3,,,,,,,1,,
,,Mitte,Esch,14,4,,,,,,,,1,
,,,Esch,17,6,,T4,,,,,,,
,,,Esch,5,2,,,,,,,T1,,
,,,Esch,14,1,,,,,,,,,
,,,Esch,18,3,,,,,,,2,,
,,,Esch,19,1,,,,,,,,,
,,,Esch,6,1,,,,,,,,,
8704,,SO,Esch,10,1,,,,,,,,1,
,,,BAh,8,,,,,,,,,,
,,,Esch,20,3,,,1,,,,,,
,,,Esch,7,1,1,,,,,,,,
,,,Esch,17,3,,,,,,1,,,
,,,BAh,8,,,,,,,,,,
,,,BAh,7,,,,,,,,,,
,,,Esch,13,1,,,,,,,,,
,,,Rbu,10,,,,,,,,,,
,,,Esch,11,1,,,,,,,,,
,,,BAh,7,,,,,,,,,,
,,Mitte,Esch,5,1,1,,,,,,,0,
,,,BAh,4,,,,,,,,,,
,,,Esch,10,4,,,,,,,,,
,,,BAh,5,,,,,,,,,,
,,,Esch,11,,,,,,,,,,
,,NW,Esch,4,1,,,,,,,,0,
,,,Esch,11,7,,T4,,,,,,,
,,,Esch,6,1,1,,,,,,,,
,,,Esch,22,3,,,,,,,1,,
,,,Esch,13,2,,,,,,,,,
,,,Esch,16,3,,,,,,,,,
,,,Esch,6,1,1,,,,,,,,
,,,BAh,9,,,,,,,,,,
,,,Esch,9,2,,,T1,,,,,,
,,,Esch,8,1,,,,,,,,,
,,,Esch,20,1,,,,,,,,,
,,,Esch,7,1,,,,,,,,,
,,,BAh,10,,,,,,,,,,
,,,Esch,7,1,,,,,,,,,
,,,Esch,26,2,,,,,,,,,
,,,Esch,6,1,1,,,,,,,,
,,,BAh,5,,,,,,,,,,
,,,BAh,12,,,,,,,,,,
8705,,SO,Esch,6,1,1,,,,,,,1,
,,,Esch,6,1,1,,,,,,,,
,,,Esch,7,1,1,,,,,,,,
,,,Esch,7,1,1,,,,,,,,
,,,Esch,5,1,,,,,,,,,
,,,BAh,7,,,,,,,,,,
,,,Esch,6,1,1,,,,,,,,
,,,Esch,7,1,1,,,,,,,,
,,,Esch,7,1,1,,,,,,,,
,,,Esch,7,1,1,,,,,,,,
,,,Bah,8,,,,,,,,,,
,,,Esch,7,1,1,,,,,,,,
,,,Esch,12,2,,,,,T1,,,,
,,,Esch,13,1,,,,,,,,,
,,,Esch,7,1,1,,,,,,,,
,,,Esch,6,1,1,,,,,,,,
,,,Esch,8,1,,,,,,,,,
,,,Esch,5,1,1,,,,,,,,
,,,BAh,7,,,,,,,,,,
,,,Esch,8,2,,T1,,,,,,,
,,,Esch,5,1,1,,,,,,,,
,,,Esch,5,1,1,,,,,,,,
,,,BAh,10,,,,,,,,,,
,,,Esch,5,1,1,,,,,,,,
,,,BAh,10,,,,,,,,,,
,,,Esch,4,1,,,,,,,,,
,,,Esch,6,1,,,,,,,,,
,,,Esch,5,1,1,,,,,,,,
,,SW,Esch,7,1,1,,,,,,,,
,,,BAh,6,,,,,,,,,,
,,,Esch,8,1,1,,,,,,,,
,,,Esch,7,1,1,,,,,,,,
,,,Esch,5,1,1,,,,,,,,
,,,Esch,5,1,1,,,,,,,,
,,,Esch,6,1,1,,,,,,,,
,,NW,Esch,7,2,,,,,,,,1,
,,,BAh,7,,,,,,,,,,
,,,Esch,6,1,,,,,,,,,
,,,Esch,11,1,,,,,,,,,
,,,Esch,15,1,,,,,,,,,
,,,BAh,11,,,,,,,,,,
,,,Esch,3,1,,,,,,,,,
,,,Rbu,9,,,,,,,,,,
,,,BAh,4,,,,,,,,,,
,,,Esch,11,1,,,,,,,,,
,,,Rbu,8,,,,,,,,,,
,,NO,Esch,6,1,1,,,,,,,1,
8706,,SW,Esch,7,1,,,,,,,,,
,,,BAh,7,,,,,,,,,,
,,,Esch,6,1,1,,,,,,,,
,,,RBU,9,,,,,,,,,,
,,,BAh,9,,,,,,,,,,
,,,Sah,10,,,,,,,,,,
,,,Esch,6,1,1,,,,,,,,
,,,Sah,10,,,,,,,,,,
,,,Esch,6,1,1,,,,,,,,
,,,BAh,14,,,,,,,,,,
,,,BAh,4,,,,,,,,,,
,,,BAh,6,,,,,,,,,,
,,,Sah,10,,,,,,,,,,
,,,Esch,7,1,,,,,,,,,
,,,Esch,6,1,1,,,,,,,,
,,,BAh,5,,,,,,,,,,
,,,BAh,6,,,,,,,,,,
,,,Esch,7,1,1,,,,,,,,
,,,Esch,4,1,1,,,,,,,,
,,,Esch,5,1,1,,,,,,,,
,,,Esch,4,1,,,,,,,,,
,,NO,Esch,11,1,,,,,,,,1,
,,,Sah,11,,,,,,,,,,
,,,Sah,10,,,,,,,,,,
,,,BAh,8,,,,,,,,,,
,,,Sah,13,,,,,,,,,,
,,,Esch,3,1,,,,,,,,,
,,,Esch,4,1,1,,,,,,,,
,,,Esch,6,1,1,,,,,,,,
,,NW,Esch,5,1,1,,,,,,,1,
,,,Esch,5,1,,,,,,,,,
8707,,,RBU,9,,,,,,,,,,
,,,Sah,12,,,,,,,,,,
,,,BAh,12,,,,,,,,,,
,,,Esch,7,1,1,,,,,,,,
,,,Sah,11,,,,,,,,,,
,,,Esch,15,2,,,,,,,1,,
,,,RBU,23,,,,,,,,,,
,,NW,Esch,18,1,,,,,,,,1,
,,,Esch,12,1,,,,,,,,,
,,,BAh,7,,,,,,,,,,
,,,Esch,6,1,1,,,,,,,,
,,,Esch,9,1,,,,,,,,,
,,,Esch,12,2,,,,,,,T1,,
,,,Rbu,8,,,,,,,,,,
,,Mitte,Esch,15,1,,,,,,,,1,
,,,Sah,16,,,,,,,,,,
,,,BAh,12,,,,,,,,,,
,,,Sah,10,,,,,,,,,,
,,,Esch,11,1,,,,,,,,,
,,,BAh,4,,,,,,,,,,
8708,,,Esch,6,1,,,,,,,,,
,,,Rbu,12,,,,,,,,,,
,,,Rbu,12,,,,,,,,,,
,,,Rbu,16,,,,,,,,,,
,,SO,Esch,13,1,,,,,,,,,
,,,Esch,22,2,,,,,,,,,
,,,Esch,21,1,,,,,,,,,
,,,Esch,12,2,,,,,,,1,,
,,,BAh,7,,,,,,,,,,
,,,Sah,18,,,,,,,,,,
,,,Esch,17,1,,,,,,,,,
,,,Esch,10,5,,,T2,,,2,,,
,,Mitte,Esch,18,1,,,,,,,,1,
,,,Sah,10,,,,,,,,,,
,,,Esch,12,3,,,,,,,1,,
,,,Esch,7,1,,,,,,,,,
,,,Esch,9,2,,,1,,,,,,
,,NO,Esch,6,1,,,,,,,,2,
,,,Esch,5,1,,,,,,,,,
,,,BAh,8,,,,,,,,,,
,,,Esch,4,1,,,,,,,,,
,,,Esch,6,1,,,,,,,,,
,,,BAh,7,,,,,,,,,,
,,,BAh,15,,,,,,,,,,
,,,Esch,7,1,,,,,,,,,
,,,Rbu,10,,,,,,,,,,
,,,Esch,4,2,,T1,,,,,,,
,,,Esch,14,1,,,,,,,,,
,,,Esch,20,2,,,,,,,,,
,,,BAh,8,,,,,,,,,,
,,,BAh,7,,,,,,,,,,
,,,Esch,4,1,,,,,,,,,
,,,Esch,15,1,,,,,,,,,
,,,BAh,15,,,,,,,,,,
,,NW,Esch,3,1,,,,,,,,1,
8709,,,Bah,8,,,,,,,,,,
,,,BAh,14,,,,,,,,,,
,,,BAh,8,,,,,,,,,,
,,,BAh,7,,,,,,,,,,
,,,Esch,7,1,1,,,,,,,,
,,,BAh,9,,,,,,,,,,
,,,Esch,12,1,,,,,,,,,
,,,Esch,9,1,,,,,,,,,
,,,Esch,8,1,,,,,,,,,
,,,BAh,7,,,,,,,,,,
,,,BAh,11,,,,,,,,,,
,,,Esch,10,1,,,,,,,,,
,,,BAh,9,,,,,,,,,,
,,,BAh,10,,,,,,,,,,
,,,BAh,9,,,,,,,,,,
,,SO,Esch,4,2,,,,,,,T1,0,
,,,Esch,4,1,1,,,,,,,,
,,,Sah,12,,,,,,,,,,
,,,SAh,12,,,,,,,,,,
,,,BAh,8,,,,,,,,,,
,,,Rbu,10,,,,,,,,,,
,,,BAh,11,,,,,,,,,,
,,,BAh,8,,,,,,,,,,
,,Mitte,Esch,12,1,,,,,,,,0,
,,,BAh,5,,,,,,,,,,
,,,Esch,6,1,1,,,,,,,,
,,SW,Esch,5,1,1,,,,,,,2,
,,,BAh,7,,,,,,,,,,
,,,BAh,16,,,,,,,,,,
,,NW,Esch,5,1,1,,,,,,,1,
8710,,,BAh,7,,,,,,,,,,
,,,BAh,4,,,,,,,,,,
,,SO,Esch,3,1,1,,,,,,,2,
,,,Esch,3,1,1,,,,,,,,
,,SW,Esch,3,1,1,,,,,,,1,
,,,SAh,10,,,,,,,,,,
,,,BAh,10,,,,,,,,,,
,,NW,Esch,7,1,1,,,,,,,1,
,,,RBu,10,,,,,,,,,,
,,,Esch,6,1,1,,,,,,,,
,,,Esch,3,1,1,,,,,,,,
,,,BAh,7,,,,,,,,,,
,,,Esch,5,1,1,,,,,,,,
,,,Esch,4,1,1,,,,,,,,
,,,Esch,15,1,,,,,,,,,
,,NO,Esch,6,1,,,,,,,,0,
,,,Esch,4,1,1,,,,,,,,
,,,Esch,6,1,1,,,,T1,,,,
8711,,NW,Esch,5,1,1,,,,,,,1,
,,,Esch,7,1,,,,,,,,,
,,,BAh,6,,,,,,,,,,
,,,Esch,6,1,,,,,,,,,
,,,BAh,8,,,,,,,,,,
,,,BAh,9,,,,,,,,,,
,,,RBu,9,,,,,,,,,,
,,,Esch,4,1,,,,,,,,,
,,,Esch,7,1,,,,,,,,,
,,,Esch,5,1,1,,,,,,,,
,,,Esch,7,1,,,,,,,,,
,,,RBu,10,,,,,,,,,,
,,,Esch,6,1,1,,,,,,,,
,,,BAh,4,,,,,,,,,,
,,,Esch,8,1,,,,,,,,,
,,,Esch,3,1,1,,,,,,,,
,,,Esch,7,1,,,,,,,,,
,,,Esch,3,1,1,,,,,,,,
,,,Esch,6,1,,,,,,,,,
,,,Esch,6,1,,,,,,,,,
,,NO,Esch,5,1,,,,,,,,0,
,,,Esch,4,1,,,,,,,,,
,,,Esch,4,1,,,,,,,,,
,,,Esch,7,1,,,,,,,,,
,,,Esch,6,1,1,,,,,,,,
,,,BAh,6,,,,,,,,,,
,,,BAh,9,,,,,,,,,,
,,,BAh,8,,,,,,,,,,
,,,Esch,6,1,1,,,,,,,,
,,SO,Esch,6,1,,,,,,,,2,
,,,Esch,6,1,1,,,,,,,,
,,,BAh,6,,,,,,,,,,
,,,Esch,8,1,,,,,,,,,
,,,Esch,7,1,,,,,,,,,
,,,BAh,9,,,,,,,,,,
,,,Esch,8,1,,,,,,,,,
,,,BAh,9,,,,,,,,,,
,,,Esch,5,1,1,,,,,,,,
,,,Esch,5,1,1,,,,,,,,
,,,RBu,10,,,,,,,,,,
,,,RBu,8,,,,,,,,,,
,,,Esch,6,1,1,,,,,,,,
,,SW,Esch,7,1,1,,,,,,,2,
8712,,NO,Esch,6,1,1,,,,,,,1,
,,,SAh,10,,,,,,,,,,
,,,BAh,10,,,,,,,,,,
,,,Esch,7,1,1,,,,,,,,
,,,BAh,8,,,,,,,,,,
,,,Esch,5,1,,,,,,,,,
,,,Esch,4,1,1,,,,,,,,
,,,BAh,4,,,,,,,,,,
,,,BAh,6,,,,,,,,,,
,,,BAh,4,,,,,,,,,,
,,,Esch,7,2,,,,,,T1,,,
,,,BAh,8,,,,,,,,,,
,,Mitte,Esch,11,1,,,,,,,,1,
,,,Esch,3,1,1,,,,,,,,
,,,Esch,15,2,,,,,,,,,
,,,BAh,17,,,,,,,,,,
,,,BAh,11,,,,,,,,,,
,,,Esch,4,1,1,,,,,,,,
,,,Esch,6,1,1,,,,,,,,
,,,Esch,8,1,1,,,,,,,,
,,,SAh,10,,,,,,,,,,
,,,Esch,16,1,,,,,,,,,
,,,Esch,7,1,,,,,,,,,
,,,BAh,4,,,,,,,,,,
,,,RBu,13,,,,,,,,,,
,,SW,Esch,10,1,1,,,,,,,0,
,,,BAh,8,,,,,,,,,,
,,,Esch,2,1,,,,,,,,,
,,,Esch,10,1,,,,,,,,,
,,,Esch,7,1,,,,,,,,,
,,,BAh,15,,,,,,,,,,
,,,Esch,7,1,,,,,,,,,
,,,BAh,6,,,,,,,,,,
,,,Esch,5,1,,,,,,,,,
,,NW,Esch,3,1,,,,,,,,0,
8713,,,BAh,5,,,,,,,,,,
,,NO,Esch,5,2,,T1,,,,,,1,
,,,Esch,7,1,1,,,,,,,,
,,,BAh,6,,,,,,,,,,
,,,BAh,4,,,,,,,,,,
,,,BAh,6,,,,,,,,,,
,,,BAh,5,,,,,,,,,,
,,,Esch,5,1,1,,,,,,,,
,,,RBu,8,,,,,,,,,,
,,,Esch,5,1,,,,,,,,,
,,,BAh,9,,,,,,,,,,
,,,Esch,5,1,1,,,,,,,,
,,,Esch,5,1,,,,,,,,,
,,,Esch,4,1,1,,,,,,,,
,,,Esch,7,1,,,,,,,,,
,,,BAh,15,,,,,,,,,,
,,,Esch,5,1,,,,,,,,,
,,,BAh,8,,,,,,,,,,
,,,BAh,5,,,,,,,,,,
,,,Esch,4,1,,,,,,,,,
,,,Esch,8,1,1,,,,,,,,
,,,BAh,5,,,,,,,,,,
,,,Esch,6,1,1,,,,,,,,
,,,Salweide,1,,,,,,,,,,
,,,BAh,4,,,,,,,,,,
,,,Esch,7,2,,,,,,,,,
,,,BAh,13,,,,,,,,,,
,,SO,Esch,5,1,,,,,,,,1,
,,,Esch,12,2,,,,,,1,,,
,,,Esch,5,1,,,,,,,,,
,,,Esch,6,1,,,,,,,,,
,,,Esch,6,1,,,,,,,,,
,,,BAh,18,,,,,,,,,,
,,,BAh,15,,,,,,,,,,
,,,BAh,9,,,,,,,,,,
,,,SAh,9,,,,,,,,,,
,,,BAh,15,,,,,,,,,,
,,,BAh,5,,,,,,,,,,
,,,BAh,11,,,,,,,,,,
,,,BAh,9,,,,,,,,,,
,,SW,Esch,3,1,1,,,,,,,1,
,,,BAh,6,,,,,,,,,,
,,,Esch,16,3,,,,,,,1,,
,,,Esch,3,2,,T1,,,,,,,
,,,WLi,4,,,,,,,,,,
,,,Esch,16,6,,,,,,1,,,
,,,BAh,8,,,,,,,,,,
,,,BAh,8,,,,,,,,,,
,,,Esch,4,1,1,,,,,,,,
,,,Esch,4,2,1,,,,,,,,
,,,Esch,6,1,,,,,,,,,
,,,BAh,9,,,,,,,,,,
,,,BAh,13,,,,,,,,,,
,,,BAh,8,,,,,,,,,,
,,,Esch,7,1,,,,,,,,,
,,,Esch,4,1,,,,,,,,,
,,,Esch,5,1,1,,,,,,,,
,,,Esch,5,1,1,,,,,,,,
,,,Weide,3,,,,,,,,,,
,,,BAh,6,,,,,,,,,,
,,,BAh,10,,,,,,,,,,
,,NW,Esch,6,1,,,,,,,,1,
,,,Esch,5,2,,,,,,,,,
,,,Esch,14,1,,,,,,,,,
,,,BAh,6,,,,,,,,,,
,,,BAh,5,,,,,,,,,,
,,,Esch,7,1,,,,,,,,,
,,,Esch,6,1,,,,,,,,,
,,,Esch,6,1,,,,,,,,,
,,,Esch,10,1,,,,,,,,,
,,,Esch,17,1,,,,,,,,,
,,,Esch,8,1,,,,,,,,,
8714,,NO,Esch,6,1,1,,,,,,,0,
,,,Esch,6,1,1,,,,,,,,
,,,Esch,18,2,,,,,,1,,,
,,,Esch,8,1,,,,,,,,,
,,,Esch,6,1,,,,,,,,,
,,,BAh,6,,,,,,,,,,
,,,BAh,11,,,,,,,,,,
,,,Esch,6,1,1,,,,,,,,
,,,RBu,10,,,,,,,,,,
,,,RBu,10,,,,,,,,,,
,,,RBu,10,,,,,,,,,,
,,,BAh,15,,,,,,,,,,
,,,Esch,7,1,1,,,,,,,,
,,,RBu,8,,,,,,,,,,
,,,Esch,7,1,1,,,,,,,,
,,,Esch,6,1,1,,,,,,,,
,,,BAh,5,,,,,,,,,,
,,,Esch,6,1,1,,,,,,,,
,,,Esch,5,1,1,,,,,,,,
,,,Esch,6,1,1,,,,,,,,
,,,Esch,6,1,,,,,,,,,
,,,BAh,15,,,,,,,,,,
,,,RBu,12,,,,,,,,,,
,,,Esch,9,1,1,,,,,,,,
,,,BAh,10,,,,,,,,,,
,,SO,Esch,6,1,1,,,,,,,1,
,,,Esch,5,1,1,,,,,,,,
,,,RBu,10,,,,,,,,,,
,,SW,Esch,8,2,,,,,,,,1,
,,,Esch,6,1,,,,,,,,,
,,,Esch,7,1,1,,,,,,,,
,,,Esch,8,1,1,,,,,,,,
,,,Esch,7,1,,,,,,,,,
,,,Esch,6,1,1,,,,,,,,
,,,Esch,6,1,1,,,,,,,,
,,,Esch,15,2,,,,,,,,,
,,,RBu,12,,,,,,,,,,
,,,RBu,42,,,,,,,,,,
,,,RBu,8,,,,,,,,,,
,,,Esch,6,1,1,,,,,,,,
,,,Esch,6,1,,,,,,,,,
,,,Esch,10,1,,,,,,,,,
,,,Esch,7,2,,,,,,,,,
,,,Esch,10,1,1,,,,,,,,
,,,Esch,7,1,1,,,,,,,,
,,,Esch,11,2,,,,,,,,,
,,,BAh,12,,,,,,,,,,
,,,Esch,7,1,1,,,,,,,,
,,,RBu,11,,,,,,,,,,
,,,BAh,17,,,,,,,,,,
,,,Esch,6,1,,,,,,,,,
,,NW,Esch,6,1,,,,,,,,1,
,,,BAh,7,,,,,,,,,,
8715,,,BAh,15,,,,,,,,,,
,,SW,Esch,7,1,,,,,,,,1,
,,,BAh,7,,,,,,,,,,
,,,BAh,4,,,,,,,,,,
,,,Esch,19,4,,T4,,,,,,,
,,,Esch,13,1,1,,,,,,,,
,,,Esch,8,1,1,,,,,,,,
,,,BAh,12,,,,,,,,,,
,,,Esch,13,2,,,,,,,1,,
,,,RBu,12,,,,,,,,,,
,,,Esch,19,3,,,,,,1,1,,Galle/Krebs
,,,Esch,15,1,,T1,,,,,,,
,,,Esch,6,1,1,,,,,,,,
,,,Esch,8,1,,T1,,,,,,,
,,,SAh,14,,,,,,,,,,
,,,Esch,8,1,,,,,,,,,
,,,Esch,6,1,,,,,,,,,
,,,BAh,18,,,,,,,,,,
,,,Esch,10,3,,,,,,,1,,
,,NW,Esch,19,1,,,,,,,,1,
,,,Esch,9,1,,,,,,,,,
,,,Esch,2,2,,T1,,,,,,,
,,,Esch,5,1,1,,,,,,,,
,,,Esch,11,1,,,,,,,,,
,,,Esch,6,2,,,,,,,,,
,,,Esch,9,1,,,,,,,,,
,,,RBu,11,,,,,,,,,,
,,,Esch,8,1,1,,,,,,,,
,,,Esch,11,1,,,,,,,,,
,,,Esch,12,3,,T3,,,,,,,
,,,Esch,12,1,,,,,,,,,
,,,Esch,11,1,1,,,,,,,,
,,NO,Esch,9,1,1,,,,,,,0,
,,,Esch,11,1,,,,,,,,,
,,,Esch,13,1,,,,,,,,,
,,,Esch,7,1,,,,,,,,,
,,,Esch,9,1,,,,,,,,,
,,,Esch,13,2,,,,,,,1,,
,,,Esch,7,1,,,,,,,,,
,,,Esch,9,1,,,,,,,,,
,,,Esch,14,1,,,,,,,,,
,,,Esch,12,1,,,,,,,,,
,,,BAh,9,,,,,,,,,,
,,,BAh,20,,,,,,,,,,
,,,BAh,18,,,,,,,,,,
,,,Esch,9,1,1,,,,,,,,
,,,BAh,10,,,,,,,,,,
,,,Esch,4,1,1,,,,,,,,
,,,Esch,7,1,,,,,,,,,
,,,HBu,39,,,,,,,,,,
,,,Esch,18,6,,,,,,5,,,
,,,Esch,10,1,,,,,,,,,
,,,Esch,17,1,1,,,,,,,,
,,SO,Esch,8,1,1,,,,,,,0,
8716,,NW,Esch,12,1,,,,,,,,1,
,,,Esch,5,7,,T6,,,,,,,
,,,Esch,12,1,,,,,,,,,
,,,Esch,6,1,,,,,,,,,
,,,Esch,15,1,,,,,,,,,
,,,Esch,4,1,1,,,,,,,,
,,,Esch,7,1,1,,,,,,,,
,,,Esch,6,1,,,,,,,,,
,,,Esch,4,1,1,,,,,,,,
,,SO,Esch,17,1,,,,,,,,0,
,,,WLi,7,,,,,,,,,,
,,SW,Esch,14,2,,,1,,,,,1,
8717,,,RBu,67,,,,,,,,,,"Baumstumpf, nimmt 20% des Plots ein"
,,,Esch,9,1,,,,,,,,,
,,,Esch,8,1,,,,,,,,,
,,,Esch,9,1,,,,,,,,,
,,,BAh,8,,,,,,,,,,
,,,BAh,12,,,,,,,,,,
,,,Esch,9,1,,,,,,,,,
,,,Esch,9,1,1,,,,,,,,
,,NO,Esch,11,1,,,,,,,,0,
,,,Esch,8,1,,,,,,,,,
,,,BAh,13,,,,,,,,,,
,,NW,Esch,10,1,,,,,,,,1,
,,,Esch,13,1,,,,,,,,,
,,,Esch,10,1,1,,,,,,,,
,,,Esch,15,1,1,,,,,,,,
,,Mitte,Esch,13,2,,,,,,,,0,
,,,Esch,11,1,,,,,,,,,
,,,Esch,9,1,,,,,,,,,
,,,Esch,13,1,,,,,,,,,
8718,,,Esch,9,1,1,,,,,,,,
,,NW,Esch,5,1,,,,,,,,1,
,,,Esch,4,1,1,,,,,,,,
,,SW,Esch,4,1,1,,,,,,,2,
,,,BAh,12,,,,,,,,,,
,,,BAh,9,,,,,,,,,,
,,,BAh,5,,,,,,,,,,
,,,BAh,6,,,,,,,,,,
,,,BAh,13,,,,,,,,,,
,,,BAh,6,,,,,,,,,,
,,,Esch,4,1,1,,,,,,,,
,,,Esch,5,1,1,,,,,,,,
,,,Esch,3,1,1,,,,,,,,
,,,Esch,3,1,1,,,,,,,,
,,,Esch,5,1,1,,,,,,,,
,,,Esch,4,1,1,,,,,,,,
,,,Esch,4,2,1,,,,,,,,
,,,Esch,6,1,1,,,,,,,,
,,,Esch,5,1,1,,,,,,,,
,,SO,Esch,6,1,1,,,,,,,1,
,,,BAh,10,,,,,,,,,,
,,,BAh,7,,,,,,,,,,
,,,BAh,8,,,,,,,,,,
,,,BAh,6,,,,,,,,,,
,,,Esch,7,1,,,,,,,,,
,,,Esch,6,1,1,,,,,,,,
,,,Esch,5,1,1,,,,,,,,
,,,Esch,4,1,,,,,,,,,
,,NO,Esch,3,1,1,,,,,,,1,
,,,Esch,4,2,,,,,,,,,
,,,Esch,5,1,1,,,,,,,,
,,,Esch,7,1,,,,,,,,,
,,,Esch,5,1,1,,,,,,,,
8719,,,BAh,8,,,,,,,,,,
,,NW,Esch,5,1,1,,,,,,,1,
,,,Esch,4,1,1,,,,,,,,
,,,BAh,10,,,,,,,,,,
,,,BAh,6,,,,,,,,,,
,,,BAh,4,,,,,,,,,,
,,,Esch,3,1,,,,,,,,,
,,, Eiche,12,,,,,,,,,,
,,,BAh,8,,,,,,,,,,
,,,Esch,10,1,,,,,,,,,
,,,Esch,3,2,,,,,,,,,
,,,Esch,23,1,,T1,,,,,,,
,,,Esch,12,1,,,,,,,,,
,,,BAh,6,,,,,,,,,,
,,,BAh,8,,,,,,,,,,
,,,Esch,14,1,,,,,,,,,
,,,Esch,16,1,,,,,,,,,
,,,BAh,6,,,,,,,,,,
,,,Esch,7,1,1,,,,,,,,
,,,SAh,10,,,,,,,,,,
,,,Esch,10,1,,,,,,,,,
,,,Esch,10,1,,,,,,,,,
,,,BAh,7,,,,,,,,,,
,,,BAh,12,,,,,,,,,,
,,,Esch,9,1,,,,,,,,,
,,,Esch,19,1,,,,,,,,,
,,,Esch,6,1,1,,,,,,,,
,,,Esch,13,1,,,,,,,,,
,,,Esch,4,1,1,,,,,,,,
,,,BAh,6,,,,,,,,,,
,,,BAh,6,,,,,,,,,,
,,,Esch,5,1,,,,,,,,,
,,,RBu,13,,,,,,,,,,
,,,BAh,5,,,,,,,,,,
,,,Esch,6,1,,,,,,,,,
,,,Esch,7,1,1,,,,,,,,
,,,BAh,7,,,,,,,,,,
,,,BAh,6,,,,,,,,,,
,,,Esch,16,1,,,,,,,,,
,,,BAh,8,,,,,,,,,,
,,,BAh,9,,,,,,,,,,
,,,BAh,11,,,,,,,,,,
,,,Esch,4,1,1,,,,,,,,
,,NO,Esch,5,1,,,,,,,,1,
,,,BAh,10,,,,,,,,,,
,,,Esch,4,1,1,,,,,,,,
,,,BAh,5,,,,,,,,,,
,,,BAh,6,,,,,,,,,,
,,,RBu,13,,,,,,,,,,
,,,RBu,11,,,,,,,,,,
,,SO,Esch,13,1,,,,,,,,2,
,,,BAh,6,,,,,,,,,,
,,,BAh,4,,,,,,,,,,
,,,Esch,5,1,1,,,,,,,,
,,,Esch,7,1,,,,,,,,,
,,,Esch,5,1,,,,,,,,,
,,,BAh,6,,,,,,,,,,
,,,BAh,10,,,,,,,,,,
,,,BAh,5,,,,,,,,,,
,,,BAh,9,,,,,,,,,,
,,,Esch,16,1,,,,,,,,,
,,,Esch,11,1,,,,,,,,,
,,,Esch,4,1,,,,,,,,,
,,,Esch,8,1,,,,,,,,,
,,,BAh,13,,,,,,,,,,
,,,Esch,5,1,1,,,,,,,,
,,,BAh,4,,,,,,,,,,
,,,BAh,8,,,,,,,,,,
,,SW,Esch,7,2,,,,,,,T1,0,
8720,,SW,Esch,4,1,1,,,,,,,0,
,,,RBu,20,,,,,,,,,,
,,,Esch,6,1,,,,,,,,,
,,,Esch,4,1,1,,,,,,,,
,,,Esch,7,1,,,,,,,,,
,,,Esch,5,1,,,,,,,,,
,,,Esch,6,1,1,,,,,,,,
,,,Esch,7,1,1,,,,,,,,
,,,Esch,10,1,,,,,,,,,
,,,BAh,4,,,,,,,,,,
,,,BAh,12,,,,,,,,,,
,,,Esch,5,1,,,,,,,,,
,,,Esch,6,1,1,,,,,,,,
,,,BAh,9,,,,,,,,,,
,,,BAh,7,,,,,,,,,,
,,,Esch,5,1,1,,,,,,,,
,,,Esch,6,1,1,,,,,,,,
,,,Esch,6,1,1,,,,,,,,
,,,Esch,5,1,,,,,,,,,
,,,Esch,10,1,,,,,,,,,
,,,Esch,5,1,,,,,,,,,
,,,BAh,5,,,,,,,,,,
,,,BAh,5,,,,,,,,,,
,,,Esch,7,1,1,,,,,,,,
,,,BAh,8,,,,,,,,,,
,,,Esch,12,1,,,,,,,,,
,,,Esch,7,1,1,,,,,,,,
,,,Esch,9,1,1,,,,,,,,
,,,Esch,7,1,1,,,,,,,,
,,,BAh,9,,,,,,,,,,
,,,BAh,8,,,,,,,,,,
,,,Esch,7,1,1,,,,,,,,
,,,Esch,6,1,1,,,,,,,,
,,,Esch,5,1,1,,,,,,,,
,,,BAh,9,,,,,,,,,,
,,,WLi,7,,,,,,,,,,
,,,Esch,5,1,1,,,,,,,,
,,,Esch,15,1,,,,,,,,,
,,,Esch,5,1,,,,,,,,,
,,,Esch,3,1,1,,,,,,,,
,,NW,Esch,6,1,1,,,,,,,1,
,,,BAh,7,,,,,,,,,,
,,,Esch,5,1,1,,,,,,,,
,,,BAh,13,,,,,,,,,,
,,,RBu,30,,,,,,,,,,
,,,BAh,10,,,,,,,,,,
,,,BAh,7,,,,,,,,,,
,,,BAh,10,,,,,,,,,,
,,,BAh,6,,,,,,,,,,
,,,BAh,7,,,,,,,,,,
,,,Esch,7,1,1,,,,,,,,
,,,Esch,6,1,1,,,,,,,,
,,,BAh,7,,,,,,,,,,
,,NO,Esch,11,1,,,,,,,,1,
,,,BAh,10,,,,,,,,,,
,,,Esch,10,2,,,,,,,1,,
,,,Esch,5,1,1,,,,,,,,
,,,Esch,8,1,,,,,,,,,
,,,Esch,6,1,,,,,,,,,
,,,BAh,4,,,,,,,,,,
,,,BAh,9,,,,,,,,,,
,,,Esch,9,1,,,,,,,,,
,,,BAh,12,,,,,,,,,,
,,,Esch,6,1,,,,,,,,,
,,,Esch,8,1,,,,,,,,,
,,,Esch,6,1,,T1,,,,,,,
,,,Esch,4,1,1,,,,,,,,
,,,BAh,5,,,,,,,,,,
,,,Esch,6,1,1,,,,,,,,
,,,Esch,7,1,,,,,,,,,
,,,BAh,11,,,,,,,,,,
,,,Esch,10,,,,,,,,,,
,,,BAh,15,,,,,,,,,,
,,,Esch,7,2,,,T1,,,,,,
,,,Esch,5,2,,,,,,,,,
,,,Esch,8,1,1,,,,,,,,
,,,Esch,8,1,,,,,,,,,
,,,Esch,6,1,1,,,,,,,,
,,,Esch,8,1,,,,,,,,,
,,,BAh,4,,,,,,,,,,
,,,Esch,7,1,1,,,,,,,,
,,,Esch,7,1,1,,,,,,,,
,,SO,Esch,5,1,1,,,,,,,3,
,,,BAh,10,,,,,,,,,,
,,,RBu,18,,,,,,,,,,
8721,,NO,Esch,3,1,1,,,,,,,1,
,,,Esch,2,1,,,,,,,,,
,,,BAh,6,,,,,,,,,,
,,,Esch,4,1,,,,,,,,,
,,,BAh,7,,,,,,,,,,
,,SO,Esch,4,1,1,,,,,,,1,
,,,Esch,6,1,1,,,,,,,,
,,,Esch,5,1,1,,,,,,,,
,,,Esch,5,1,1,,,,,,,,
,,,Esch,6,1,,,,,,,,,
,,,BAh,10,,,,,,,,,,
,,,BAh,7,,,,,,,,,,
,,,BAh,7,,,,,,,,,,
,,,BAh,7,,,,,,,,,,
,,,Esch,8,2,,,,,,,1,,
,,,Esch,4,1,1,,,,,,,,
,,,Esch,5,1,1,,,,,,,,
,,,BAh,5,,,,,,,,,,
,,,Esch,6,1,1,,,,,,,,
,,SW,Esch,5,1,1,,,,,,,2,
,,,Esch,4,1,,,,,,,,,
,,,Esch,4,1,1,,,,,,,,
,,,Esch,2,1,1,,,,,,,,
,,,Esch,3,1,1,,,,,,,,
,,,BAh,7,,,,,,,,,,
8722,,,BAh,6,,,,,,,,,,
,,SW,Esch,11,1,,,,,,,,1,
,,,Esch,6,1,,,,,,,,,
,,,Esch,8,1,,,,,,,,,
,,,BAh,7,,,,,,,,,,
,,,BAh,6,,,,,,,,,,
,,,BAh,8,,,,,,,,,,
,,,Esch,6,2,,,1,,,,,,
,,,Esch,10,1,,,,,,,,,
,,,Esch,8,1,,,,,,,,,
,,,BAh,6,,,,,,,,,,
,,,Esch,9,1,,,,,,,,,
,,Mitte,Esch,10,1,,,,,,,,1,
,,,Esch,8,1,,,,,,,,,
,,,Esch,4,2,,,,,,,1,,
,,,Esch,4,1,1,,,,,,,,
,,NW,Esch,10,1,,,,,,,,1,
,,,BAh,8,,,,,,,,,,
,,,Esch,11,1,,,,,,,,,
,,,Esch,5,1,1,,,,,,,,
,,,BAh,8,,,,,,,,,,
,,,BAh,6,,,,,,,,,,
,,,Esch,6,1,1,,,,,,,,
,,,BAh,8,,,,,,,,,,
,,,Esch,8,1,,,,,,,,,
8723,,NO,Esch,10,1,,,,,,,,3,
,,,BAh,7,,,,,,,,,,
,,,BAh,13,,,,,,,,,,
,,,BAh,8,,,,,,,,,,
,,,SAh,12,,,,,,,,,,
,,,BAh,13,,,,,,,,,,
,,,Esch,6,1,1,,,,,,,,
,,,Esch,15,1,,,,,,,,,
,,,HBu,4,,,,,,,,,,
,,,Esch,12,1,,,,,,,,,
,,,BAh,13,,,,,,,,,,
,,,Esch,14,1,,,,,,,,,
,,,Esch,15,2,,,,,,,,,
,,,Esch,10,2,,,,,,,,,
,,,RBu,8,,,,,,,,,,
,,,Esch,11,2,,,,,,,,,
,,,Esch,14,1,,,,,,,,,
,,,BAh,13,,,,,,,,,,
,,,Esch,14,3,,,,,,,,,
,,,Esch,5,1,1,,,,,,,,
,,,Esch,6,1,,,,,,,,,
,,SO,Esch,15,1,,,,,,,,1,
,,,BAh,7,,,,,,,,,,
,,,Esch,19,1,,,,,,,,,
,,,Esch,16,1,,,,,,,,,
,,,Esch,18,2,,,,,,,,,
,,,BAh,7,,,,,,,,,,
,,,BAh,8,,,,,,,,,,
,,,BAh,7,,,,,,,,,,
,,,Esch,7,1,1,,,,,,,,
,,,BAh,17,,,,,,,,,,
,,,Esch,6,1,1,,,,,,,,
,,,BAh,10,,,,,,,,,,
,,,BAh,6,,,,,,,,,,
,,,BAh,10,,,,,,,,,,
,,,Esch,16,2,,,,,,,,,
,,,Esch,6,1,,,,,,,,,
,,,BAh,9,,,,,,,,,,
,,,Esch,9,3,,,,,,1,,,
,,SW,Esch,6,1,,,,,,,,1,
,,,BAh,8,,,,,,,,,,
,,,SAh,13,,,,,,,,,,
,,,Esch,14,1,,,,,,,,,
,,,BAh,15,,,,,,,,,,
,,,Esch,11,1,,,,,,,,,
,,,Esch,13,2,,,,,,,1,,
,,NW,Esch,17,1,,,,,,,,1,
,,,Esch,13,1,,,,,,,,,
,,,BAh,9,,,,,,,,,,
,,,Esch,19,1,,,,,,,,,
,,,BAh,9,,,,,,,,,,
,,,BAh,14,,,,,,,,,,
,,,Esch,16,1,,,,,,,,,
,,,Esch,20,1,,,,,,,,,
,,,Esch,14,1,,,,,,,,,
,,,BAh,7,,,,,,,,,,
,,,SAh,15,,,,,,,,,,
,,,BAh,5,,,,,,,,,,
,,,Esch,7,1,1,,,,,,,,
8724,,,BAh,12,,,,,,,,,,
,,,Esch,5,1,1,,,,,,,,
,,,Esch,6,1,1,,,,,,,,
,,,Esch,6,1,1,,,,,,,,
,,,Esch,6,1,1,,,,,,,,
,,,Esch,4,1,1,,,,,,,,
,,,Esch,6,1,1,,,,,,,,
,,,Esch,7,1,1,,,,,,,,
,,,Esch,8,1,,,,,,,,,
,,,Esch,5,1,1,,,,,,,,
,,,Esch,7,1,1,,,,,,,,
,,,Esch,5,1,,,,,,,,,
,,,BAh,12,,,,,,,,,,
,,,Esch,5,1,1,,,,,,,,
,,,Esch,6,1,1,,,,,,,,
,,,Esch,5,1,,,,,,,,,
,,,Esch,5,1,,,,,,,,,
,,,BAh,6,,,,,,,,,,
,,,Esch,5,1,1,,,,,,,,
,,NO,Esch,7,1,1,,,,,,,2,
,,,BAh,12,,,,,,,,,,
,,,Esch,7,1,,,,,,,,,
,,,BAh,15,,,,,,,,,,
,,,BAh,6,,,,,,,,,,
,,,Esch,10,2,,,,,,1,,,
,,,BAh,7,,,,,,,,,,
,,,BAh,5,,,,,,,,,,
,,,BAh,7,,,,,,,,,,
,,,Esch,12,1,,,,,,,,,
,,,BAh,17,,,,,,,,,,
,,,Esch,10,1,,,,,,,,,
,,,Esch,7,1,1,,,,,,,,
,,,Esch,7,1,,,,,,,,,
,,,BAh,5,,,,,,,,,,
,,,BAh,13,,,,,,,,,,
,,,BAh,10,,,,,,,,,,
,,,Esch,9,1,,,,,,,,,
,,SO,Esch,4,1,1,,,,,,,0,
,,,Esch,5,1,,,,,,,,,
,,,BAh,10,,,,,,,,,,
,,,Esch,6,1,1,,,,,,,,
,,,BAh,12,,,,,,,,,,
,,,Esch,4,1,1,,,,,,,,
,,Mitte,Esch,4,1,1,,,,,,,4,
,,,BAh,6,,,,,,,,,,
,,,BAh,4,,,,,,,,,,
,,,Esch,5,1,1,,,,,,,,
,,,Esch,5,1,,,,,,,,,
,,,BAh,7,,,,,,,,,,
,,,Esch,4,1,1,,,,,,,,
,,,Esch,5,1,1,,,,,,,,
,,,Esch,4,1,,,,,,,,,
,,,Esch,5,1,,,,,,,,,
,,,Esch,18,1,,,,,,,,,
,,,Esch,10,1,,,,,,,,,
,,,Esch,10,2,,,,,,1,,,
,,,Esch,7,1,,,,,,,,,
,,SW,Esch,7,1,,,,,,,,,keine Blätter
,,,BAh,6,,,,,,,,,,
,,,BAh,5,,,,,,,,,,
8725,,,Esch,11,1,,,,T1,,,,,
,,NO,Esch,6,1,,,,,,,,1,
,,,RBu,12,,,,,,,,,,
,,,Esch,7,1,,,,,,,,,
,,,BAh,9,,,,,,,,,,
,,,Esch,6,1,1,,,,,,,,
,,,BAh,6,,,,,,,,,,
,,,BAh,7,,,,,,,,,,
,,,Esch,11,2,,,,,,,1,,
,,,SAh,8,,,,,,,,,,
,,,Esch,8,2,,,,,,,T1,,
,,,Esch,8,1,,,,,,,,,
,,,Esch,11,1,,,,,,,,,
,,NW,Esch,6,1,,,,,,,,1,
,,,Esch,8,1,,,,,,,,,
,,,Esch,9,1,,,,,,,,,
,,,BAh,6,,,,,,,,,,
,,,BAh,6,,,,,,,,,,
,,,BAh,6,,,,,,,,,,
,,,BAh,5,,,,,,,,,,
,,,Esch,5,1,,,,,,,,,
,,,BAh,5,,,,,,,,,,
,,,BAh,8,,,,,,,,,,
,,,Esch,7,1,,,,,,,,,
,,,Esch,7,1,,,,,,,,,
,,,Esch,5,1,,,,T1,,,,,
,,,Esch,14,1,,,,,,,,,
,,,BAh,6,,,,,,,,,,
,,,BAh,7,,,,,,,,,,
,,,BAh,7,,,,,,,,,,
,,,BAh,6,,,,,,,,,,
,,,BAh,10,,,,,,,,,,
,,SO,Esch,5,1,,,,,,,,2,
,,,Esch,6,1,1,,,,,,,,
,,,BAh,7,,,,,,,,,,
,,,Esch,10,1,,,,,,,,,
,,,Esch,10,1,,,,,,,,,
,,,Esch,8,1,1,,,,,,,,
,,,BAh,10,,,,,,,,,,
,,,BAh,6,,,,,,,,,,
,,,BAh,9,,,,,,,,,,
,,,Esch,6,1,,,,,,,,,
,,SW,Esch,6,1,,,,,,,,0,
,,,Esch,9,1,1,,,,,,,,
,,,Esch,7,1,1,,,,,,,,
,,,Esch,8,1,,,,,,,,,
,,,BAh,10,,,,,,,,,,
,,,BAh,9,,,,,,,,,,
,,,Esch,9,3,,T2,,,,,,,
,,,BAh,9,,,,,,,,,,
8726,,,RBu,37,,,,,,,,,,
,,,BAh,6,,,,,,,,,,
,,,Esch,13,1,,,,,,,,,
,,,Esch,6,1,,,,,,,,,
,,,Esch,8,1,1,,,,,,,,
,,,Esch,8,1,1,,,,,,,,
,,,BAh,7,,,,,,,,,,
,,,BAh,6,,,,,,,,,,
,,SW,Esch,11,1,,,,,,,,0,
,,,Esch,15,1,,,,,,,,,
,,,Esch,2,1,1,,,,,,,,
,,NW,Esch,15,1,,,,,,,,1,
,,,Esch,4,1,,,,,,,,,
,,,Esch,4,1,1,,,,,,,,
,,,BAh,5,,,,,,,,,,
,,,BAh,6,,,,,,,,,,
,,,BAh,5,,,,,,,,,,
,,,BAh,7,,,,,,,,,,
,,,Esch,10,1,,,,,,,,,
,,,Esch,8,1,,,,,,,,,
,,,Esch,8,1,,,,,,,,,
,,,BAh,8,,,,,,,,,,
,,,Esch,5,1,,,,,,,,,
,,,Esch,12,1,,,,,,,,,
,,,Esch,6,1,,,,,,,,,
,,,BAh,6,,,,,,,,,,
,,,Esch,3,1,1,,,,,,,,
,,NO,Esch,5,1,,,,,,,,1,
,,,Esch,6,1,1,,,,,,,,
,,,Esch,9,1,,,,,,,,,
,,,Esch,8,1,,,,,,,,,
,,,BAh,9,,,,,,,,,,
,,,BAh,8,,,,,,,,,,
,,,BAh,8,,,,,,,,,,
,,,Esch,5,2,,,,,,1,,,
,,,BAh,5,,,,,,,,,,
,,,Esch,4,1,1,,,,,,,,
,,,BAh,8,,,,,,,,,,
,,,Esch,5,,,,,,,,,,
,,,Esch,5,1,1,,,,T1,,,,
,,,BAh,8,,,,,,,,,,
,,,BAh,7,,,,,,,,,,
,,,BAh,7,,,,,,,,,,
,,,RBu,9,,,,,,,,,,
,,,RBu,9,,,,,,,,,,
,,,BAh,6,,,,,,,,,,
,,,BAh,6,,,,,,,,,,
,,,BAh,8,,,,,,,,,,
,,,Esch,14,1,,,,,,,,,
,,,Esch,7,2,,,1,,,,,,
,,,Esch,9,2,,,,T1,,,,,
,,,BAh,8,,,,,,,,,,
,,,BAh,5,,,,,,,,,,
,,,BAh,7,,,,,,,,,,
,,,Esch,8,1,1,,,,,,,,
,,,Esch,5,1,1,,,,,,,,
,,,Esch,9,1,,,,,,,,,
,,,Esch,6,1,,,,,,,,,
,,SO,Esch,5,1,,,,,,,,1,
8727,,SO,Esch,5,1,1,,,,,,,1,
,,,Esch,7,1,1,,,,,,,,
,,,Esch,5,1,1,,,,,,,,
,,,Esch,6,1,1,,,,,,,,
,,,BAh,8,,,,,,,,,,
,,,BAh,9,,,,,,,,,,
,,,BAh,6,,,,,,,,,,
,,,BAh,7,,,,,,,,,,
,,,BAh,10,,,,,,,,,,
,,,RBu,10,,,,,,,,,,
,,,Esch,4,1,1,,,,,,,,
,,,Esch,6,1,1,,,,,,,,
,,,BAh,8,,,,,,,,,,
,,,Esch,3,1,1,,,,,,,,
,,,Esch,5,1,,,,,,,,,
,,,BAh,9,,,,,,,,,,
,,,RBu,12,,,,,,,,,,
,,,Esch,8,1,,,,,,,,,
,,,Esch,6,1,,,,,,,,,
,,,BAh,6,,,,,,,,,,
,,,Esch,5,1,1,,,,,,,,
,,,Esch,7,1,,,,,,,,,
,,,BAh,8,,,,,,,,,,
,,,Esch,6,1,,,,,,,,,
,,,Esch,6,1,1,,,,,,,,
,,,BAh,9,,,,,,,,,,
,,,BAh,7,,,,,,,,,,
,,,Esch,4,1,,,,,,,,,
,,,Esch,6,1,,,,,,,,,
,,,BAh,7,,,,,,,,,,
,,,BAh,9,,,,,,,,,,
,,,BAh,8,,,,,,,,,,
,,,Esch,6,1,,,,,,,,,
,,,BAh,8,,,,,,,,,,
,,,Esch,5,1,1,,,,,,,,
,,,Esch,4,1,1,,,,,,,,
,,,Esch,6,1,,,,,,,,,
,,,Esch,5,1,1,,,,,,,,
,,,BAh,8,,,,,,,,,,
,,,BAh,7,,,,,,,,,,
,,,Esch,5,1,1,,,,,,,,
,,,Esch,4,1,1,,,,,,,,
,,,Esch,5,1,,,,,,,,,
,,,BAh,5,,,,,,,,,,
,,,Esch,5,1,,,,,,,,,
,,,Esch,7,1,,,,,,,,,
,,,Esch,4,1,,,,,,,,,
,,,Esch,7,1,,,,,,,,,
,,,Esch,5,1,,,,,,,,,
,,NO,Esch,3,1,1,,,,,,,0,
,,,Esch,4,1,1,,,,,,,,
,,,Esch,2,1,1,,,,,,,,
,,,Esch,3,1,,,,,,,,,
,,,BAh,10,,,,,,,,,,
,,,RBu,9,,,,,,,,,,
,,,BAh,5,,,,,,,,,,
,,,BAh,6,,,,,,,,,,
,,,Esch,3,1,1,,,,,,,,
,,,Esch,8,1,,,,,,,,,
,,,BAh,3,,,,,,,,,,
,,,Esch,6,1,1,,,,,,,,
,,,Esch,4,1,1,,,,,,,,
,,,Esch,6,1,,,,,,,,,
,,,Esch,6,1,,,,,,,,,
,,,Esch,4,1,,,,,,,,,
,,,Esch,8,1,,,,,,,,,
,,,Esch,5,1,1,,,,,,,,
,,,BAh,6,,,,,,,,,,
,,,Esch,5,1,,,,,,,,,
,,,BAh,8,,,,,,,,,,
,,,Esch,5,,,,,,,,,,
,,NW,Esch,6,1,,,,,,,,1,
,,,BAh,8,,,,,,,,,,
,,,BAh,5,,,,,,,,,,
,,,BAh,10,,,,,,,,,,
,,,Esch,5,1,,,,,,,,,
,,,Esch,7,1,1,,,,,,,,
,,,BAh,6,,,,,,,,,,
,,,Esch,7,1,,,,,,,,,
,,,Esch,6,1,1,,,,,,,,
,,,Esch,7,1,,,,,,,,,
,,,RBu,8,,,,,,,,,,
,,,Esch,4,1,,,,,,,,,
,,,Esch,6,2,,,,,,,,,
,,,Esch,14,1,,,,,,,,,
,,,Esch,5,1,1,,,,,,,,
,,,Esch,6,1,1,,,,,,,,
,,,BAh,9,,,,,,,,,,
,,,Esch,4,1,1,,,,,,,,
,,,BAh,9,,,,,,,,,,
,,,BAh,9,,,,,,,,,,
,,SW,Esch,5,1,1,,,,,,,,
8728,,NO,Esch,8,1,1,,,,,,,1,
,,,Esch,7,1,1,,,,,,,,
,,,Esch,5,1,1,,,,,,,,
,,,Esch,11,1,1,,,,,,,,
,,,Esch,8,1,1,,,,,,,,
,,,BAh,8,,,,,,,,,,
,,,Esch,7,1,1,,,,,,,,
,,,Esch,9,1,,,,,,,,,
,,,Esch,6,1,1,,,,,,,,
,,,Esch,6,1,1,,,,,,,,
,,,Esch,8,1,1,,,,,,,,
,,,Esch,10,1,,,,,,,,,
,,,Esch,7,1,1,,,,,,,,
,,,Esch,6,1,1,,,,,,,,
,,,BAh,14,,,,,,,,,,
,,,Esch,11,1,1,,,,,,,,
,,,Esch,11,1,1,,,,,,,,
,,,Esch,8,1,1,,,,,,,,
,,,BAh,10,,,,,,,,,,
,,,BAh,9,,,,,,,,,,
,,,BAh,13,,,,,,,,,,
,,,BAh,10,,,,,,,,,,
,,,BAh,15,,,,,,,,,,
,,,BAh,12,,,,,,,,,,
,,,Esch,11,1,,,,,,,,,
,,,Esch,5,1,,,,,,,,,
,,,Esch,6,1,1,,,,,,,,
,,,BAh,8,,,,,,,,,,
,,,Esch,6,1,1,,,,,,,,
,,,Esch,6,1,1,,,,,,,,
,,,Esch,5,1,1,,,,,,,,
,,,Esch,6,1,1,,,,,,,,
,,,Esch,6,1,1,,,,,,,,
,,,Esch,12,1,1,,,,,,,,
,,,Esch,14,1,1,,,,,,,,
,,,Esch,10,1,1,,,,,,,,
,,,Esch,8,1,,,,,,,,,
,,,Esch,11,1,1,,,,,,,,
,,,BAh,5,,,,,,,,,,
,,,BAh,8,,,,,,,,,,
,,,BAh,8,,,,,,,,,,
,,,Esch,11,1,1,,,,,,,,
,,,BAh,17,,,,,,,,,,
,,,BAh,11,,,,,,,,,,
,,,RBu,16,,,,,,,,,,
,,,Esch,5,1,1,,,,,,,,
,,,Esch,9,1,1,,,,,,,,
,,,BAh,6,,,,,,,,,,
,,,BAh,11,,,,,,,,,,
,,,BAh,10,,,,,,,,,,
,,,BAh,6,,,,,,,,,,
,,,BAh,12,,,,,,,,,,
,,,BAh,12,,,,,,,,,,
,,,BAh,9,,,,,,,,,,
,,,BAh,7,,,,,,,,,,
,,,BAh,14,,,,,,,,,,
,,,Esch,6,1,1,,,,,,,,
,,,BAh,11,,,,,,,,,,
,,,BAh,9,,,,,,,,,,
,,,BAh,10,,,,,,,,,,
,,,Esch,8,1,1,,,,,,,,
,,,Esch,7,1,,,,,,,,,
,,SW,Esch,10,1,1,,,T1,,,,0,
,,,BAh,9,,,,,,,,,,
,,,Esch,8,1,1,,,,,,,,
,,,BAh,9,,,,,,,,,,
,,,Esch,7,1,1,,,,,,,,
,,,BAh,12,,,,,,,,,,
,,,Esch,4,1,1,,,,,,,,
,,,Esch,12,1,1,,,,,,,,
,,,Esch,11,1,,,,,,,,,
,,,Esch,11,1,1,,,,,,,,
,,,Esch,10,1,1,,,,,,,,
,,,BAh,8,,,,,,,,,,
,,,Esch,11,1,1,,,,,,,,
,,Mitte,Esch,14,1,1,,,,,,,1,
,,,Esch,6,1,1,,,,,,,,
,,,Esch,6,1,1,,,,,,,,
,,,Esch,15,1,,,,,,,,,
,,,Esch,7,1,1,,,,,,,,
,,,Esch,8,1,1,,,,,,,,
,,,BAh,12,,,,,,,,,,
,,,BAh,10,,,,,,,,,,
,,,Esch,11,1,1,,,,,,,,
,,,Esch,7,1,1,,,,,,,,
,,,BAh,8,,,,,,,,,,
,,,Esch,7,1,1,,,,,,,,
,,,BAh,7,,,,,,,,,,
,,,BAh,9,,,,,,,,,,
,,,BAh,12,,,,,,,,,,
,,,BAh,14,,,,,,,,,,
,,,Esch,6,1,1,,,,,,,,
,,,BAh,11,,,,,,,,,,
,,,BAh,13,,,,,,,,,,
,,NW,Esch,12,1,1,,,,,,,0,
8729,,SW,Esch,7,1,,,,,,,,4,
,,,Esch,14,1,,,,,,,,,
,,,Esch,6,2,,,,,,T1,,,
,,,Esch,10,1,,,,,,,,,
,,,Esch,9,1,,,,,,,,,
,,,Esch,9,1,,,,,,,,,
,,,Esch,5,1,,,,,,,,,
,,,Esch,3,1,,,,,,,,,
,,,Esch,6,1,,,,,,,,,
,,,BAh,5,,,,,,,,,,
,,,BAh,13,,,,,,,,,,
,,,BAh,6,,,,,,,,,,
,,,BAh,16,,,,,,,,,,
,,,RBu,9,,,,,,,,,,
,,,BAh,12,,,,,,,,,,
,,,Esch,9,1,,,,,,,,,
,,,BAh,8,,,,,,,,,,
,,,BAh,13,,,,,,,,,,
,,,BAh,6,,,,,,,,,,
,,,BAh,5,,,,,,,,,,
,,,BAh,15,,,,,,,,,,
,,,BAh,8,,,,,,,,,,
,,,Esch,11,1,,,,T1,,,,,
,,,BAh,5,,,,,,,,,,
,,,RBu,6,,,,,,,,,,
,,,WLi,9,,,,,,,,,,
,,,Esch,8,1,,,,,,,,,
,,,Esch,5,1,1,,,,,,,,
,,,BAh,5,,,,,,,,,,
,,,Esch,8,1,,,,,,,,,
,,,Esch,4,1,1,,,,,,,,
,,,Esch,7,1,1,,,,,,,,
,,,Esch,6,1,1,,,,,,,,
,,,BAh,8,,,,,,,,,,
,,,BAh,8,,,,,,,,,,
,,,BAh,11,,,,,,,,,,
,,,BAh,9,,,,,,,,,,
,,NW,Esch,9,1,,,,,,,,2,
,,,Esch,7,1,,,,,,,,,
,,,BAh,11,,,,,,,,,,
,,,Esch,5,1,1,,,,,,,,
,,,Esch,7,1,,,,,,,,,
,,,Esch,5,1,1,,,,,,,,
,,,Esch,8,1,1,,,,,,,,
,,,BAh,10,,,,,,,,,,
,,,BAh,8,,,,,,,,,,
,,,Esch,6,2,,T2,,,,,,,
,,,Esch,8,1,1,,,,,,,,
,,,Esch,7,1,,,,,,,,,
,,,BAh,8,,,,,,,,,,
,,,Esch,5,1,1,,,,,,,,
,,,Esch,7,1,,,,,,,,,
,,,BAh,16,,,,,,,,,,
,,,Esch,11,1,,,,,,,,,
,,,Esch,3,1,1,,,,,,,,
,,,BAh,7,,,,,,,,,,
,,,BAh,6,,,,,,,,,,
,,,BAh,8,,,,,,,,,,
,,,BAh,13,,,,,,,,,,
,,,BAh,17,,,,,,,,,,
,,,BAh,10,,,,,,,,,,
,,,Esch,8,1,,,,,,,,,
,,,BAh,13,,,,,,,,,,
,,,BAh,2,,,,,,,,,,
,,,BAh,10,,,,,,,,,,
,,,BAh,6,,,,,,,,,,
,,,BAh,12,,,,,,,,,,
,,,Esch,12,3,,T1,,,,,,,
,,,BAh,2,,,,,,,,,,
,,,Esch,19,2,,,,,,,1,,
,,,Esch,6,1,,,,,,,,,
,,,BAh,6,,,,,,,,,,
,,,BAh,7,,,,,,,,,,
,,,BAh,8,,,,,,,,,,
,,,Esch,4,1,,,,,,,,,
,,,Esch,5,1,,,,,,,,,
,,,Esch,7,1,1,,,,,,,,
,,,Esch,6,1,,,,,,,,,
,,,Esch,7,1,1,,,,,,,,
,,,Esch,8,1,,,,,,,,,
,,,Esch,15,1,,,,,,,,,
,,,Esch,7,1,,,,,,,,,
,,,Esch,8,1,,,,,,,,,
,,NO,Esch,6,1,1,,,,,,,1,
,,,BAh,5,,,,,,,,,,
,,,Esch,3,1,1,,,,,,,,
,,,Esch,6,3,,,,,,,,,
,,,Esch,3,1,,,,,,,,,
,,,Esch,9,1,1,,,,,,,,
,,,Esch,3,1,1,,,,,,,,
,,,Esch,6,1,,,,,,,,,
,,,BAh,10,,,,,,,,,,
,,,WKi,13,,,,,,,,,,
,,,BAh,12,,,,,,,,,,
,,,BAh,10,,,,,,,,,,
,,,Esch,5,1,1,,,,,,,,
,,,Esch,5,2,,,T1,,,,,,
,,,Esch,4,1,1,,,,,,,,
,,,Esch,2,1,1,,,,,,,,
,,,BAh,16,,,,,,,,,,
,,,Esch,13,1,,,,,,,,,
,,,Esch,12,1,,,,,,,,,
,,,Esch,6,1,1,,,,,,,,
,,,BAh,3,,,,,,,,,,
,,,Esch,6,1,,,,,,,,,
,,,Esch,6,1,,,,,,,,,
,,,Esch,7,1,,,,,,,,,
,,,BAh,11,,,,,,,,,,
,,,Esch,9,1,,,,,,,,,
,,,BAh,11,,,,,,,,,,
,,SO,Esch,8,1,,,,,,,,1,
8730,,NO,Esch,7,1,1,,,,,,,1,
,,,Esch,9,1,1,,,,,,,,
,,,Esch,9,1,1,,,,,,,,
,,,Esch,16,1,1,,,,,,,,
,,,Esch,14,1,1,,,,,,,,
,,,Salweide,3,,,,,,,,,,
,,,Esch,13,1,1,,,,,,,,
,,,Esch,6,1,1,,,,,,,,
,,,Esch,8,1,,,,,,,,,
,,,RBu,20,,,,,,,,,,Baumstumpf
,,,BAh,8,,,,,,,,,,
,,,Esch,5,1,1,,,,,,,,
,,,BAh,22,,,,,,,,,,
,,Mitte,Esch,18,1,,,,,,,,1,
,,,BAh,9,,,,,,,,,,
,,,Esch,8,1,1,,,,,,,,
,,,Esch,7,1,1,,,,,,,,
,,,BAh,13,,,,,,,,,,
,,NW,Esch,8,2,,,1,,,,,1,
,,,Esch,6,1,1,,,,,,,,
,,,Esch,11,1,1,,,,,,,,
,,,RBu,8,,,,,,,,,,
,,,Esch,10,1,,,,,,,,,
,,,Esch,9,1,1,,,,,,,,
,,,BAh,10,,,,,,,,,,
,,,Esch,10,1,1,,,,,,,,
,,,Esch,12,1,1,,,,,,,,
8731,,NO,Esch,9,1,,,,,,,,1,
8732,,,Esch,34,2,,,,,,1,,,
,,,Esch,33,2,,T1,,,,,,,
,,NW,Esch,9,1,,,,,,,,,keine Blätter
,,,RBu,12,,,,,,,,,,
,,,Esch,13,2,,,,,,,,,
,,NO,Esch,10,1,,,,,,,,0,
,,,Esch,21,4,,,,,,1,,,
,,,Esch,9,2,,,1,,,,,,
,,SO,Esch,22,2,,,,T1,,,,,keine Blätter
,,,Esch,7,2,,,,,,,,,
,,,Esch,7,1,,,,,,,,,
,,,Esch,23,4,,,T4,,,,,,
,,,BAh,9,,,,,,,,,,
,,,Esch,32,3,,1,,,,,,,
,,,Esch,21,1,,,,,,,,,
,,SW,Esch,9,1,,,,,,,,,
,,,BAh,10,,,,,,,,,,
,,,Esch,8,1,,,,,,,,,
8733,,SO,Esch,8,1,,,,,,,,0,
,,,Esch,7,1,,,,,,,,,
,,,Esch,18,2,,,,,,,1,,
,,,WLi,9,,,,,,,,,,
,,,Esch,11,1,,,,,,,,,
,,,BAh,21,,,,,,,,,,
,,,Esch,7,1,1,,,,,,,,
,,,Esch,6,2,,,,,,1,,,
,,,Esch,6,2,,,,,,,,,
,,,Esch,10,4,,,,,,T1,,,
,,,Esch,16,1,,,,,,,,,
,,,Esch,8,1,1,,,,,,,,
,,,BAh,21,,,,,,,,,,
,,,BAh,15,,,,,,,,,,
,,,Esch,10,1,,,,,,,,,
,,,Esch,8,1,,,,,,,,,
,,,BAh,7,,,,,,,,,,
,,,Esch,12,3,,,,,,,,,
,,SW,Esch,7,1,,,,,,,,,keine Blätter
,,,Esch,7,1,1,,,,,,,,
,,,Esch,6,1,1,,,,,,,,
,,,Esch,22,1,,,,T1,,,,,
,,,BAh,15,,,,,,,,,,
,,,Esch,15,1,,,,,,,,,
,,,BAh,26,,,,,,,,,,
,,,Esch,11,1,,,,,,,,,
,,,Esch,4,1,1,,,,,,,,
,,,Esch,7,2,,,,,,,,,umgeknickt
,,,Esch,5,3,,,,,,,1,,umgeknickt
,,,Esch,39,3,,,,,,,,,
,,,Esch,28,4,,,,,,,,,
,,,BAh,6,,,,,,,,,,
,,NW,Esch,6,1,,,,T1,,,,,umgeknickt
,,,Esch,7,3,,,T1,,,,,,
,,,Esch,10,1,,,,,,,,,
,,,Esch,8,1,,,,,,,,,
,,,Esch,8,3,,,,,,,1,,
,,,Esch,10,1,,,,,,,,,
,,,BAh,22,,,,,,,,,,
,,,Esch,18,1,,,,,,,,,
,,,RBu,114,,,,,,,,,,
,,,Esch,9,1,,,,,,,,,
,,,Esch,8,1,,,,,,,,,
,,,Esch,6,1,,,,,,,,,
,,,WLi,5,,,,,,,,,,
,,,BAh,4,,,,,,,,,,
,,,Esch,6,1,,,,,,,,,
,,,BAh,17,,,,,,,,,,
,,,BAh,18,,,,,,,,,,
,,,Esch,27,1,,,,,,,,,
,,,Esch,8,1,,,,,,,,,
,,,Esch,27,2,,,,,,,,,
,,,BAh,13,,,,,,,,,,
,,,WLi,60,,,,,,,,,,
,,,BAh,26,,,,,,,,,,
,,NO,Esch,13,4,,,,,,,2,0,
,,,Esch,10,1,,,,,,,,,
,,,Esch,18,1,,,,,,,,,
8734,,SO,Esch,6,1,,,,,,,,1,
,,,WLi,11,,,,,,,,,,
,,,BAh,9,,,,,,,,,,
,,,BAh,7,,,,,,,,,,
,,,Esch,5,1,1,,,,,,,,
,,,Esch,7,1,1,,,,,,,,
,,,BAh,11,,,,,,,,,,
,,,Esch,6,1,,,,,,,,,
,,,Esch,7,2,,,,,,,,,
,,,BAh,7,,,,,,,,,,
,,,Esch,10,1,,,,,,,,,
,,,Esch,7,1,,,,,,,,,
,,,Esch,6,1,,,,,,,,,
,,,BAh,9,,,,,,,,,,
,,,Esch,8,1,,,,,,,,,
,,,Esch,8,1,,,,,,,,,
,,,WLi,8,,,,,,,,,,
,,,Esch,6,1,1,,,,,,,,
,,,Esch,7,1,1,,,,,,,,
,,,Esch,8,1,,,,,,,,,
,,,Esch,9,2,,,,,,,,,
,,,Esch,5,2,,,,,,,T1,,
,,,Esch,5,1,1,,,,,,,,
,,,Esch,9,2,,,,,,,,,
,,,Esch,4,1,,,,,,,,,
,,,Esch,6,1,1,,,,,,,,
,,,Esch,5,1,1,,,,,,,,
,,,Esch,6,1,,,,,,,,,
,,,Esch,8,2,,,,,,,,,
,,,Esch,7,1,1,,,,,,,,
,,,Esch,5,1,1,,,,,,,,
,,,Esch,12,1,,,,,,,,,
,,,Esch,9,1,,,,,,,,,
,,,Esch,10,1,,,,,,,,,
,,,Esch,12,1,,,,,,,,,
,,,Esch,7,1,,,,,,,,,
,,,Esch,7,1,1,,,,,,,,
,,,Esch,9,1,,,,,,,,,
,,,Esch,5,1,,,,,,,,,
,,,Esch,8,1,,,,,,,,,
,,,Esch,8,1,,,,,,,,,
,,,Esch,9,1,1,,,,,,,,
,,,Esch,5,1,1,,,,,,,,
,,,Esch,9,1,,,,,,,,,
,,,Esch,6,1,,,,,,,,,
,,SW,Esch,8,1,,,,,,,,,
,,,Esch,11,1,,,,,,,,,
,,,BAh,8,,,,,,,,,,
,,NW,Esch,4,1,1,,,,,,,,
,,,Esch,6,1,1,,,,,,,,
,,,Esch,5,1,1,,,,,,,,
,,,Esch,6,1,,,,,,,,,
,,,BAh,8,,,,,,,,,,
,,,Esch,9,1,,,,,,,,,
,,,Esch,7,2,,,,,,,T1,,
,,,BAh,9,,,,,,,,,,
,,,Esch,8,1,,,,,,,,,
,,,BAh,11,,,,,,,,,,
,,,Esch,15,1,,,,,,,,,
,,,Esch,10,1,1,,,,,,,,
,,,Esch,6,1,1,,,,,,,,
,,,Esch,5,1,,,,,,,,,
,,,Esch,7,1,1,,,,,,,,
,,,Esch,6,1,1,,,,,,,,
,,,Esch,8,1,,,,,,,,,
,,,Esch,9,1,,,,,,,,,
,,,BAh,13,,,,,,,,,,
,,,BAh,14,,,,,,,,,,
,,,Esch,9,1,,,,,,,,,
,,,Esch,10,1,,,,,,,,,
,,,Esch,10,1,,,,,,,,,
,,,Esch,8,1,1,,,,,,,,
,,,Esch,8,2,,,,,,,,,
,,,Esch,8,1,1,,,,,,,,
,,,BAh,10,,,,,,,,,,
,,,BAh,11,,,,,,,,,,
,,,Esch,4,1,1,,,,,,,,
,,,Esch,4,1,1,,,,,,,,
,,,Esch,7,1,1,,,,,,,,
,,NO,Esch,8,1,,,,,,,,,
,,,Esch,10,1,,,,,,,,,
,,,Esch,4,1,,,,,,,,,
,,,Esch,5,1,,,,,,,,,
,,,Esch,12,1,,,,,,,,,
,,,Esch,4,1,1,,,,,,,,
,,,Esch,12,3,,,,,,,,,
,,,Esch,4,1,,,,,,,,,
,,,Esch,6,1,1,,,,,,,,
,,,Esch,6,1,1,,,,,,,,
,,,Esch,10,1,,,,,,,,,
8735,,SW,Esch,5,1,1,,,,,,,0,
,,,Esch,9,1,,,,,,,,,
,,,BAh,9,,,,,,,,,,
,,,Esch,6,2,,,,,,,,,
,,,Esch,8,1,1,,,,,,,,
,,,BAh,10,,,,,,,,,,
,,,BAh,7,,,,,,,,,,
,,,Esch,13,1,,,,,,,,,
,,,Esch,9,1,,,,,,,,,
,,,Esch,4,1,,,,,,,,,
,,,BAh,8,,,,,,,,,,
,,,BAh,6,,,,,,,,,,
,,,Esch,9,1,1,,,,,,,,
,,,Esch,6,1,1,,,,,,,,
,,,Esch,7,1,1,,,,,,,,
,,,BAh,5,,,,,,,,,,
,,,Esch,6,1,,,,,,,,,
,,,Esch,6,1,1,,,,,,,,
,,,Esch,3,1,1,,,,,,,,
,,,Esch,12,1,,,,,,,,,
,,,Esch,5,1,1,,,,,,,,
,,,BAh,10,,,,,,,,,,
,,,BAh,8,,,,,,,,,,
,,,Esch,15,1,,,,,,,,,
,,,Esch,11,1,,,,,,,,,
,,,Esch,6,1,,,,,,,,,
,,,Esch,11,1,1,,,,,,,,
,,,BAh,9,,,,,,,,,,
,,,BAh,7,,,,,,,,,,
,,,BAh,7,,,,,,,,,,
,,,BAh,6,,,,,,,,,,
,,,BAh,7,,,,,,,,,,
,,NW,Esch,14,2,,,,,,,,2,
,,,Esch,11,1,,,,,,,,,
,,,Esch,9,1,,,,,,,,,
,,,Esch,8,1,,,,,,,,,
,,,Esch,11,1,,,,,,,,,
,,,Esch,10,1,,,,,,,,,
,,,Esch,6,1,,,,,,,,,
,,,Esch,11,1,,,,,,,,,
,,,Esch,13,1,,,,,,,,,
,,,Esch,7,1,,,,,,,,,
,,NO,Esch,6,1,1,,,,,,,,
,,,Esch,8,1,,,,,,,,,
,,,BAh,11,,,,,,,,,,
,,,BAh,9,,,,,,,,,,
,,,Esch,7,1,,,,,,,,,
,,,Esch,11,1,,,,,,,,,
,,,Esch,12,1,,,,,,,,,
,,,Esch,8,1,,,,,,,,,
,,,Esch,8,1,,,,,,,,,
,,,Esch,8,1,,,,,,,,,
,,,SWei,5,,,,,,,,,,
,,,Esch,11,1,,,,,,,,,
,,,BAh,8,,,,,,,,,,
,,,Esch,8,2,,,,,,,,,
,,,Esch,9,1,,,,,,,,,
,,,Esch,6,1,,,,,,,,,
,,,Esch,13,1,1,,,,,,,,
,,,Esch,8,1,1,,,,,,,,
,,,Esch,6,1,,,,,,,,,
,,,BAh,9,,,,,,,,,,
,,,Esch,9,1,1,,,,,,,,
,,,Esch,11,1,1,,,,,,,,
,,,Esch,8,1,1,,,,,,,,
,,,Esch,8,1,1,,,,,,,,
,,,Esch,7,1,1,,,,,,,,
,,,Esch,10,1,1,,,,,,,,
,,,Esch,5,1,1,,,,,,,,
,,,Esch,12,1,1,,,,,,,,
,,,Esch,13,1,1,,,,,,,,
,,,Esch,6,1,,,,,,,,,
,,,Esch,7,1,,,,,,,,,
,,,BAh,7,,,,,,,,,,
,,,Esch,8,1,1,,,,,,,,
,,,BAh,7,,,,,,,,,,
,,,Esch,7,1,,,,,,,,,
,,,BAh,6,,,,,,,,,,
,,,Esch,10,1,1,,,,,,,,
,,,BAh,8,,,,,,,,,,
,,,Esch,7,1,1,,,,,,,,
,,,BAh,10,,,,,,,,,,
,,,BAh,10,,,,,,,,,,
,,,Esch,7,3,1,,,,,,,,kein Fehler
,,SO,Esch,13,1,,,,,,,,1,
,,,BAh,8,,,,,,,,,,
8736,,NO,Esch,6,1,,,,,,,,,
,,,BAh,7,,,,,,,,,,
,,,BAh,8,,,,,,,,,,
,,,RBu,8,,,,,,,,,,
,,,BAh,7,,,,,,,,,,
,,,Esch,6,1,1,,,,,,,,
,,,Esch,6,1,,,,,,,,,
,,,BAh,9,,,,,,,,,,
,,,BAh,8,,,,,,,,,,
,,,Esch,9,1,1,,,,,,,,
,,,Esch,3,1,,,,,,,,,
,,,Esch,6,1,,,,,,,,,
,,,BAh,10,,,,,,,,,,
,,,BAh,8,,,,,,,,,,
,,,Esch,6,1,1,,,,,,,,
,,,Esch,6,1,,,,,,,,,
,,,BAh,9,,,,,,,,,,
,,,Esch,5,1,1,,,,,,,,
,,,BAh,8,,,,,,,,,,
,,,Esch,5,1,1,,,,,,,,
,,,Esch,5,1,,,,,,,,,
,,,BAh,7,,,,,,,,,,
,,,Esch,13,2,,,,,,,,,
,,,Esch,7,1,,,,,,,,,
,,,Esch,5,1,,,,,,,,,
,,SO,Esch,8,1,,,,,,,,0,
,,,BAh,8,,,,,,,,,,
,,,BAh,9,,,,,,,,,,
,,,BAh,9,,,,,,,,,,
,,,Esch,7,1,,,,,,,,,
,,,Esch,7,1,,,,,,,,,
,,,Esch,7,1,,,,,,,,,
,,,Esch,8,2,,,,,,,,,
,,,Esch,9,1,,,,,,,,,
,,,BAh,9,,,,,,,,,,
,,,Esch,7,1,,,,,,,,,
,,,BAh,8,,,,,,,,,,
,,,BAh,6,,,,,,,,,,
,,,HBu,12,,,,,,,,,,
,,SW,Esch,7,1,1,,,,,,,0,
,,,Esch,13,3,,,,,1,1,,,
,,,Esch,7,1,,,,,,,,,
,,,Esch,6,1,1,,,,,,,,
,,,Esch,6,1,,,,,,,,,
,,,Esch,10,1,,,,,,,,,
,,,Esch,4,1,,,,,,,,,
,,,BAh,6,,,,,,,,,,
,,,BAh,10,,,,,,,,,,
,,,Esch,5,1,,,,,,,,,
,,,Esch,7,1,,,,,,,,,
,,,BAh,8,,,,,,,,,,
,,,BAh,11,,,,,,,,,,
,,,BAh,9,,,,,,,,,,
,,,BAh,6,,,,,,,,,,
,,,Esch,8,1,1,,,,,,,,
,,,Esch,12,2,,,,,,,1,,
,,,BAh,6,,,,,,,,,,
,,,BAh,8,,,,,,,,,,
,,,BAh,8,,,,,,,,,,
,,,BAh,13,,,,,,,,,,
,,,RBu,18,,,,,,,,,,
,,,Esch,5,1,,,,,,,,,
,,,Esch,7,1,,,,,,,,,
,,,BAh,7,,,,,,,,,,
,,,Esch,9,1,,,,,T1,,,,
,,,Esch,5,1,,,,,,,,,
,,,BAh,7,,,,,,,,,,
,,,BAh,6,,,,,,,,,,
,,,Esch,8,1,,,,,,,,,
,,,Esch,7,1,1,,,,,,,,
,,,BAh,10,,,,,,,,,,
,,,Esch,7,2,,,,,,,,,
,,,Esch,5,1,,,,,,,,,
,,,BAh,7,,,,,,,,,,
,,,BAh,7,,,,,,,,,,
,,,BAh,9,,,,,,,,,,
,,,Esch,6,2,,,,,,,,,
,,,Esch,7,1,,,,,,,,,
,,,BAh,9,,,,,,,,,,
,,,BAh,9,,,,,,,,,,
,,,BAh,11,,,,,,,,,,
,,,Esch,4,1,,,,,,,,,
,,,Esch,5,1,,,,,,,,,
,,,Esch,6,2,,,,,,,,,
,,,Esch,6,1,,,,,,,,,
,,,Esch,13,1,,,,,,,,,
,,,Esch,20,1,,,,,,,,,
,,,BAh,9,,,,,,,,,,
,,,BAh,9,,,,,,,,,,
,,,Esch,6,1,1,,,,,,,,
,,,Esch,5,1,,,,,,,,,
,,,Esch,6,1,,,,,,,,,
,,,Esch,4,1,,,,,,,,,
,,,Esch,7,2,,,,,,,,,
,,,BAh,8,,,,,,,,,,
,,,Esch,3,1,,,,,,,,,
,,,BAh,10,,,,,,,,,,
,,,BAh,12,,,,,,,,,,
,,NW,Esch,7,1,,,,,,,,0,
8737,,NW,Esch,3,1,,,,,,,,,keine Blätter
,,,BAh,7,,,,,,,,,,
,,,Esch,6,1,1,,,,,,,,
,,,BAh,9,,,,,,,,,,
,,,Esch,3,1,,,,,,,,,
,,,BAh,7,,,,,,,,,,
,,,BAh,8,,,,,,,,,,
,,,Esch,10,1,,,,,,,,,
,,,Esch,7,1,1,,,,,,,,
,,,Esch,9,1,,,,,,,,,
,,,Esch,6,1,,,,,,,,,
,,,BAh,5,,,,,,,,,,
,,,Esch,7,1,,,,,,,,,
,,,Esch,8,1,,,,,,,,,
,,,Esch,5,1,,,,,,,,,
,,,Esch,5,1,1,,,,,,,,
,,,Esch,6,1,,,,,,,,,
,,,Esch,6,1,,,,,,,,,
,,NO,Esch,5,1,1,,,,,,,0,
,,SO,Esch,7,1,1,,,,,,,1,
,,,Esch,17,1,,,,,,,,,"auf Baumstu,pf"
,,,Esch,10,1,,,,,,,,,
,,,RBu,13,,,,,,,,,,
,,,BAh,8,,,,,,,,,,
,,,BAh,8,,,,,,,,,,
,,,BAh,8,,,,,,,,,,
,,,BAh,10,,,,,,,,,,
,,,Esch,7,1,1,,,,,,,,
,,,BAh,9,,,,,,,,,,
,,SW,Esch,8,1,1,,,,,,,,
8738,,SW,Esch,4,1,,,,,,,,1,Verwechselt mit SO?
,,,SAh,14,,,,,,,,,,
,,,BAh,12,,,,,,,,,,
,,,BAh,6,,,,,,,,,,
,,,BAh,5,,,,,,,,,,
,,,BAh,8,,,,,,,,,,
,,,BAh,7,,,,,,,,,,
,,,BAh,8,,,,,,,,,,
,,NW,Esch,7,1,,,,,,,,0,
,,,SAh,11,,,,,,,,,,
,,,BAh,6,,,,,,,,,,
,,,BAh,9,,,,,,,,,,
,,SO,Esch,14,1,,,,,,,,,keine Blätter
,,,BAh,9,,,,,,,,,,
,,,BAh,9,,,,,,,,,,
,,,Esch,7,1,,,,,,,,,
,,,Esch,7,1,1,,,,,,,,
,,,SAh,6,,,,,,,,,,
,,MITTE,Esch,10,1,1,,,,,,,1,
,,,BAh,10,,,,,,,,,,
,,,Esch,8,1,1,,,,,,,,
,,,BAh,8,,,,,,,,,,
,,,BAh,9,,,,,,,,,,
8739,,,RBu,16,,,,,,,,,,
,,,BAh,12,,,,,,,,,,
,,,BAh,12,,,,,,,,,,
,,,Esch,12,2,,,,,,1,,,
,,,BAh,13,,,,,,,,,,
,,,Esch,13,1,,,,,,,,,
,,,BAh,12,,,,,,,,,,
,,,BAh,15,,,,,,,,,,
,,,BAh,14,,,,,,,,,,
,,,BAh,9,,,,,,,,,,
,,,RBu,23,,,,,,,,,,
,,,Esch,12,1,,,,,,,,,
,,,BAh,9,,,,,,,,,,
,,,Esch,7,1,,,,,,,,,
,,,RBu,52,,,,,,,,,,
,,,Esch,5,1,1,,,,,,,,
,,,BUl,27,,,,,,,,,,
,,SO,Esch,5,1,1,,,,,,,0,
,,,BAh,6,,,,,,,,,,
,,,BAh,9,,,,,,,,,,
,,,Esch,6,1,1,,,,,,,,
,,,Esch,6,1,1,,,,,,,,
,,,Esch,5,1,1,,,,,,,,
,,,BAh,10,,,,,,,,,,
,,,BAh,13,,,,,,,,,,
,,,BAh,6,,,,,,,,,,
,,,BAh,9,,,,,,,,,,
,,,BAh,8,,,,,,,,,,
,,,RBu,12,,,,,,,,,,
,,SW,Esch,5,1,1,,,,,,,,keine Blätter
,,,Esch,6,1,1,,,,,,,,
,,,BAh,8,,,,,,,,,,
,,,BAh,8,,,,,,,,,,
,,,BAh,6,,,,,,,,,,
,,,BAh,11,,,,,,,,,,
,,,BAh,10,,,,,,,,,,
,,,BAh,8,,,,,,,,,,
,,,BAh,9,,,,,,,,,,
,,,SAh,10,,,,,,,,,,
,,,BAh,8,,,,,,,,,,
,,,BAh,9,,,,,,,,,,
,,,Esch,6,1,1,,,,,,,,
,,,Esch,4,1,1,,,,,,,,
,,,BAh,8,,,,,,,,,,
,,,Esch,7,1,1,,,,,,,,
,,,Esch,8,1,1,,,,,,,,
,,,BAh,7,,,,,,,,,,
,,,Esch,9,1,1,,,,,,,,
,,,BAh,8,,,,,,,,,,
,,,BAh,15,,,,,,,,,,
,,,BAh,6,,,,,,,,,,
,,,BAh,11,,,,,,,,,,
,,,BAh,9,,,,,,,,,,
,,,BAh,7,,,,,,,,,,
,,,Esch,12,2,,,,,,,1,,
,,NW,Esch,9,1,,,,,,,,,keine Blätter
,,,BAh,8,,,,,,,,,,
,,,BAh,10,,,,,,,,,,
,,,BAh,8,,,,,,,,,,
,,,BAh,9,,,,,,,,,,
,,,BAh,4,,,,,,,,,,
,,,RBu,20,,,,,,,,,,
,,,Esch,8,1,,,,,,,,,
,,,BAh,13,,,,,,,,,,
,,,Esch,6,2,,,,,,,,,stark umgeknickt
,,,Esch,7,1,,,,,,,,,
,,,BAh,7,,,,,,,,,,
,,,Esch,14,1,,,,,,,,,
,,,SAh,12,,,,,,,,,,
,,,BAh,9,,,,,,,,,,
8740,,NO,Esch,8,2,,,,,,,,1,stark umgeknickt
,,,BAh,6,,,,,,,,,,
,,,BAh,8,,,,,,,,,,
,,,BAh,8,,,,,,,,,,
,,,BAh,8,,,,,,,,,,
,,,Esch,7,1,1,,,,,,,,
,,,RBu,35,,,,,,,,,,
,,,RBu,14,,,,,,,,,,
,,,SAh,8,,,,,,,,,,
,,,BAh,9,,,,,,,,,,
8741,,SW,Esch,6,1,1,,,,,,,0,
,,,Esch,6,1,1,,,,,,,,
,,,Esch,7,1,,,,,,,,,
,,,Esch,8,1,1,,,,,,,,
,,,Esch,4,1,1,,,,,,,,
,,NW,Esch,10,1,,,,,,,,2,
,,NO,Esch,17,3,,,,,,1,,,
,,,Esch,16,1,,,,,,,,,
,,,Esch,6,3,,,,,,1,,,
,,,Esch,15,2,,,,,,1,,,
,,,Esch,8,1,,,,,,,,,
,,,Esch,6,1,1,,,,,,,,
,,,RBu,85,,,,,,,,,,
,,SO,Esch,9,1,,,,,,,,0,
8742,,NO,Esch,6,1,,,,,,,,0,
,,,Esch,9,1,,,,,,,,,
,,,Esch,7,1,,,,,,,,,
,,,Esch,8,1,,,,,,,,,
,,,Esch,6,1,,,,,,,,,
,,,Esch,7,1,1,,,,,,,,
,,,Esch,3,1,,,,,,,,,
,,,BAh,12,,,,,,,,,,
,,,BAh,7,,,,,,,,,,
,,,BAh,6,,,,,,,,,,
,,,Esch,5,1,1,,,,,,,,
,,,Esch,5,1,1,,,,,,,,
,,,Esch,7,1,1,,,,,,,,
,,,Esch,10,1,,,,,,,,,
,,SO,Esch,4,1,,,,,,,,1,verwechselt mit SW?
,,,RBu,88,,,,,,,,,,
,,SW,Esch,10,1,,,,,,,,0,
,,,Esch,12,1,,,,,,,,,
,,,Esch,3,1,,,,,,,,,
,,,SAh,12,,,,,,,,,,
,,,Esch,5,1,1,,,,,,,,
,,,Esch,7,1,,,,,,,,,
,,,Esch,12,3,,T1,,,,,,,
,,,Esch,12,1,,,,,,,,,
,,,Esch,11,1,,,,,,,,,
,,,SAh,8,,,,,,,,,,
,,NW,Esch,4,1,,,,,,,,0,
,,,SAh,10,,,,,,,,,,
,,,BAh,9,,,,,,,,,,
,,,Esch,7,1,,,,,,,,,
,,,BAh,9,,,,,,,,,,
,,,BAh,6,,,,,,,,,,
8743,,SO,Esch,17,1,,,,,,,,3,
,,,BAh,10,,,,,,,,,,
,,,Esch,10,1,,,,,,,,,
,,,Esch,4,1,,,,,,,,,
,,,Esch,6,1,,,,,,,,,
,,,Esch,8,1,,,,,,,,,
,,,BAh,9,,,,,,,,,,
,,,Esch,6,1,1,,,,,,,,
,,,Esch,6,1,,,,,,,,,
,,,Esch,6,1,1,,,,,,,,
,,,Esch,7,1,1,,,,,,,,
,,,Esch,7,1,,,,,,,,,
,,,BAh,7,,,,,,,,,,
,,,Esch,4,1,,,,,,,,,
,,,BAh,8,,,,,,,,,,
,,,Esch,6,1,,,,,,,,,
,,,BAh,9,,,,,,,,,,
,,,BAh,8,,,,,,,,,,
,,,BAh,7,,,,,,,,,,
,,,Esch,5,1,,,,,,,,,
,,,Esch,8,1,,,,,,,,,
,,,Esch,7,1,1,,,,,,,,
,,,Esch,8,1,,,,,,,,,
,,,Esch,6,1,,,,,,,,,
,,,Esch,6,1,,,,,,,,,
,,,Esch,8,1,,,,,,,,,
,,,Esch,5,1,,,,,,,,,
,,,Esch,8,1,1,,,,,,,,
,,,Esch,4,1,1,,,,,,,,
,,,BAh,8,,,,,,,,,,
,,,BAh,7,,,,,,,,,,
,,,BAh,7,,,,,,,,,,
,,,BAh,7,,,,,,,,,,
,,,BAh,8,,,,,,,,,,
,,,BAh,6,,,,,,,,,,
,,,BAh,7,,,,,,,,,,
,,,BAh,10,,,,,,,,,,
,,,BAh,9,,,,,,,,,,
,,,BAh,9,,,,,,,,,,
,,SW,Esch,8,1,,,,,,,,,
,,,BAh,8,,,,,,,,,,
,,,BAh,5,,,,,,,,,,
,,,Esch,6,1,,,,,,,,,
,,,BAh,7,,,,,,,,,,
,,,BAh,6,,,,,,,,,,
,,,BAh,8,,,,,,,,,,
,,,BAh,10,,,,,,,,,,
,,,Esch,6,1,1,,,,,,,,
,,,Esch,7,1,,,,,,,,,
,,,Esch,7,1,,,,,,,,,
,,,Esch,8,1,1,,,,,,,,
,,,Esch,7,1,1,,,,,,,,
,,,Esch,7,1,,,,,,,,,
,,,Esch,6,1,,,,,,,,,
,,,Esch,4,1,1,,,,,,,,
,,,Esch,7,1,1,,,,,,,,
,,,Esch,10,1,,,,,,,,,
,,,Esch,7,1,,,,,,,,,
,,,Esch,4,1,1,,,,,,,,
,,,SAh,9,,,,,,,,,,
,,,BAh,7,,,,,,,,,,
,,,BAh,6,,,,,,,,,,
,,,BAh,10,,,,,,,,,,
,,NW,Esch,7,1,1,,,,,,,1,
,,,Esch,5,1,,,,,,,,,
,,,Esch,7,1,,,,,,,,,
,,,Esch,6,1,,,,,,,,,
,,,Esch,5,1,,,,,,,,,
,,,Esch,7,1,1,,,,,,,,
,,,Esch,6,1,,,,,,,,,
,,,BAh,6,,,,,,,,,,
,,,BAh,6,,,,,,,,,,
,,,BAh,7,,,,,,,,,,
,,,BAh,9,,,,,,,,,,
,,,BAh,4,,,,,,,,,,
,,,BAh,9,,,,,,,,,,
,,,Esch,7,1,1,,,,,,,,
,,,Esch,6,1,,,,,,,,,
,,,Esch,6,1,1,,,,,,,,
,,,Esch,8,1,1,,,,,,,,
,,,RBu,11,,,,,,,,,,
,,,Esch,5,1,1,,,,,,,,
,,,Esch,7,1,1,,,,,,,,
,,,Esch,10,1,1,,,,,,,,
,,,Esch,6,1,,,,,,,,,
,,,BAh,5,,,,,,,,,,
,,,Esch,4,1,1,,,,,,,,
,,,BAh,8,,,,,,,,,,
,,,Esch,12,1,,,,,,,,,
,,,Esch,6,1,,,,,,,,,
,,,Esch,7,1,,,,,,,,,
,,,Esch,6,1,1,,,,,,,,
,,,Esch,8,1,1,,,,,,,,
,,,Esch,6,1,,,,,,,,,
,,,Esch,7,1,1,,,,,,,,
,,,Esch,7,1,1,,,,,,,,
,,,Esch,7,1,,,,,,,,,
,,,Esch,7,1,,,,,,,,,
,,,Esch,7,1,1,,,,,,,,
,,,BAh,8,,,,,,,,,,
,,NO,Esch,3,1,1,,,,,,,1,verwechselt mit NW?
8744,,SO,Esch,8,1,1,,,,,,,1,
,,,Esch,6,2,,,,,,,,,
,,,RBu,16,,,,,,,,,,Stockausschlag
,,,BAh,7,,,,,,,,,,
,,,Esch,6,1,,,,,,,,,
,,,Esch,5,1,,,,,,,,,
,,,Esch,5,1,,,,,,,,,
,,,Esch,6,1,,,,,,,,,
,,,Esch,6,1,,,,,,,,,
,,,Esch,5,1,,,,,,,,,
,,,Esch,9,1,,,,,,,,,
,,,BAh,9,,,,,,,,,,
,,,Esch,3,1,,,,,,,,,umgeknickt
,,,Esch,9,1,,,,,,,,,
,,,Esch,9,1,,,,,,,,,
,,,Esch,5,1,1,,,,,,,,
,,,Esch,4,1,1,,,,,,,,
,,,BAh,8,,,,,,,,,,
,,,Esch,16,2,,,,,,,,,
,,,Esch,6,1,1,,,,,,,,
,,,Esch,3,1,1,,,,,,,,
,,,BAh,9,,,,,,,,,,
,,,BAh,7,,,,,,,,,,
,,,Esch,8,1,1,,,,,,,,
,,,BAh,8,,,,,,,,,,
,,,Esch,17,1,,,,,,,,,
,,,Esch,8,1,1,,,,,,,,
,,,BAh,5,,,,,,,,,,
,,,Esch,18,1,,,,,,,,,
,,,Esch,4,2,,,T1,,,,,,
,,,Esch,11,1,,,,,,,,,
,,,Esch,13,1,,,,,,,,,
,,,Esch,5,1,1,,,,,,,,
,,,Esch,11,1,,,,,,,,,
,,,RBu,13,,,,,,,,,,
,,SW,Esch,9,1,1,,,,,,,1,
,,,RBu,8,,,,,,,,,,
,,,RBu,9,,,,,,,,,,
,,,BAh,6,,,,,,,,,,
,,,Esch,6,1,,,,,,,,,
,,,Esch,6,1,,,,,,,,,
,,,Esch,12,1,,,,,,,,,
,,,Esch,8,1,,,,,,,,,
,,,Esch,11,2,,,,,,,,,
,,,BAh,8,,,,,,,,,,
,,,Esch,9,1,,,,T1,,,,,umgeknickt
,,,Esch,7,1,,,,,,,,,umgeknickt
,,,Esch,14,1,,,,,,,,,
,,,BAh,9,,,,,,,,,,
,,,BAh,9,,,,,,,,,,
,,,Esch,6,1,,,,,,,,,
,,NO,Esch,12,2,,,,,,,,0,
,,,BAh,9,,,,,,,,,,
,,,Esch,6,1,,,,,,,,,
,,,Esch,4,1,,,,,,,,,
,,,Esch,5,1,,,,,,,,,
,,,Esch,10,1,,,,,,,,,
,,,Esch,6,1,,,,,,,,,
,,,Esch,6,1,,,,,,,,,
,,,BAh,6,,,,,,,,,,
8745,,NO,Esch,8,1,,,,,,,,,keine Blätter
,,,Esch,8,1,,,,,,,,,
,,,Esch,7,1,,,,,,,,,
,,,BAh,5,,,,,,,,,,
,,,Esch,13,1,,,,,,,,,
,,,Esch,11,1,,,,,,,,,
,,,Esch,4,1,,,,,,,,,
,,,BAh,20,,,,,,,,,,
,,,Esch,20,1,,,,,,,,,
,,,Esch,7,1,,,,,,,,,
,,,Esch,10,1,,,,,,,,,
,,,Esch,19,4,,,,,,2,,,
,,,Esch,12,1,,,,,,,,,
,,,Esch,8,1,1,,,,,,,,
,,,Esch,7,1,,,,,,,,,
,,,Esch,9,1,,,,,,,,,
,,,Esch,7,1,,,,,,,,,
,,,Esch,11,1,,,,,,,,,
,,,Esch,7,1,,,,,,,,,
,,,BAh,9,,,,,,,,,,
,,,Esch,8,1,,,,,,,,,
,,,Esch,11,1,,,,,,,,,
,,,Esch,7,1,,,,,,,,,
,,,Esch,8,1,,,,,,,,,
,,,Esch,9,1,,,,,,,,,
,,,Esch,14,2,,,,,,,,,
,,,Esch,13,2,,,,,1,,,,
,,,Esch,10,2,,,,,,,,,
,,,BAh,15,,,,,,,,,,
,,,Esch,9,1,,,,,,,,,
,,,Esch,10,1,,,,,,,,,
,,,Esch,9,1,,,,,,,,,
,,,Esch,7,1,,,,,,,,,
,,,Esch,9,1,,,,,,,,,
,,,Esch,9,1,,,,,,,,,
,,,Esch,11,1,,,,,,,,,
,,SO,Esch,11,1,,,,,,,,0,
,,,Esch,6,1,,,,,,,,,
,,,Esch,9,1,,,,,,,,,
,,,Esch,9,1,,,,,,,,,
,,,Esch,9,1,,,,,,,,,
,,,Esch,7,1,,,,,,,,,
,,,Esch,10,1,,,,,,,,,
,,,BAh,17,,,,,,,,,,
,,SW,Esch,7,1,,,,,,,,0,
,,,Esch,5,1,,,,,,,,,
,,,Esch,10,2,,,,,,,,,
,,,Esch,7,1,,,,,,,,,
,,,Esch,6,1,,,,,,,,,
,,,Esch,10,1,,,,,,,,,
,,,BAh,13,,,,,,,,,,
,,,RBu,12,,,,,,,,,,
,,,BAh,19,,,,,,,,,,
,,,BAh,20,,,,,,,,,,
,,,BAh,20,,,,,,,,,,
,,,Esch,10,1,,,,,,,,,
,,,Esch,10,1,,,,T1,,,,,
,,,Esch,21,1,,,,,,,,,
,,,BAh,17,,,,,,,,,,
,,,Esch,9,1,1,,,,,,,,
,,,Esch,11,1,,,,,,,,,
,,,BAh,13,,,,,,,,,,
,,,BAh,9,,,,,,,,,,
,,,WKi,27,,,,,,,,,,
,,,Esch,12,2,,,,,,,,,
,,,Esch,7,1,,,,,,,,,
,,,Esch,7,1,,,,,,,,,
,,,Esch,10,2,,,,,,,,,
,,,Esch,10,1,,,,,,,,,
,,,Esch,17,1,,,,T1,,,,,
,,,Esch,6,3,,,T1,,,,,,
,,,Esch,9,1,,,,,,,,,
,,,Esch,8,1,,,,,,,,,
,,,Esch,8,1,,,,,,,,,
,,,Esch,10,1,,,,,,,,,
,,,Esch,19,2,,,1,,,,T1,,Krebs / Galle
,,,Esch,7,1,,,,,,,,,
,,,Esch,11,1,,,,,,,,,
,,,Esch,12,1,,,,,,,,,
,,,BAh,21,1,,,,,,,,,
,,,Esch,7,1,,,,,,,,,
,,,BAh,10,,,,,,,,,,
,,,Esch,10,1,,,,,,,,,
,,,Esch,7,1,1,,,,,,,,
,,,BAh,12,,,,,,,,,,
,,NW,Esch,6,1,,,,,,,,,keine Blätter
,,,Esch,18,1,,,,,,,,,
,,,BAh,8,,,,,,,,,,
,,,Esch,6,1,,,,,,,,,
,,,Esch,8,1,,,,,,,,,
,,,Esch,12,1,,,,,,,,,
,,,Esch,8,1,,,,,,,,,
,,,Esch,13,1,,,,,,,,,
,,,Esch,5,2,,,,,,T1,,,
,,,Esch,11,1,,,,,,,,,
,,,Esch,22,1,,,,,,,,,
,,,Esch,7,1,1,,,,,,,,
,,,Esch,6,1,1,,,,,,,,
,,,Esch,6,1,1,,,,,,,,
,,,BAh,11,,,,,,,,,,
8746,,NO,Esch,21,1,,,,,,,,,keine Blätter
,,,BAh,18,,,,,,,,,,
,,,Esch,24,5,,,T1,,,,1,,
,,,Esch,9,1,,,,,,,,,
,,,Esch,13,1,,,,,,,,,
,,,WLi,44,,,,,,,,,,
,,,WLi,112,,,,,,,,,,
,,,BAh,21,,,,,,,,,,
,,,Esch,24,4,,,,,,,,,
,,,Esch,18,3,,,,,,T1,,,
,,SO,Esch,27,3,,,,,,1,,,keine Blätter
,,,Esch,17,3,,,,,,,,,
,,,Esch,14,3,,T1,,,,,,,
,,,Esch,22,2,,,,,,1,,,
,,,BAh,19,,,,,,,,,,
,,,BAh,21,,,,,,,,,,
,,SW,Esch,8,1,,,,,,,,,
,,,WLi,67,,,,,,,,,,
,,,BAh,14,,,,,,,,,,
,,,BAh,29,,,,,,,,,,
,,,Esch,24,1,,,,,,,,,
8747,,NO,Esch,20,1,,,,,,,,,keine Blätter
,,,BAh,15,,,,,,,,,,
,,,Esch,8,1,,,,,,,,,
,,,Esch,14,1,,,,,,,,,
,,,Esch,9,1,,,,,,,,,
,,,Esch,10,1,,,,,,,,,
,,,Esch,5,2,,T1,,,,,,,
,,,BAh,13,,,,,,,,,,
,,,Esch,11,3,,T1,,,,,,,
,,,Esch,12,2,,,,,,,1,,
,,,Esch,14,2,,,,,,,,,
,,,Esch,10,2,,T1,,,,,,,
,,,Esch,10,1,,,,,,,,,
,,,RBu,18,,,,,,,,,,
,,,BAh,21,,,,,,,,,,
,,,Esch,10,3,,,,,,1,,,
,,,RBu,44,,,,,,,,,,
,,,BAh,17,,,,,,,,,,
,,,RBu,38,,,,,,,,,,
,,,RBu,39,,,,,,,,,,
,,,BAh,18,,,,,,,,,,
,,,BAh,7,,,,,,,,,,
,,,WLi,6,,,,,,,,,,
,,,BAh,14,,,,,,,,,,
,,SO,Esch,8,1,,,,,,,,,keine Blätter
,,SW,Esch,7,1,1,,,,,,,,keine Blätter
,,,RBu,38,,,,,,,,,,
,,,Esch,9,1,1,,,,,,,,
,,,RBu,48,,,,,,,,,,
,,,Esch,11,1,,,,,,,,,
,,,Esch,6,1,1,,,,,,,,
,,,Esch,17,5,,2,1,,,,,,
,,,Esch,18,1,,,,T1,,,,,
,,,WLi,21,,,,,,,,,,
,,,Esch,17,1,,,,,,,,,
,,,BAh,8,,,,,,,,,,
,,,Esch,18,3,,,,,,1,,,
,,,BAh,5,,,,,,,,,,
,,,Esch,8,1,,,,,,,,,
,,,Esch,14,1,,,,,,,,,
,,,Esch,8,2,,,1,,,,,,
,,,Esch,13,2,,,,,,,,,
,,,Esch,7,3,,T1,,,,,,,
,,NW,Esch,12,4,,,T1,,,,,,
,,,Esch,6,1,1,,,,,,,,
,,,BAh,3,,,,,,,,,,
,,,Esch,11,1,,,,,,,,,
,,,Esch,19,4,,,,,,,1,,
,,,Esch,11,1,,,,,,,,,
,,,Esch,8,2,,,,,,,,,
,,,Esch,7,1,,,,,,,,,
,,,Esch,13,1,,,,T1,,,,,
8748,,SO,Esch,6,1,1,,,,,,,,keine Blätter
,,,WLi,5,,,,,,,,,,
,,,Esch,7,1,1,,,,,,,,
,,,Esch,4,1,1,,,,,,,,umgeknickt
,,,Esch,5,1,1,,,,,,,,
,,,Esch,7,1,1,,,,,,,,
,,,Esch,7,1,1,,,,,,,,
,,,Esch,5,1,1,,,,,,,,
,,,Esch,7,1,1,,,,,,,,
,,,Esch,8,1,,,,,,,,,
,,,Esch,5,1,1,,,,,,,,
,,,Esch,5,1,1,,,,,,,,
,,,Esch,7,1,,,,,,,,,
,,,Esch,4,1,1,,,,,,,,
,,,Esch,7,1,1,,,,,,,,
,,,Esch,7,1,1,,,,,,,,
,,,Esch,6,1,1,,,,,,,,
,,,Esch,5,1,1,,,,,,,,
,,SW,Esch,6,1,1,,,,,,,,
,,,Esch,7,1,1,,,,,,,,
,,,Esch,6,1,1,,,,,,,,
,,,Esch,6,1,,,,,,,,,
,,,Esch,7,1,,,,,,,,,
,,,Esch,6,1,,,,,,,,,
,,,Esch,6,1,,,,,,,,,
,,,Esch,5,1,,,,,,,,,
,,,Esch,7,1,1,,,,,,,,
,,,Esch,8,1,1,,,,,,,,
,,,Esch,6,1,1,,,,,,,,
,,,Esch,7,1,,,,,,,,,
,,NO,Esch,6,1,,,,,T1,,,,
,,,Esch,6,1,1,,,,,,,,
,,,Esch,5,1,1,,,,,,,,
,,,Esch,6,1,,,,,,,,,
8749,,SO,Esch,8,1,1,,,,,,,,
,,,Esch,7,1,1,,,,,,,,
,,NO,Esch,3,1,,,,,,,,1,
,,,Esch,6,1,,,,,,,,,
,,,Esch,20,2,,,,,,1,,,
,,,Esch,23,2,,1,,,,,,,
8750,,NO,Esch,16,1,,,,T1,,,,,keine Blätter
,,,Esch,7,1,1,,,,,,,,
,,,BAh,14,,,,,,,,,,
,,,Esch,19,1,,,,,,,,,
,,,Esch,7,1,,,,,,,,,
,,,Esch,17,1,,,,,,,,,
,,,Esch,7,1,,,,,,,,,
,,,Esch,10,1,,,,,,,,,
,,,Esch,13,3,,,,,,,2,,
,,,Esch,16,2,,,,,,,,,
,,,Esch,6,1,1,,,,,,,,
,,,Esch,5,1,1,,,,,,,,
,,,Esch,6,1,1,,,,,,,,
,,,Esch,7,1,,,,,,,,,
,,,BAh,16,,,,,,,,,,
,,,Esch,6,1,,,,,,,,,
,,,Esch,12,2,,,,,,,1,,
,,,Esch,14,3,,,,,,1,1,,
,,,Esch,14,1,,,,,,,,,
,,,Esch,8,1,,,,,,,,,
,,,Esch,7,1,,,,,,,,,
,,,Esch,14,4,,,,,,1,1,,
,,,BAh,14,,,,,,,,,,
,,,Esch,16,1,,,,,,,,,
,,,Esch,10,2,,T1,,,,,,,
,,,Esch,16,2,,,,,,,,,
,,,BAh,17,,,,,,,,,,
,,,Esch,19,1,,,,,,,,,
,,,Esch,13,2,,,,,,,,,
,,,Esch,17,2,,,,,,,,,
,,,Esch,6,2,,T1,,,,,,,
,,,Esch,5,1,1,,,,,,,,
,,,Esch,6,1,1,,,,,,,,
,,,Esch,6,1,1,,,,,,,,
,,,Esch,13,1,,,,,,,,,
,,,Esch,13,4,,T1,,,,2,,,
,,,SAh,13,,,,,,,,,,
,,,BAh,11,,,,,,,,,,
,,,Esch,10,1,,,,1,,,,,
,,,Esch,6,1,,,,,,,,,
,,,BAh,11,,,,,,,,,,
,,,Esch,20,1,,,,,,,,,
,,SO,Esch,7,1,,,,,,,,,keine Blätter
,,,BAh,10,,,,,,,,,,
,,,Esch,6,1,,,,,,,,,
,,,Esch,7,2,,,,,,,,,
,,,Esch,15,3,,,,,,1,1,,
,,,BAh,17,,,,,,,,,,
,,,Esch,8,1,,,,,,,,,
,,,Esch,14,1,,,,,,,,,
,,,Esch,14,1,,,,,,,,,
,,,Esch,15,1,,,,,,,,,
,,,BAh,25,,,,,,,,,,
,,,BAh,11,,,,,,,,,,
,,,Esch,14,4,,,T1,,,,,,
,,,Esch,7,1,,,,,,,,,
,,,Esch,5,1,,,,,,,,,
,,,BAh,15,,,,,,,,,,
,,SW,Esch,8,1,,,,,,,,,keine Blätter
,,,Esch,8,1,,,,,,,,,
,,,Esch,7,1,,,,,,,,,
,,,Esch,8,1,,,,,,,,,
,,,Esch,9,1,,,,,,,,,
,,,Esch,9,1,,,,,,,,,
,,,Esch,14,3,,,2,,,,,,
,,,BAh,11,,,,,,,,,,
,,,BAh,20,,,,,,,,,,
,,,Esch,17,3,,,,,,,,,
,,,Esch,7,1,,,,,,,,,
,,,Esch,7,1,1,,,,,,,,
,,,Esch,7,1,1,,,,,,,,
,,,BAh,13,,,,,,,,,,
,,,Esch,6,1,1,,,,,,,,
,,,Esch,5,1,1,,,,,,,,
,,,Esch,23,2,,,1,T1,,,,,
,,,FAh,8,,,,,,,,,,
,,,BAh,19,,,,,,,,,,
,,,BAh,15,,,,,,,,,,
,,,Esch,6,1,1,,,,,,,,
,,,Esch,10,1,,,,,,,,,
,,,Esch,13,2,,,,,,,,,
,,,RBu,45,,,,,,,,,,
,,,Esch,17,5,,T1,,,,,1,,
,,,BAh,11,,,,,,,,,,
,,,BAh,8,,,,,,,,,,
,,,Esch,5,1,,,,,,,,,
,,,Esch,7,1,,T1,,,,,,,
,,,BAh,11,,,,,,,,,,
,,,Esch,11,1,,,,,,,,,
,,,Esch,7,1,,,,,,,,,
,,,Esch,23,5,,,,,,1,1,,
,,,Esch,7,2,,,,,,1,,,
,,,Esch,5,1,,,,,,,,,
,,,Esch,6,2,,,,,,,,,
,,,Esch,8,2,,,,,,,,,
,,NW,Esch,23,6,,,,1,,1,,,keine Blätter
,,,Esch,7,1,,,,,,,,,
,,,Esch,7,2,,,1,,,,,,
,,,Esch,6,2,,1,,,,,,,
,,,Esch,13,2,,,,,,,,,
,,,Esch,8,1,,,,,,,,,
,,,Esch,6,1,,,,,,,,,
,,,Esch,6,1,,,,,,,,,
,,,Esch,14,2,,T1,,,,,,,
,,,Esch,12,1,,,,,,,,,
,,,BAh,14,,,,,,,,,,
,,,Esch,7,2,,,,,,,,,
,,,Esch,6,1,,,,,,,,,
,,,Esch,11,1,,,,,,,,,
,,,Esch,19,1,,,,,,,,,
8751,,SO,Esch,15,3,,,,,,1,,,keine Blätter
,,,BAh,10,,,,,,,,,,
,,,BAh,12,,,,,,,,,,
,,,BAh,9,,,,,,,,,,
,,,Esch,15,1,,,,,,,,,
,,,Esch,6,2,,,1,T1,,,,,
,,,Esch,12,1,,,,,,,,,
,,,Esch,9,1,,,,,,,,,
,,,Esch,8,1,,,,,,,,,
,,,Esch,6,2,,,T1,,,,,,
,,,BAh,9,,,,,,,,,,
,,,BAh,12,,,,,,,,,,
,,,BAh,13,,,,,,,,,,
,,,BAh,12,,,,,,,,,,
,,,BAh,11,,,,,,,,,,
,,,Esch,9,1,,,,,,,,,
,,,Esch,16,2,,,,1,,,,,
,,,BAh,12,,,,,,,,,,
,,,Esch,8,1,,,,,,,,,
,,,BAh,10,,,,,,,,,,
,,,Esch,7,1,1,,,,,,,,
,,,BAh,10,,,,,,,,,,
,,,BAh,14,,,,,,,,,,
,,,Esch,13,1,,,,,,,,,
,,,BAh,11,,,,,,,,,,
,,,Esch,8,1,,,,,,,,,
,,,Esch,14,1,,,,,,,,,
,,,Esch,13,4,,,1,1,,,1,,umgeknickt
,,,BAh,6,,,,,,,,,,
,,,BAh,6,,,,,,,,,,
,,,Esch,14,1,,,,,,,,,
,,,BAh,13,,,,,,,,,,
,,,Esch,17,5,,,T2,,,,,,
,,,BAh,8,,,,,,,,,,
,,,BAh,8,,,,,,,,,,
,,,Esch,24,1,,,,,,,,,
,,,BAh,14,,,,,,,,,,
,,,Esch,16,3,,,,,,1,1,,
,,,BAh,9,,,,,,,,,,
,,,BAh,10,,,,,,,,,,
,,,Esch,8,1,,,,,,,,,
,,,Esch,8,1,,,,,,,,,
,,,BAh,13,,,,,,,,,,
,,,Esch,8,1,,,,,,,,,
,,,Esch,8,2,,,,,,,,,
,,,BAh,10,,,,,,,,,,
,,,BAh,12,,,,,,,,,,
,,,BAh,10,,,,,,,,,,
,,,BAh,9,,,,,,,,,,
,,,BAh,6,,,,,,,,,,
,,,BAh,11,,,,,,,,,,
,,,Esch,15,2,,,,,,,,,
,,,Esch,11,1,,,,,,,,,
,,,BAh,17,,,,,,,,,,
,,,BAh,7,,,,,,,,,,
,,,Esch,15,1,,,,,,,,,
,,SW,Esch,13,4,,,,T1,,,1,,
,,,Esch,14,1,,,,T1,,,,,
,,,BAh,14,,,,,,,,,,
,,NW,Esch,11,1,,,,,,,,1,
,,,Esch,16,1,,,,,,,,,
,,,Esch,19,1,,,,,,,,,
,,,BAh,6,,,,,,,,,,
,,,Esch,10,1,,,,,,,,,
,,,Esch,11,1,,,,,,,,,
,,,Esch,9,1,,,,,,,,,
,,,Esch,9,1,,,,,,,,,
,,,BAh,9,,,,,,,,,,
,,,Esch,20,1,,,,,,,,,
,,,Esch,12,2,,,,,,,,,
,,,BAh,8,,,,,,,,,,
,,,Esch,10,1,,,,,,,,,
,,,BAh,11,,,,,,,,,,
,,,BAh,15,,,,,,,,,,
,,,Esch,11,1,,,,,,,,,
,,,Esch,18,1,,,,,,,,,
,,,Esch,7,1,,,,,,,,,
,,,BAh,6,,,,,,,,,,
,,,Esch,10,2,,T2,,,,,,,
,,,BAh,13,,,,,,,,,,
,,,Esch,19,2,,,1,,,,,,
,,,Esch,7,1,,,,T1,,,,,
,,,BAh,6,,,,,,,,,,
,,,Esch,13,1,,,,,,,,,
,,,Esch,6,2,,,,,,,,,
,,,BAh,10,,,,,,,,,,
,,,BAh,10,,,,,,,,,,
,,,Esch,7,1,1,,,,,,,,
,,,Esch,19,1,,,,,,,,,
,,,Esch,5,1,,,,,,,,,
,,,BAh,9,,,,,,,,,,
,,,BAh,15,,,,,,,,,,
,,,Esch,13,1,,,,,,,,,
,,,Esch,6,1,,,,T1,,,,,
,,,Esch,13,1,,,,,,,,,
,,,Esch,12,2,,,,,,,1,,
,,,Esch,10,1,,,,,,,,,
,,,BAh,14,,,,,,,,,,
,,,Esch,7,1,,,,,,,,,
,,,Esch,8,1,,,,,,,,,
,,,BAh,13,,,,,,,,,,
,,,Esch,7,1,,,,,,,,,
,,,Esch,6,1,1,,,,,,,,
,,NO,Esch,12,3,,T2,,,,,,,
,,,Esch,16,1,,,,,,,,,
,,,Esch,7,1,,,,,,,,,
,,,Esch,13,1,,,,,,,,,
,,,Esch,8,1,,,,,,,,,
,,,RBu,32,,,,,,,,,,
,,,RBu,45,,,,,,,,,,
,,,RBu,24,,,,,,,,,,
,,,RBu,76,,,,,,,,,,
,,,Esch,12,1,,,,,,,,,
,,,Esch,6,1,1,,,,,,,,
,,,Esch,7,1,,,,,,,,,
,,,BAh,14,,,,,,,,,,
,,,Esch,8,1,,,,,,,,,
,,,Esch,6,1,,,,,,,,,
,,,Esch,16,1,,,,,,,,,
,,,Esch,20,1,,T1,,,,,,,
,,,BAh,15,,,,,,,,,,
,,,Esch,13,1,,,,,,,,,
,,,Esch,6,1,1,,,,,,,,
8752,,NO,Esch,13,1,,,,,,,,1,
,,,Esch,11,2,,,,,,,,,
,,,Esch,15,1,,,,,,,,,
,,,Esch,13,3,,,,,,,,,
,,,Esch,11,1,,,,,,,,,
,,,BAh,10,,,,,,,,,,
,,,BAh,5,,,,,,,,,,
,,,Esch,3,1,,,,T1,,,,,umgeknickt
,,,Esch,16,2,,,,,,,,,
,,,RBu,9,,,,,,,,,,
,,,Esch,12,3,,,,,,,,,
,,,Esch,15,1,1,,,,,,,,
,,,Esch,7,1,1,,,,,,,,
,,,BAh,7,,,,,,,,,,
,,,BAh,7,,,,,,,,,,
,,,Esch,17,1,,,,,,,,,
,,,Esch,10,1,1,,,,,,,,
,,,BAh,7,,,,,,,,,,
,,,BAh,6,,,,,,,,,,
,,,Esch,14,1,,,,,,,,,
,,,Esch,12,1,,,,,,,,,
,,,Esch,14,1,1,,,,,,,,
,,,BAh,8,,,,,,,,,,
,,,BAh,6,,,,,,,,,,
,,,BAh,8,,,,,,,,,,
,,,BAh,7,,,,,,,,,,
,,,Esch,15,1,1,,,,,,,,
,,,Esch,13,1,1,,,,,,,,
,,,Esch,6,1,1,,,,,,,,
,,,BAh,8,,,,,,,,,,
,,,BAh,8,,,,,,,,,,
,,SO,Esch,21,1,,,,,,,,0,
,,,Esch,16,3,,,,,,,1,,
,,,Esch,22,1,,,,,,,,,
,,,BAh,7,,,,,,,,,,
,,,Esch,16,1,,,,,,,,,
,,SW,Esch,12,1,,,,,,,,1,
,,,Esch,10,1,,,,,,,,,
,,,BAh,7,,,,,,,,,,
,,,Esch,14,1,,,,,,,,,
,,,Esch,7,1,,,,,,,,,
,,,BAh,8,,,,,,,,,,
,,,BAh,7,,,,,,,,,,
,,,Esch,9,1,,,,,,,,,
,,,Esch,10,1,,,,,,,,,
,,,Esch,13,1,1,,,,,,,,
,,,Esch,12,1,,,,,,,,,
,,,Esch,10,2,,,,,,,,,
,,,BAh,7,,,,,,,,,,
,,,BAh,6,,,,,,,,,,
,,,Esch,11,2,,,1,,,,,,
,,,BAh,7,,,,,,,,,,
,,,Esch,8,2,,,1,,,,,,
,,,Esch,13,2,,,,,,,,,
,,,Esch,13,1,,,,,,,,,
,,NW,Esch,13,1,,,,T1,,,,,
,,,Esch,9,1,,,,,,,,,
,,,Esch,16,4,,,,,,,,,
,,,Esch,15,1,,,,,,,,,
,,,BAh,5,,,,,,,,,,
,,,Esch,19,1,,,,,,,,,
8753,,SW,Esch,23,4,,,,,,,,2,
,,,Esch,7,2,,,,,,,T2,,ABGEKNICKT
,,,BAh,8,,,,,,,,,,
,,,Esch,15,5,,,T2,,,,,,
,,,BAh,8,,,,,,,,,,
,,,Esch,9,1,,,,,,,,,
,,,BAh,7,,,,,,,,,,
,,,Esch,13,3,,,,,,T1,,,ESCHENZWIESELMOTTE
,,,Esch,6,1,1,,,,,,,,
,,,Esch,17,1,,,,,,,,,
,,,Esch,11,2,,,1,,,,,,
,,,Esch,10,1,,T1,,,,,,,
,,,Esch,16,1,,,,,,,,,
,,,BAh,7,,,,,,,,,,
,,,BAh,9,,,,,,,,,,
,,NW,Esch,14,3,,,,,,,,1,
,,NO,Esch,7,2,,,T1,,,,,,
,,,Esch,16,1,,T1,,,,,,,
,,,Esch,20,2,,,,T1,,,,,
,,,Esch,18,1,,,,,,,,,
,,,Esch,22,2,,,,,,,,,
,,,Esch,15,2,,,1,,,,,,
,,,BAh,7,,,,,,,,,,
,,,BAh,8,,,,,,,,,,
,,,Esch,5,1,1,,,,,,,,
,,,Esch,6,1,1,,,,,,,,
,,,BAh,8,,,,,,,,,,
,,,BAh,6,,,,,,,,,,
,,,SAh,10,,,,,,,,,,
,,,BAh,7,,,,,,,,,,
,,,BAh,5,,,,,,,,,,
,,,BAh,9,,,,,,,,,,
,,,Esch,5,1,1,,,,,,,,
,,SW,Esch,11,2,,,,,,,,0,
,,,BAh,6,,,,,,,,,,
,,,Esch,15,3,,,T1,,,,,,
8754,,NO,Esch,5,1,1,,,,,,,,
,,,BAh,7,,,,,,,,,,
,,,BAh,9,,,,,,,,,,
,,,BAh,9,,,,,,,,,,
,,,BAh,10,,,,,,,,,,
,,,Esch,10,1,,,,,,,,,
,,,Esch,8,1,,,,,,,,,
,,,Esch,10,1,,,,,,,,,
,,,BAh,10,1,,,,,,,,,
,,,Esch,6,1,1,,,,,,,,
,,,Esch,16,4,,,,,,,,,
,,,BAh,4,,,,,,,,,,
,,,Esch,9,2,,,,,,,,,
,,,BAh,7,,,,,,,,,,
,,,BAh,8,,,,,,,,,,
,,,BAh,8,,,,,,,,,,
,,,BAh,5,,,,,,,,,,
,,,Esch,13,2,,,,T1,,,1,,
,,,Esch,5,1,,,,,,,,,
,,,BAh,7,,,,,,,,,,
,,,BAh,10,,,,,,,,,,
,,,BAh,7,,,,,,,,,,
,,,Esch,8,1,,,,,,,,,
,,SO,Esch,11,1,1,,,,,,,,
,,,BAh,7,,,,,,,,,,
,,SW,Esch,8,1,,,,,,,,,
,,,Esch,10,1,,,,,,,,,
,,,Esch,6,1,,,,,,,,,
,,,BAh,7,,,,,,,,,,
,,,BAh,8,,,,,,,,,,
,,,BAh,7,,,,,,,,,,
,,,BAh,7,,,,,,,,,,
,,,Esch,7,1,,,,,,,,,
,,,Esch,8,1,,,,,,,,,
,,,Esch,6,1,1,,,,,,,,
,,,BAh,7,,,,,,,,,,
,,,RBu,12,,,,,,,,,,STOCKAUSSCHLAG
,,,Esch,6,1,1,,,,,,,,
,,,Esch,7,1,1,,,,,,,,
,,,Esch,6,1,1,,,,,,,,
,,,BAh,9,,,,,,,,,,
,,,BAh,8,,,,,,,,,,
,,,Esch,15,1,,,,,,,,,
,,,BAh,8,,,,,,,,,,
,,,Esch,16,1,,,,,,,,,
,,,BAh,6,,,,,,,,,,
,,NW,Esch,12,1,,,,,,,,1,
,,,BAh,5,,,,,,,,,,
,,,BAh,12,,,,,,,,,,
,,,Esch,9,1,,,,,,,,,
,,,Esch,7,1,,,,,,,,,
,,,Hbu,6,,,,,,,,,,
,,,BAh,5,,,,,,,,,,
8755, ,SO,Esch,5,1,1,,,,,,,,
,,,Esch,8,1,,,,,,,,,
,,,Esch,8,1,,,,,,,,,
,,,Esch,6,1,,,,,,,,,
,,,Sah,10,,,,,,,,,,
,,,Esch,10,1,,,,,,,,,
,,,Esch,10,1,,,,,,,,,
,,,Esch,9,1,,,,,,,,,
,,,Esch,7,1,,,,,,,,,
,,,Bah,7,,,,,,,,,,
,,,Bah,10,,,,,,,,,,
,,,Bah,12,,,,,,,,,,
,,,Bah,9,,,,,,,,,,
,,,Esch,9,1,,,,,,,,,
,,,Esch,7,1,,,,,,,,,
,,,Bah,6,,,,,,,,,,
,,,Esch,8,1,,,,,,,,,
,,,Esch,10,1,,,,,,,,,
,,,Bah,7,,,,,,,,,,
,,,Bah,8,,,,,,,,,,
,,,Bah,7,,,,,,,,,,
,,,Esch,11,1,,,,,,,,,
,,,Bah,11,,,,,,,,,,
,,,Bah,7,,,,,,,,,,
,,,Bah,10,,,,,,,,,,
,,,Bah,11,,,,,,,,,,
,,,Bah,11,,,,,,,,,,
,,,Esch,7,1,,,,,,,,,
,,,Bah,11,,,,,,,,,,
,,,Bah,9,,,,,,,,,,
,,,Bah,11,,,,,,,,,,
,,,Bah,9,,,,,,,,,,
,,,Bah,9,,,,,,,,,,
,,,Bah,9,,,,,,,,,,
,,,Bah,6,,,,,,,,,,
,,no,Esch,8,1,,,,,,,,2,
,,,Esch,11,1,,,,,,,,,
,,,Bah,10,,,,,,,,,,
,,,Esch,6,2,,t1,,,,,,,
,,,Esch,11,1,,,,,,,,,
,,,Esch,5,1,,,,,,,,,
,,,Esch,11,1,,,,,,,,,
,,,Esch,10,1,,,,,,,,,
,,,Bah,9,,,,,,,,,,
,,,Bah,5,,,,,,,,,,
,,sw,Esch,9,2,,,,,,,,1,
,,,Bah,8,,,,,,,,,,
,,,Bah,7,,,,,,,,,,
,,,Bah,8,,,,,,,,,,
,,,Bah,11,,,,,,,,,,
,,,Esch,10,1,,,,,,,,,
,,,Bah,11,,,,,,,,,,
,,,Esch,7,1,,,,,,,,,
,,,Esch,5,1,,,,,,,,,
,,,Esch,5,1,,,,,,,,,
,,,Bah,9,,,,,,,,,,
,,,Esch,7,1,1,,,,,,,,
,,,Bah,9,,,,,,,,,,
,,,Bah,7,,,,,,,,,,
,,,Bah,8,,,,,,,,,,
,,,Bah,5,,,,,,,,,,
,,,Bah,7,,,,,,,,,,
,,,Bah,7,,,,,,,,,,
,,,Bah,10,,,,,,,,,,
,,,Sah,6,,,,,,,,,,
,,,Esch,4,1,1,,,,,,,,
,,,Esch,9,1,,,,,,,,,
,,,Bah,8,,,,,,,,,,
,,,Bah,5,,,,,,,,,,
,,,Bah,9,,,,,,,,,,
,,,Bah,10,,,,,,,,,,
,,,Bah,8,,,,,,,,,,
,,,Bah,8,,,,,,,,,,
,,,Bah,10,,,,,,,,,,
,,,Bah,8,,,,,,,,,,
,,,Esch,5,1,1,,,,,,,,
,,,Esch,10,1,,,,,,,,,
,,,Bah,8,,,,,,,,,,
,,,Bah,6,,,,,,,,,,
,,,Bah,9,,,,,,,,,,
,,,Bah,8,,,,,,,,,,
,,,Bah,6,,,,,,,,,,
,,,Bah,7,,,,,,,,,,
,,,Bah,6,,,,,,,,,,
,,,Bah,9,,,,,,,,,,
,,,Bah,7,,,,,,,,,,
,,,Bah,8,,,,,,,,,,
,,,Sah,10,,,,,,,,,,
,,nw,Esch,6,1,,,,,,,,,
,,,Bah,6,,,,,,,,,,
,,,Bah,6,,,,,,,,,,
8756,,sw,Esch,10,1,,,,,,,,0,
,,,Esch,6,1,,,,,,,,,
,,,Bah,9,,,,,,,,,,
,,,Esch,5,1,1,,,,,,,,
,,,Esch,6,1,,,,,,,,,
,,,Bah,7,,,,,,,,,,
,,,Bah,10,,,,,,,,,,
,,,Esch,8,1,,,,,,,,,
,,,Esch,10,1,,,,,,,,,
,,,Esch,8,1,,,,,,,,,
,,,Bah,10,,,,,,,,,,
,,,Esch,11,1,,,,,,,,,
,,,Esch,15,1,,,,,,,,,
,,,Esch,5,1,1,,,,,,,,
,,,Esch,8,1,,,,,,,,,
,,,Bah,8,,,,,,,,,,
,,nw,Esch,5,1,1,,,,,,,,
,,,Esch,7,1,1,,,,,,,,
,,,Esch,7,1,,,,,,,,,
,,,Esch,7,1,,,,,,,,,
,,no,Esch,8,1,,,,,,,,1,
,,,Bah,8,,,,,,,,,,
,,,Bah,9,,,,,,,,,,
,,,Esch,6,1,1,,,,,,,,
,,,Bah,8,,,,,,,,,,
,,,Esch,7,1,,,,,,,,,
,,,Sah,8,,,,,,,,,,
,,,Sah,10,,,,,,,,,,
,,,Sah,12,,,,,,,,,,
,,,Esch,10,1,,,,,,,,,
,,,Esch,16,1,,,,,,,,,
,,,Bah,9,,,,,,,,,,
,,,Bah,9,,,,,,,,,,
,,,Esch,8,1,1,,,,,,,,
,,,Esch,6,1,,,,,,,,,
,,,Esch,13,1,,,,,,,,,
,,,Bah,8,,,,,,,,,,
,,,Bah,6,,,,,,,,,,
,,,Bah,7,,,,,,,,,,
,,,Bah,8,,,,,,,,,,
,,,Bah,10,,,,,,,,,,
,,,Esch,10,1,1,,,,,,,,
,,,Bah,11,,,,,,,,,,
,,,Esch,13,2,,,,,,,,,
,,,Esch,4,1,1,,,,,,,,
,,,Bah,10,,,,,,,,,,
,,so,Esch,17,1,,,,,,,,0,
8757,,,Bah,6,,,,,,,,,,
,,,Bah,5,,,,,,,,,,
,,no,Esch,6,1,,,,,,,,1,
,,,Esch,9,1,,,,,,,,,
,,,Esch,5,1,1,,,,,,,,
,,,Bah,7,,,,,,,,,,
,,,Bah,7,,,,,,,,,,
,,,Esch,3,1,1,,,,,,,,
,,,Esch,19,1,,,,,,,,,
,,,Esch,5,1,1,,,,,,,,
,,,Esch,8,1,,,,,,,,,
,,,Esch,6,1,,,,,,,,,
,,,Bah,7,,,,,,,,,,
,,,Bah,8,,,,,,,,,,
,,,Bah,7,,,,,,,,,,
,,,Bah,7,,,,,,,,,,
,,,Esch,9,2,,,,,,,,,
,,,Esch,7,1,,,,,,,,,
,,,Esch,7,1,,,,,,,,,
,,,Esch,6,2,,,,,,,,,
,,,Esch,4,1,1,,,,,,,,
,,,Sah,10,,,,,,,,,,
,,,Esch,5,1,1,,,,,,,,
,,,Bah,6,,,,,,,,,,
,,,Esch,8,1,,,,,,,,,
,,so,Esch,8,1,,,,,,,,0,
,,sw,Esch,8,1,,,,,,,,,
,,,Esch,6,1,,,,,,,,,
,,,Bah,7,,,,,,,,,,
,,,Esch,7,1,1,,,,,,,,
,,,Bah,6,,,,,,,,,,
,,,Esch,5,1,,,,,,,,,
,,,Esch,5,1,1,,,,,,,,
,,,Esch,9,1,,,,,,,,,
,,,Esch,9,1,,,,,,,,,
,,,Bah,7,,,,,,,,,,
,,,Esch,6,1,,,,,,,,,
,,,Esch,7,1,1,,,,,,,,
,,,Esch,5,1,1,,,,,,,,
,,,Bah,6,,,,,,,,,,
,,,Esch,7,1,1,,,,,,,,
,,,Esch,4,1,,,,t1,,,,,
,,,Esch,7,1,,,,,,,,,
,,,Esch,7,1,,,,,,,,,
,,,Bah,5,,,,,,,,,,
,,,Bah,9,,,,,,,,,,
,,,Bah,8,,,,,,,,,,
,,,Esch,5,1,1,,,,,,,,
,,,Esch,7,1,,,,,,,,,
,,,Bah,7,,,,,,,,,,
,,,Bah,8,,,,,,,,,,
,,,Bah,7,,,,,,,,,,
,,,Esch,14,1,,,,,,,,,
,,,Esch,8,1,,,,,,,,,
,,,Bah,5,,,,,,,,,,
,,,Esch,7,1,,,,,,,,,
,,,Esch,10,1,,,,,,,,,
,,nw,Esch,8,2,,,,,,,,,
,,,Esch,4,1,1,,,,,,,,
,,,Esch,9,1,,,,,,,,,
,,,Bah,5,,,,,,,,,,
,,,Bah,7,,,,,,,,,,
,,,Bah,7,,,,,,,,,,
,,,Bah,7,,,,,,,,,,
,,,Esch,7,1,,,,,,,,,
,,,Esch,6,1,,,,,,,,,
,,,Bah,7,,,,,,,,,,
,,,Rbu,400,,,,,,,,,,
8758,,sw,Esch,12,1,,,,,,,,1,
,,,Esch,6,1,1,,,,,,,,
,,,weide,4,,,,,,,,,,
,,,weide,2,,,,,,,,,,
,,,Esch,13,1,,,,,,,,,
,,,Esch,16,1,1,,,,,,,,
,,,Esch,6,1,,,,,,,,,
,,,Esch,16,2,,,,,,,,,
,,,Bah,8,,,,,,,,,,
,,nw,Esch,7,1,,,,,,,,0,
,,no,Esch,8,1,1,,,,,,,,
,,,Bah,10,,,,,,,,,,
,,,Esch,6,1,,,,,,,,,
,,,Bah,11,,,,,,,,,,
,,,Bah,8,,,,,,,,,,
,,,Esch,16,1,,,,t1,,,,,
,,,Esch,10,1,,,,,,,,,
,,,Esch,10,1,,,,,,,,,
,,,Esch,9,1,,,,,,,,,
,,,Bah,7,,,,,,,,,,
,,,Esch,6,1,,,,,,,,,umgeknickt
,,,Bah,8,,,,,,,,,,
,,,Esch,6,2,,t1,,,,,,,
,,,Rbu,7,,,,,,,,,,
,,,Esch,21,2,,,,t1,,,,,
,,,Esch,10,1,,,,,,,,,
,,,Esch,13,1,,,,,,,,,
,,,Bah,7,,,,,,,,,,
,,,Bah,5,,,,,,,,,,
,,,Esch,12,1,,,,,,,,,
,,,Esch,10,1,,,,,,,,,
,,so,Esch,4,1,1,,,,,,,,
,,,Bah,8,,,,,,,,,,
8759,,so,esch,6,1,1,,,,,,,,
,,,esch,5,1,1,,,,,,,,
,,,esch,5,1,,,,,,,,,
,,,esch,7,1,1,,,,,,,,
,,,esch,9,1,1,,,,,,,,
,,,esch,5,1,1,,,,,,,,
,,,esch,7,1,1,,,,,,,,
,,,esch,6,1,1,,,,,,,,
,,,esch,6,1,1,,,,,,,,
,,,esch,6,1,1,,,,,,,,
,,,esch,5,1,1,,,,,,,,
,,no,esch,10,1,,,,,,,,,
,,,esch,7,1,1,,,,,,,,
,,,bah,7,,,,,,,,,,
,,,rbu,11,,,,,,,,,,
,,,esch,6,1,1,,,,,,,,
,,,rbu,900,,,,,,,,,,
,,sw,esch,4,1,1,,,,,,,,
,,,esch,8,1,1,,,,,,,,
,,,esch,6,1,,,,,,,,,
,,,bah,10,,,,,,,,,,
,,,esch,6,1,1,,,,,,,,
,,,esch,6,1,,,,,,,,,
,,,esch,6,1,1,,,,,,,,
,,,esch,5,1,1,,,,,,,,
,,,esch,7,1,1,,,,,,,,
,,,esch,5,1,1,,,,,,,,
,,,esch,6,1,1,,,,,,,,
,,,esch,5,1,1,,,,,,,,
,,,esch,7,1,1,,,,,,,,
,,nw,esch,5,1,1,,,,,,,,
,,,esch,6,1,1,,,,,,,,
,,,esch,4,1,1,,,,,,,,
,,,esch,5,1,1,,,,,,,,
,,,esch,5,1,1,,,,,,,,
8760,,SO,esch,6,1,,,,,,,,,
,,,esch,7,1,,,,,,,,,
,,,esch,8,1,,,,,,,,,
,,,esch,6,1,,,,,,,,,
,,,esch,7,1,1,,,,,,,,
,,,esch,6,1,,,,,T1,,,,
,,,esch,7,1,,,,,t1,,,,
,,,esch,6,1,1,,,,,,,,
,,,esch,8,1,,,,,,,,,
,,,esch,3,1,1,,,,,,,,
,,,rbu,13,,,,,,,,,,
,,,esch,6,1,1,,,,,,,,
,,no,esch,7,1,1,,,,,,,,
,,,esch,5,1,1,,,,,,,,
,,,esch,7,1,1,,,,,,,,
,,,esch,6,1,1,,,,,,,,
,,,esch,6,1,1,,,,,,,,
,,,esch,4,1,1,,,,,,,,
,,,esch,5,1,1,,,,,,,,
,,,esch,6,1,1,,,,,,,,
,,sw,esch,5,1,1,,,,,,,,
,,,esch,4,1,1,,,,,,,,
,,,esch,7,1,1,,,,,,,,
,,,esch,6,1,1,,,,,,,,
,,,esch,6,1,1,,,,,,,,
,,,rbu,14,,,,,,,,,,
,,,esch,6,1,1,,,,,,,,
,,,esch,5,1,,,,,,,,,
,,,esch,5,1,1,,,,,,,,
,,,esch,8,1,1,,,,,,,,
,,,esch,8,1,1,,,,,,,,
,,,esch,6,1,1,,,,,,,,
,,,esch,6,1,1,,,,,,,,
,,,esch,8,1,1,,,,,,,,
,,nw,esch,7,1,1,,,,,,,,
,,,esch,9,1,1,,,,,,,,
,,,esch,6,1,1,,,,,,,,
,,,esch,7,1,1,,,,,,,,
,,,esch,7,1,1,,,,,,,,
,,,esch,7,1,1,,,,,,,,
,,,wli,8,,,,,,,,,,
,,,esch,7,1,1,,,,,,,,
,,,esch,8,1,,,,,,,,,umgeknickt
8761,,,bah,9,,,,,,,,,,
,,so,esch,7,1,1,,,,,,,,
,,,esch,5,1,,,,,,,,,
,,no,esch,7,1,1,,,,,,,,
,,sw,esch,10,1,1,,,,,,,,
,,,esch,8,1,1,,,,,,,,
,,,esch,5,1,1,,,,,,,,
,,,esch,7,1,1,,,,,,,,
,,,esch,10,1,1,,,,,,,,
,,,esch,4,1,1,,,,,,,,
,,,esch,5,1,1,,,,,,,,
,,,esch,5,1,1,,,,,,,,leicht angenagt
,,nw,esch,5,1,1,,,,,,,,
,,,bah,10,,,,,,,,,,
,,,esch,4,1,1,,,,,,,,
,,,esch,7,1,1,,,,,,,,
8762,TRUE,so,esch,8,1,,,,,,,,,
,,,bah,4,,,,,,,,,,
,,,esch,6,,,,,,,,,,
,,,esch,14,2,,,,,,1,,,
,,,esch,6,1,,,,,,,,,
,,,esch,6,1,,,,,,,,,
,,,esch,5,1,,,,,,,,,
,,,esch,9,3,,,,,,2,,,
,,,esch,7,1,1,,,,,,,,
,,,esch,6,1,1,,,,t1,,,,
,,,bah,6,,,,,,,,,,
,,,esch,5,1,1,,,,,,,,
,,,esch,7,2,,,,,,1,,,
,,,esch,14,4,,,1,,,2,,,
,,,esch,8,2,,1,,,,,,,
,,no,esch,5,1,,,,,,,,,
,,,bah,8,,,,,,,,,,
,,,esch,4,1,1,,,,,,,,
,,,bah,9,,,,,,,,,,
,,,esch,5,1,,,,,,,,,
,,,bah,5,,,,,,,,,,
,,,esch,5,1,,,,,,,,,
,,,esch,6,1,1,,,,,,,,
,,,esch,8,1,,,,,,,,,
,,,esch,12,2,,,,,,1,,,
,,,esch,10,2,,,,t1,,1,,,
,,,bah,6,,,,,,,,,,
,,,esch,8,2,,,,,,,,,
,,,esch,5,1,1,,,,,,,,
,,,bah,8,,,,,,,,,,
,,,bah,6,,,,,,,,,,
,,sw,esch,5,1,1,,,,,,,,
,,,esch,5,1,1,,,,,,,,
,,,bah,5,,,,,,,,,,
,,,esch,6,1,,,,,,,,,
,,,bah,9,,,,,,,,,,
,,,esch,5,1,1,,,,,,,,
,,,wli,7,,,,,,,,,,
,,,wli,4,,,,,,,,,,
,,,esch,6,1,,,,,,,,,
,,,esch,3,1,1,,,,,,,,
,,,bah,11,,,,,,,,,,
,,,bah,5,,,,,,,,,,
,,,esch,8,1,1,,,,,,,,
,,,bah,8,,,,,,,,,,
,,,esch,7,1,1,,,t1,,,,,
,,,esch,9,2,,t1,,,1,,,,
,,,esch,4,1,1,,,,,,,,
,,,bah,7,,,,,,,,,,
,,,esch,6,1,1,,,,,,,,
,,,bah,8,,,,,,,,,,
,,,esch,3,1,1,,,,,,,,
,,nw,esch,9,3,,,,,,,,,
8763,,so,esch,14,2,,,,,,,1,,
,,,esch,4,1,1,,,,,,,,
,,,esch,6,1,1,,,,,,,,
,,,esch,7,1,1,,,,,,,,
,,,esch,7,1,1,,,,,,,,
,,no,esch,8,1,1,,,,,,,,
,,,esch,8,1,1,,,,,,,,
,,,esch,5,1,1,,,,,,,,
,,sw,esch,8,1,1,,,,,,,,
,,,esch,10,1,1,,,,,,,,
,,,esch,15,1,,,,,,,,,
,,,esch,6,1,1,,,,,,,,
,,,esch,13,3,,,,,,,1,,
,,,esch,5,2,,,t1,,,,,,
,,,esch,8,1,1,,,,,,,,
,,nw,esch,7,1,1,,,,,,,,
,,,esch,9,1,,,,,,,,,umgeknickt
8764,,no,esch,7,1,1,,,,,,,,
,,,esch,11,1,,,,,,,,,
,,,esch,6,1,1,,,,,,,,
,,,esch,16,1,,,,,,,,,
,,,esch,7,1,,,,,,,,,
,,,esch,5,1,,,,,,,,,
,,nw,esch,8,2,,t1,,1,,,,,
,,,esch,5,1,1,,,,,,,,
,,,esch,5,1,,,,,,,,,
,,,esch,8,1,,,,,,,,,
,,,esch,7,1,,,,,,,,,
,,,esch,6,1,,,,,,,,,
,,sw,esch,7,1,1,,,,,,,,
,,,bah,7,,,,,,,,,,
,,,esch,7,1,1,,,,,,,,
,,,esch,6,1,1,,,,,,,,
,,,esch,8,1,,,,,,,,,umgeknickt
,,,wli,2,,,,,,,,,,
,,,esch,6,1,1,,,,,,,,
,,so,esch,8,1,1,,,,,,,,
,,,esch,7,1,1,,,,,,,,
,,,esch,7,1,1,,,,,,,,
,,,esch,6,1,1,,,,,,,,
8765,,,esch,17,1,,,,,,,,,
,,,esch,11,1,,,,,,,,,
,,,esch,8,1,,,,,,,,,
,,,esch,8,1,1,,,,,,,,
,,,esch,6,1,1,,,,,,,,
,,,esch,6,1,1,,,,,,,,
,,,esch,9,1,1,,,,,,,,
,,,esch,6,1,1,,,,,,,,
,,,esch,8,1,,,,,,,,,
,,,bah,13,,,,,,,,,,
,,,esch,8,1,1,,,,,,,,
,,,esch,7,1,1,,,,,,,,
,,so,esch,7,1,1,,,,,,,,
,,,esch,7,1,1,,,,,,,,
,,,esch,6,1,1,,,,,,,,
,,,esch,6,1,,,,,,,,,
,,sw,esch,16,1,,,,,,,,,
,,,bah,12,,,,,,,,,,
,,,bah,10,,,,,,,,,,
,,,esch,7,1,1,,,,,,,,
,,,bah,11,,,,,,,,,,
,,,esch,6,1,,,,,t1,,,,
,,nw,esch,8,1,1,,,,,,,,
,,,esch,6,1,1,,,,,,,,
,,,esch,7,1,1,,,,,,,,
,,,bah,8,,,,,,,,,,
8766,,no,esch,5,1,1,,,,,,,,
,,,esch,8,1,1,,,,,,,,
,,,esch,4,1,1,,,,,,,,
,,,bah,8,,,,,,,,,,
,,,esch,7,1,1,,,,,,,,
,,,esch,6,1,,,,,,,,,
,,,esch,7,1,,,,,,,,,
,,,bah,6,,,,,,,,,,
,,,bah,6,,,,,,,,,,
,,,esch,8,1,1,,,,,,,,
,,,esch,3,1,,,,,,,,,
,,,esch,5,1,,,,,,,,,
,,,esch,5,1,,,,,,,,,umgeknickt
,,,esch,7,1,,,,,,,,,
,,,bah,9,,,,,,,,,,
,,,esch,8,1,,,,,t1,,,,
,,,esch,5,1,1,,,,,,,,
,,,esch,8,1,,,,,,,,,
,,,bah,9,,,,,,,,,,
,,,esch,7,1,,,,,,,,,
,,,esch,9,1,,,,,,,,,
,,,esch,7,1,1,,,,,,,,
,,,esch,5,1,,,,,,,,,
,,,bah,9,,,,,,,,,,
,,,esch,5,1,,,,t1,,,,,
,,,bah,7,,,,,,,,,,
,,,esch,7,1,,,,,t1,,,,
,,so,esch,6,1,,,,,,,,,
,,sw,esch,6,1,,,,,,,,,
,,,weide,5,,,,,,,,,,
,,,weide,6,,,,,,,,,,
,,,bah,9,,,,,,,,,,
,,,esch,6,1,,,,,,,,,
,,,esch,6,1,1,,,,,,,,
,,,esch,6,1,,,,,,,,,
,,,esch,9,1,,,,,,,,,
,,,bah,11,,,,,,,,,,
,,,esch,13,1,,,,,,,,,
,,,esch,4,1,1,,,,,,,,
,,,esch,12,1,,,,,,,,,
,,,bah,9,,,,,,,,,,
,,,bah,8,,,,,,,,,,
,,,esch,8,1,,,,,,,,,
,,nw,esch,7,1,,,,,,,,,
,,,bah,9,,,,,,,,,,
,,,esch,6,1,,,,,,,,,
,,,rbu,16,,,,,,,,,,
,,,esch,5,1,,,,,,,,,
,,,esch,6,1,,,,,,,,,
,,,esch,7,1,1,,,,,,,,
,,,esch,4,1,1,,,,,,,,
8767,,,bah,8,,,,,,,,,,
,,,esch,12,1,,,,,,,,,
,,so,esch,6,2,,,,,,,,,
,,,esch,7,1,1,,,,,,,,
,,,esch,7,1,1,,,,,,,,
,,,esch,8,1,,,,,,,,,
,,,sah,14,,,,,,,,,,
,,,esch,7,1,,,,,,,,,
,,,bah,9,,,,,,,,,,
,,,bah,10,,,,,,,,,,
,,,bah,8,,,,,,,,,,
,,,esch,6,1,,,,,,,,,
,,,bah,8,,,,,,,,,,
,,,esch,7,1,1,,,,,,,,
,,,bah,6,,,,,,,,,,
,,,esch,9,1,,,,,,,,,
,,,esch,8,1,,,,,,,,,
,,,esch,5,1,1,,,,,,,,
,,sw,esch,7,1,1,,,,,,,,
,,,esch,8,1,1,,,,,,,,
,,,esch,5,2,,,,,1,,,,
,,,esch,6,1,,,,,,,,,
,,,bah,13,,,,,,,,,,
,,,rbu,11,,,,,,,,,,
,,,esch,7,1,,,,,,,,,
,,,bah,9,,,,,,,,,,
,,,esch,13,1,,,,,,,,,
,,,esch,9,1,1,,,,,,,,
,,,esch,9,1,1,,,,,,,,
,,,bah,7,,,,,,,,,,
,,,esch,7,1,,,,,,,,,
,,,rbu,14,,,,,,,,,,
,,,esch,8,1,,,,,,,,,
,,,esch,6,1,,,,,,,,,
,,,esch,6,1,,,,,,,,,
,,,esch,5,,,,,,,,,,
,,,bah,9,,,,,,,,,,
,,,esch,7,1,1,,,,,,,,
,,,bah,10,,,,,,,,,,
,,,esch,7,1,1,,,,,,,,
,,,esch,8,1,1,,,,,,,,
,,,bah,11,,,,,,,,,,
,,,bah,10,,,,,,,,,,
,,,esch,7,1,1,,,,,,,,
,,,esch,6,1,,,,,,,,,
,,nw,esch,8,1,1,,,,,,,,
,,,bah,10,,,,,,,,,,
,,,bah,12,,,,,,,,,,
,,,bah,7,,,,,,,,,,
,,,bah,8,,,,,,,,,,
,,,esch,6,1,,,,,,,,,
,,,esch,7,1,,,,,,,,,
,,,ulme berg,8,,,,,,,,,,
,,,bah,8,,,,,,,,,,
8768,,, ,,,,,,,,,,,keine Bäume
8769,,,bah,13,,,,,,,,,,
,,so,esch,9,1,,,,,,,,,
,,,bah,7,,,,,,,,,,
,,,bah,9,,,,,,,,,,
,,,bah,9,,,,,,,,,,
,,,bah,8,,,,,,,,,,
,,,esch,6,1,,,,,,,,,
,,,bah,12,,,,,,,,,,
,,,bah,12,,,,,,,,,,
,,,bah,8,,,,,,,,,,
,,,bah,9,,,,,,,,,,
,,,bah,8,,,,,,,,,,
,,,bah,6,,,,,,,,,,
,,,bah,7,,,,,,,,,,
,,,bah,8,,,,,,,,,,
,,,bah,7,,,,,,,,,,
,,,bah,8,,,,,,,,,,
,,,bah,8,,,,,,,,,,
,,nw,esch,8,1,1,,,,,,,,
,,,bah,8,,,,,,,,,,
,,,esch,8,1,1,,,,,,,,
,,,bah,6,,,,,,,,,,
,,,bah,7,,,,,,,,,,
,,,bah,5,,,,,,,,,,
,,no,esch,7,1,,,,,,,,,
,,,esch,7,1,1,,,,,,,,
,,,esch,5,1,1,,,,,,,,
,,,esch,6,1,,,,,,,,,
,,,sah,8,,,,,,,,,,
8770,,so,esch,5,1,1,,,,,,,,
,,,esch,8,1,,,,,,,,,
,,,wli,7,,,,,,,,,,
,,,esch,6,1,1,,,,,,,,
,,,esch,9,1,,,,,t1,,,,
,,,esch,9,1,1,,,,,,,,
,,,esch,8,1,1,,,,,,,,
,,,esch,13,1,,,,,,,,,
,,,bah,8,,,,,,,,,,
,,,esch,9,1,,,,,,,,,
,,,bah,7,,,,,,,,,,
,,,esch,5,1,,,,,,,,,
,,,bah,8,,,,,,,,,,
,,,bah,9,,,,,,,,,,
,,,bah,9,,,,,,,,,,
,,,bah,9,,,,,,,,,,
,,sw,esch,8,1,1,,,,,,,,
,,,bah,10,,,,,,,,,,
,,,bah,10,,,,,,,,,,
,,,bah,9,,,,,,,,,,
,,,esch,6,1,,,,,,,,,
,,,bah,6,,,,,,,,,,
,,,bah,4,,,,,,,,,,
,,,esch,7,1,,,,,,,,,
,,,bah,5,,,,,,,,,,
,,,esch,7,1,1,,,,,,,,
,,,bah,9,,,,,,,,,,
,,,bah,10,,,,,,,,,,
,,,sah,12,,,,,,,,,,
,,,bah,10,,,,,,,,,,
,,,bah,9,,,,,,,,,,
,,,esch,7,1,,,,,,,,,
,,,esch,6,1,1,,,,,,,,
,,,bah,6,,,,,,,,,,
,,,esch,11,2,,,,,,,,,
,,,esch,6,1,1,,,,,,,,
,,,esch,6,1,1,,,,,,,,
,,,esch,6,1,1,,,,,,,,
,,,esch,11,1,,,,,,,,,
,,,esch,6,1,,,,,,,,,
,,no,esch,5,1,,,,,,,,,
,,,esch,6,1,,,,,,,,,
,,,esch,7,1,1,,,,,,,,
,,,esch,7,1,,,,,,,,,
,,,esch,9,2,,,,,,,,,
,,,esch,7,1,,,,,,,,,
,,,esch,6,1,1,,,,,,,,
8771,,so,esch,12,1,,,,,,,,,
,,,bah,11,,,,,,,,,,
,,,esch,8,1,,,,,,,,,
,,,ulme berg,11,,,,,,,,,,
,,sw,esch,9,1,,,,,,,,,
,,nw,esch,8,1,,,,,,,,,
,,,esch,9,1,,,,,,,,,
,,,bah,4,,,,,,,,,,
,,,sah,8,,,,,,,,,,
,,,bah,9,,,,,,,,,,
,,no,esch,14,1,,,,,,,,,
,,,bah,11,,,,,,,,,,
,,,bah,9,,,,,,,,,,
,,,esch,11,1,,,,,,,,,
,,,esch,13,2,,,,,,1,,,
8772,,so,esch,8,1,,,,,,,,,
,,,bah,9,,,,,,,,,,
,,,bah,6,,,,,,,,,,
,,,esch,4,1,,,,,,,,,
,,,bah,13,,,,,,,,,,
,,,bah,10,,,,,,,,,,
,,,bah,10,,,,,,,,,,
,,,bah,11,,,,,,,,,,
,,,bah,7,,,,,,,,,,
,,,esch,5,1,,,,,,,,,
,,,bah,14,,,,,,,,,,
,,,esch,5,1,,,,,,,,,
,,,bah,7,,,,,,,,,,
,,,esch,8,2,,t1,,,,,,,
,,sw,esch,6,2,,,,,,,,,
,,,bah,10,,,,,,,,,,
,,,esch,9,1,,,,,,,,,
,,nw,esch,10,1,1,,,,,,,,
,,,esch,5,1,,,,,,,,,
,,,esch,9,1,,,,,,,,,
,,,esch,5,2,,,,,t1,,,,
,,,bah,9,,,,,,,,,,
,,,bah,6,,,,,,,,,,
,,,bah,11,,,,,,,,,,
,,no,esch,9,2,,,,t1,,,,,
,,,bah,7,,,,,,,,,,
,,,wli,8,,,,,,,,,,
8773,,so,esch,11,1,,,,,,,,,
,,,bah,8,,,,,,,,,,
,,,esch,12,3,,,1,,,1,,,
,,,esch,11,1,,,,,,,,,
,,,bah,9,,,,,,,,,,
,,,bah,12,,,,,,,,,,
,,,esch,8,1,1,,,,,,,,
,,,esch,7,1,,,,,,,,,
,,,esch,8,1,,,,,,,,,
,,,esch,12,2,,,,,,,,,
,,,esch,4,2,,,,,,1,,,
,,sw,esch,8,1,,,,,,,,,
,,,esch,9,2,,,,,,,1,,
,,,bah,13,,,,,,,,,,
,,nw,esch,8,1,1,,,,,,,,
,,,bah,11,,,,,,,,,,
,,,esch,7,1,,,,,,,,,
,,,esch,8,1,1,,,,,,,,
,,,bah,12,,,,,,,,,,
,,,esch,10,1,,,,,,,,,
,,,esch,11,1,,,,,t1,,,,
,,,esch,6,1,1,,,,,,,,
,,,esch,9,1,,,,,t1,,,,
,,no,esch,14,1,,,,,t1,,,,
,,,bah,11,,,,,,,,,,
,,,bah,9,,,,,,,,,,
,,,esch,10,1,,,,,,,,,
,,,bah,10,,,,,,,,,,
,,,esch,6,1,1,,,,,,,,
,,,esch,9,1,,,,,t1,,,,
,,,rbu,32,,,,,,,,,,
,,,bah,8,,,,,,,,,,
8774,,so,esch,6,1,,,,,,,,,
,,,bah,9,,,,,,,,,,
,,,sah,9,,,,,,,,,,
,,,bah,12,,,,,,,,,,
,,,esch,9,1,1,,,,,,,,
,,,bah,9,,,,,,,,,,
,,,esch,6,1,,,,,,,,,
,,,esch,7,1,1,,,,,,,,
,,,bah,9,,,,,,,,,,
,,,esch,12,3,,,,,,,,,
,,,esch,10,1,,,,t1,,,,,
,,,bah,9,,,,,,,,,,
,,,esch,8,1,,,,,,,,,
,,,esch,8,1,,,,,,,,,
,,,bah,8,,,,,,,,,,
,,,esch,7,1,1,,,,,,,,
,,sw,esch,11,1,,,,,,,,,
,,,bah,11,,,,,,,,,,
,,,esch,7,3,,t1,,,,1,,,
,,,esch,8,1,1,,,,,,,,
,,,bah,9,,,,,,,,,,
,,nw,esch,6,1,,,,,,,,,
,,,esch,4,1,1,,,,,,,,
,,,esch,9,1,,,,,,,,,
,,,bah,7,,,,,,,,,,
,,,bah,11,,,,,,,,,,
,,,esch,11,2,,,,,,1,,,
,,,esch,6,1,1,,,,,,,,
,,,bah,14,,,,,,,,,,
,,,esch,8,1,,,,,,,,,
,,,bah,9,,,,,,,,,,
,,,esch,7,1,,,,,,,,,
,,,esch,12,1,,,,,,,,,
,,,esch,7,2,,,,,,,,,
,,,esch,7,2,,,,,,,,,
,,no,esch,5,1,1,,,,,,,,
,,,bah,9,,,,,,,,,,
8775,,,bah,6,,,,,,,,,,
,,,esch,9,1,1,,,,,,,,
,,,bah,9,,,,,,,,,,
,,,bah,10,,,,,,,,,,
,,,esch,9,1,1,,,,,,,,
,,,esch,8,1,1,,,,,,,,
,,nw,esch,6,1,1,,,,,,,,
,,,bah,10,,,,,,,,,,
,,,esch,9,2,,,,,,,,,
,,no,esch,11,1,1,,,,,,,,
,,,bah,9,,,,,,,,,,
8776,,sw,esch,6,1,1,,,,,,,,
,,,esch,4,1,1,,,,,,,,
8777,,so,esch,10,1,,,,,,,,,
,,,esch,10,1,,,,,,,,,
,,,esch,7,1,1,,,,,,,,
,,,esch,15,1,,,,,,,,,
,,,esch,13,1,,,,,,,,,
,,,esch,7,1,1,,,,,,,,
,,,esch,6,1,1,,,,,,,,
,,,esch,10,1,,,,,,,,,
,,,esch,7,1,,,,,,,,,
,,,esch,7,1,,,,,,,,,
,,,bah,10,,,,,,,,,,
,,,esch,7,1,1,,,,,,,,
,,,esch,7,2,,,,,,,,,
,,,esch,6,1,,,,,,,,,
,,,esch,11,1,1,,,,,,,,
,,,esch,7,1,1,,,,,,,,
,,,esch,13,1,,,,,,,,,
,,,esch,13,1,,t1,,,,,,,
,,,esch,11,2,,,,,,,,,
,,,esch,13,1,,,,,,,,,
,,,esch,9,2,,1,,t1,,,,,
,,,esch,10,1,,,,,,,,,
,,,esch,10,1,,,,,,,,,
,,,esch,9,1,,,,,,,,,
,,,esch,10,1,,,,,,,,,
,,,esch,12,1,,,,,,,,,
,,,esch,6,1,,,,,,,,,
,,,esch,8,1,,,,,,,,,
,,,esch,15,1,,,,,,,,,
,,,esch,9,1,,t1,,,,,,,
,,,esch,8,1,,,,,,,,,
,,,esch,7,1,1,,,,,,,,
,,,esch,13,1,,,,,,,,,
,,,esch,6,1,,,,,,,,,
,,,esch,2,1,,,,,,,,,
,,,esch,4,1,,,,,,,,,
,,,esch,13,3,,t1,,,,,,,
,,,esch,10,1,1,,,,,,,,
,,,esch,10,1,,,,,,,,,
,,,esch,7,1,1,,,,,,,,
,,,esch,7,2,,,1,,,,,,
,,,esch,9,1,1,,,,,,,,
,,,esch,5,1,,,,,,,,,
,,,wli,8,,,,,,,,,,
,,,esch,11,1,,,,,,,,,
,,sw,esch,8,1,,,,,,,,,
,,nw,esch,8,1,,,,,,,,,
,,,esch,11,1,,,,,,,,,
,,,esch,8,1,1,,,,,,,,
,,,esch,10,1,1,,,,,,,,
,,,esch,9,1,1,,,,,,,,
,,,esch,13,2,,t1,,,,,,,
,,,esch,6,1,1,,,,,,,,
,,,esch,7,2,,,,,,,,,
,,,esch,8,1,,,,,,,,,
,,,esch,6,1,1,,,,,,,,
,,,esch,10,1,,,,,,,,,
,,,esch,7,1,1,,,,,,,,
,,,esch,6,1,1,,,,,,,,
,,,esch,9,1,,,,,,,,,
,,,esch,11,2,,,,,,,1,,
,,,esch,8,2,,,,,,1,,,
,,,esch,7,1,,,,,,,,,
,,,bah,15,,,,,,,,,,
,,,esch,12,1,,,,,,,,,
,,,esch,6,1,,,,,,,,,
,,,esch,12,1,,,,,,,,,
,,,esch,9,1,,,,,,,,,
,,,bah,13,,,,,,,,,,
,,,esch,13,1,,,,,,,,,
,,,bah,10,,,,,,,,,,
,,,esch,10,1,,,,,,,,,
,,,esch,6,2,,t1,,,,,,,
,,,esch,12,1,,,,,,,,,
,,,esch,8,1,1,,,,,,,,
,,,esch,10,1,,,,t1,,,,,
,,,esch,9,1,1,,,,,,,,
,,,esch,9,1,,,,,,,,,
,,,esch,8,1,1,,,,,,,,
,,,bah,12,,,,,,,,,,
,,,esch,6,1,1,,,,,,,,
,,no,esch,6,1,1,,,,,,,,
8778,,,bah,11,,,,,,,,,,
,,so,esch,7,1,1,,,,,,,,
,,,esch,5,1,,,,,,,,,
,,,esch,9,1,1,,,,,,,,
,,,bah,8,,,,,,,,,,
,,,esch,7,1,1,,,,,,,,
,,,esch,8,1,,,,,,,,,
,,,esch,10,1,,,,,,,,,
,,,bah,13,,,,,,,,,,
,,,esch,9,1,,,,,,,,,
,,,esch,6,1,1,,,,,,,,
,,,bah,9,,,,,,,,,,
,,,esch,11,1,,,,,,,,,
,,,esch,12,1,,,,,,,,,
,,,esch,12,1,,,,,,,,,
,,,bah,9,,,,,,,,,,
,,,esch,5,1,1,,,,,,,,
,,,esch,10,1,,,,,,,,,
,,,esch,6,1,1,,,,,,,,
,,,esch,5,2,,,,,,,1,,
,,,bah,10,,,,,,,,,,
,,,esch,14,2,,,,,1,,,,
,,,bah,10,,,,,,,,,,
,,,esch,10,1,,,,,,,,,
,,,esch,7,1,1,,,,,,,,
,,sw,esch,13,1,,,,,,,,,
,,,wli,5,,,,,,,,,,
,,,esch,5,1,1,,,,,,,,
,,,esch,9,1,,,,,,,,,
,,,esch,4,1,1,,,,t1,,,,
,,,esch,6,1,,,,,,,,,
,,,bah,8,,,,,,,,,,
,,,esch,5,1,,,,,,,,,
,,,esch,7,1,,,,,,,,,
,,,esch,6,1,1,,,,,,,,
,,,esch,10,1,,,,,,,,,
,,,esch,9,1,,,,,,,,,
,,no,esch,8,1,1,,,,,,,,
8779,TRUE,,rbu,25,,,,,,,,,,
,,so,esch,12,1,,,,,,,,,
,,,esch,6,1,,,,,,,,,
,,,esch,16,2,,,,,,,,,
,,,bah,11,,,,,,,,,,
,,,rbu,19,,,,,,,,,,
,,,sah,12,,,,,,,,,,
,,,esch,6,1,1,,,,,,,,
,,,esch,4,1,,,,,,,,,
,,,esch,6,1,1,,,,,,,,
,,,esch,6,1,,,,,,,,,
,,,wli,6,,,,,,,,,,
,,sw,esch,7,1,,,,,,,,,
,,,esch,7,1,,,,,,,,,
,,,esch,6,1,,,,,,,,,
,,,esch,6,1,1,,,,,,,,
,,,bah,6,,,,,,,,,,
,,,bah,7,,,,,,,,,,
,,,esch,5,1,,,,,,,,,
,,,bah,7,,,,,,,,,,
,,,bah,5,,,,,,,,,,
,,,bah,6,,,,,,,,,,
,,,esch,6,1,1,,,,,,,,
,,,esch,13,1,,,,,t1,,,,
,,,bah,9,,,,,,,,,,
,,,bah,10,,,,,,,,,,
,,no,esch,6,1,,,,,,,,,
8780,TRUE,,,,,,,,,,,,,keine Bäume
8781,,so,esch,13,1,,,,,,,,,
,,,esch,25,2,,,1,,,,,,
,,,esch,7,1,,,,,,,,,
,,,esch,8,1,,,,,t1,,,,
,,,esch,5,1,,,,,,,,,
,,,esch,14,3,,,,,,,,,
,,,bah,10,,,,,,,,,,
,,,esch,7,1,,,,,,,,,
,,,bah,10,,,,,,,,,,
,,,esch,10,1,,,,,,,,,
,,,esch,15,2,,,,,,,,,
,,,bah,16,,,,,,,,,,
,,,esch,8,3,,t1,,,,,,,
,,,esch,14,1,,,,,,,,,
,,,esch,8,1,,,,,,,,,
,,sw,esch,10,1,,,,,,,,,
,,,esch,13,1,,,,,,,,,
,,,esch,10,1,,,,,,,,,
,,,weide,4,,,,,,,,,,
,,,wli,9,,,,,,,,,,
,,,wli,6,,,,,,,,,,
,,,esch,13,3,,t2,,,,,,,
,,,esch,9,2,,t1,,,,,,,
,,nw,esch,8,2,,,,,,1,,,
,,,esch,9,1,1,,,,,,,,
,,,bah,7,,,,,,,,,,
,,,esch,10,2,,,,t1,,,,,
,,,esch,8,1,,,,,,,,,
,,,esch,20,1,,,,,t1,,,,
,,,esch,8,1,,,,,,,,,
,,,esch,8,1,,,,,,,,,
8782,,no,esch,7,3,,,,,,,,,
,,,esch,6,2,,t1,,,,,,,
,,,esch,14,2,,t1,,,,,,,
,,,bah,20,,,,,,,,,,
,,,esch,11,1,,,,,,,,,
,,so,esch,18,1,,,,,t1,,,,
,,,esch,20,1,,,,,,,,,
,,,esch,10,2,,,,,,,1,,
,,,esch,6,1,,,,,,,,,
,,nw,esch,8,1,1,,,,,,,,
,,,esch,8,1,,,,,,,,,
,,,esch,9,1,,,,,,,,,
,,,esch,12,3,,,,,t1,1,,,
,,,esch,11,1,1,,,,,,,,
,,,esch,7,1,,,,,,,,,
,,,esch,13,2,,,,,,,,,
,,,esch,6,1,1,,,,,,,,
,,,esch,7,1,,,,,,,,,
,,,esch,14,4,,t1,,,,1,,,
8783,,no,esch,7,1,1,,,,,,,,angekrazt
,,,esch,9,1,,,,,t1,,,,
,,,esch,6,1,1,,,,,,,,
,,,esch,8,1,,,,,,,,,
,,,bah,10,,,,,,,,,,
,,,esch,6,1,,,,,,,,,
,,,esch,8,1,,,,,,,,,
,,,esch,12,2,,,,,,,1,,
,,,esch,10,1,,,,,,,,,
,,,esch,8,1,1,,,,,,,,
,,,bah,11,,,,,,,,,,
,,,esch,8,1,1,,,,t1,,,,
,,,esch,6,1,1,,,,,,,,
,,,esch,9,1,1,,,,,,,,
,,,esch,11,1,1,,,,,,,,
,,,bah,10,,,,,,,,,,
,,,esch,7,1,,,,t1,,,,,
,,so,esch,6,1,,,,,,t1,,,
,,sw,esch,7,1,1,,,,,,,,
,,,esch,10,1,,,,,t1,,,,
,,,esch,8,2,,,,,t1,,1,,
,,,esch,7,1,1,,,,,,,,
,,,esch,7,1,,,,,,,,,
,,,esch,8,1,1,,,,,,,,
,,,esch,14,1,,,,,,,,,
,,,esch,5,1,,,,,,,,,
,,,esch,8,1,,,,,t1,,,,
,,,esch,12,1,1,,,,,,,,
,,,esch,4,1,1,,,,,,,,
,,,esch,8,3,,,,,,t2,,,
,,,esch,13,1,,,,,,,,,
,,,esch,12,1,,,,,,,,,
,,,esch,9,4,,,,,,2,,,
,,,esch,9,1,,,,,,t1,,,
,,nw,esch,7,1,1,,,,t1,,,,
8784,,no,esch,11,1,,,,,,,,,
,,,esch,7,1,,,,,,,,,
,,,esch,5,1,,,,,,,,,
,,,sah,10,,,,,,,,,,
,,,bah,11,,,,,,,,,,
,,,esch,10,5,,,t1,,,2,,,
,,,esch,10,1,,,,,,,,,
,,,esch,9,1,,,,,,t1,,,
,,,esch,8,1,1,,,,t1,,,,
,,,esch,10,1,,,,,,,,,
,,,bah,8,,,,,,,,,,
,,,esch,5,1,1,,,,,,,,
,,,esch,5,1,1,,,,,,,,
,,,esch,10,1,,,,,,,,,
,,,esch,11,1,,,,,,,,,
,,,esch,9,1,,,,,,t1,,,
,,,esch,6,1,,,,,,,,,
,,,esch,12,1,,,,,,,,,
,,,esch,8,1,,,,,,,,,
,,,esch,7,1,,,,,,,,,
,,,esch,15,3,,,,,,t1,,,
,,,esch,8,1,1,,,,,,,,
,,,esch,8,1,1,,,,,,,,
,,,esch,7,1,1,,,,,,,,
,,,esch,6,1,1,,,,,,,,
,,,esch,10,1,1,,,,,,,,
,,,esch,8,1,,,,,,,,,
,,,esch,8,1,,,,,,,,,
,,,esch,8,1,,,,,t1,,,,
,,so,esch,7,1,1,,,,,,,,
,,,bah,9,,,,,,,,,,
,,sw,esch,18,1,,,,,,,,,
,,,esch,8,1,,,,,,,,,
,,,esch,5,1,,,,,,,,,
,,,esch,6,1,,,,,,,,,
,,,esch,16,1,,,,,,,,,
,,,esch,14,2,,,,t1,,,,,
,,,esch,9,1,,,,,,,,,
,,,esch,11,1,,,,,,,,,
,,,esch,5,1,1,,,,,,,,
,,,bah,6,,,,,,,,,,
,,,esch,15,6,,t3,,,,,,,
,,,esch,8,2,,,,,,1,,,
,,,esch,13,2,,,,,,,,,
,,,bah,17,,,,,,,,,,
,,,esch,13,1,,,,,,,,,
,,,esch,13,3,,,,,,,,,
,,,esch,9,3,,t1,,,,,,,
,,,bah,12,,,,,,,,,,
,,,esch,11,1,,,,,,,,,
,,,bah,14,,,,,,,,,,
,,,esch,9,1,,,,,t1,,,,
,,,esch,9,1,,,,,t1,,,,
,,,esch,11,1,,,,,,,,,
,,,esch,5,3,,,,,t1,,,,
,,,esch,5,1,1,,,,,,,,
,,,esch,4,1,1,,,,,,,,
,,,esch,10,2, ,,,,t1,,,,
,,,bah,13,,,,,,,,,,
,,,esch,8,1,1,,,,,,,,
,,,esch,6,1,,,,,,,,,
,,,esch,12,1,,,,,t1,,,,
,,,esch,10,1,,,,,,,,,
,,nw,esch,8,1,,,,,,,,,
8785,,,esch,10,1,1,,,,,,,,
,,,rbu,14,,,,,,,,,,
,,,bah,18,,,,,,,,,,
,,,bah,11,,,,,,,,,,
,,nw,esch,12,1,1,,,,,,,,
,,,esch,7,1,1,,,,,,,,
,,,esch,4,1,1,,,,,,,,
,,,rbu,11,,,,,,,,,,
,,,rbu,9,,,,,,,,,,
,,,rbu,30,,,,,,,,,,
,,no,esch,6,1,,,,,,,,,
8786,,,sah,8,,,,,,,,,,
,,so,esch,4,1,1,,,,,,,,
,,,esch,6,1,,,,,,,,,
,,,bah,9,,,,,,,,,,
,,,esch,7,1,,,,,,,,,
,,,esch,8,1,1,,,,,,,,
,,,esch,13,2,,,,,,,1,,
,,,esch,6,1,,,,,t1,,,,
,,sw,esch,9,1,,,,1,,,,,ets?
,,,esch,7,2,,,,,,,,,
,,,esch,7,1,,,,,,,,,
,,,esch,6,1,,,,,,,,,
,,,bah,9,,,,,,,,,,
,,nw,esch,14,1,,,,,,,,,
,,,bah,8,,,,,,,,,,
,,,esch,6,1,1,,,,,,,,
,,,esch,6,1,,,,,,,,,
,,,bah,13,,,,,,,,,,
,,,bah,9,,,,,,,,,,
,,,bah,7,,,,,,,,,,
,,,bah,12,,,,,,,,,,
,,,esch,4,1,,,,1,,,,,
,,no,esch,4,1,1,,,,,,,,
,,,esch,5,1,,,,,,,,,
8787,,no,esch,8,1,1,,,,,,,,
,,,esch,4,1,,,,,,,,,
,,,bah,9,,,,,,,,,,
,,,bah,9,,,,,,,,,,
,,,bah,9,,,,,,,,,,
,,,rbu,650,,,,,,,,,,
,,,esch,13,1,,,,,,,,,
,,sw,esch,8,1,,,,,,,,,
,,,esch,12,1,,,,,,,,,
,,,esch,6,1,1,,,,,,,,
,,,esch,12,1,,,,,,,,,
,,,esch,9,1,1,,,,,,,,
,,,esch,5,1,1,,,,,,,,
,,,esch,7,1,1,,,,,,,,
,,,bah,12,,,,,,,,,,
,,,esch,5,1,1,,,,,,,,
,,,esch,6,1,1,,,,,,,,
,,,bah,5,,,,,,,,,,
,,,esch,8,2,,,t1,,,,,,
,,,esch,13,1,,,,,,,,,
,,nw,esch,4,1,,,,,,,,,
8788,,,bah,8,,,,,,,,,,
,,so,esch,10,1,1,,,,,,,,
,,,bah,10,,,,,,,,,,
,,,bah,11,,,,,,,,,,
,,,esch,7,1,1,,,,,,,,
8789,,no,esch,13,1,,,,,,,,,
,,,bah,7,,,,,,,,,,
,,,esch,10,,,,,,,,,,
,,,esch,8,1,,,,,,,,,
,,,esch,6,1,,,,,,,,,
,,,esch,6,1,,,,,,,,,
,,,rbu,13,,,,,,,,,,
,,,esch,10,1,,,,t1,,,,,
,,,esch,7,1,1,,,,,,,,
,,,esch,8,1,,,,,,,,,
,,,esch,11,1,,,,,,,,,
,,,bah,12,,,,,,,,,,
,,so,esch,7,1,1,,,,,,,,
,,,esch,2,1,,,,,,,,,umgeknickt
,,,rbu,14,,,,,,,,,,
,,sw,esch,13,2,,,,,,,,,
,,,bah,19,,,,,,,,,,
,,,esch,7,1,,,,,,,,,
,,,bah,8,1,,,,,,,,,
,,,esch,6,1,1,,,,,,,,
,,,esch,4,1,1,,,,,,,,
,,,esch,10,2,,,,,,1,,,
,,,esch,11,1,,,,,,,,,
8790,,,rbu,15,,,,,,,,,,
,,,bah,11,,,,,,,,,,
,,,bah,13,,,,,,,,,,
,,,bah,10,,,,,,,,,,
,,,rbu,34,,,,,,,,,,
,,,sah,11,,,,,,,,,,
,,,esch,8,3,,,t2,,,,,,spitze abgestolrben
,,,esch,8,1,1,,,,,,,,
,,,bah,10,,,,,,,,,,
,,,esch,6,1,,,,,,,,,
,,,esch,6,1,,,,,,,,,
,,,hbu,8,,,,,,,,,,
,,,esch,8,2,,,,,,,1,,
,,sw,esch,10,1,1,,,,,,,,
,,nw,esch,5,1,1,,,,,,,,
,,,bah,9,,,,,,,,,,
,,,rbu,19,,,,,,,,,,
,,,esch,8,1,,,,,,,,,
,,,esch,8,1,1,,,,,,,,
,,,bah,7,,,,,,,,,,
,,,bah,8,,,,,,,,,,
,,,esch,7,1,,,,,,,,,
,,no,esch,7,1,,,,,,,,,
,,,bah,9,,,,,,,,,,
,,,esch,7,1,1,,,,,,,,
,,,bah,9,,,,,,,,,,
,,,sah,10,,,,,,,,,,
8791,,so,esch,10,2,,,,,,,1,,
,,,rbu,22,,,,,,,,,,
,,,sah,5,,,,,,,,,,
,,,esch,8,2,,t1,,,,,,,
,,,esch,9,1,1,,,,,,,,
,,,esch,6,1,1,,,,,,,,
,,,esch,15,1,,,,,,,,,
,,,esch,8,1,,,,,,,,,
,,,esch,12,1,,,,,,,,,
,,,bah,12,,,,,,,,,,
,,no,esch,13,1,,,,,,,,,
,,,bah,9,,,,,,,,,,
,,,esch,12,1,,,,,,,,,
,,,rbu,19,,,,,,,,,,
,,,rbu,31,,,,,,,,,,
,,,bah,17,,,,,,,,,,
,,,rbu,14,,,,,,,,,,
,,,bah,7,,,,,,,,,,
,,sw,esch,6,1,1,,,,,,,,
,,,esch,8,1,,,,,,,,,
,,,bah,11,,,,,,,,,,
,,,rbu,41,,,,,,,,,,
,,,esch,8,,,,,,,,,,
,,,esch,8,1,1,,,t1,,,,,
,,,esch,9,1,1,,,,,,,,
,,,esch,10,1,,,,,,,,,
,,,esch,9,2,,,,,,,t1,,
,,,rbu,8,,,,,,,,,,
,,,esch,11,1,1,,,,,,,,
,,,esch,5,1,,,,,,,,,
,,,bah,8,,,,,,,,,,
,,nw,esch,9,1,,,,,,,,,
,,,esch,13,1,,,,,,,,,
8792,,so,esch,11,1,,,,,,,,,
,,,esch,22,1,,,,,,,,,
,,,esch,19,4,,,,,,t1,,,
,,sw,esch,23,4,,,,,t1,,,,
,,,esch,25,1,,,,,t1,,,,
,,,esch,24,1,,,,,,,,,
,,,rbu,6,,,,,,,,,,
,,nw,esch,6,2,,,,,,,,,kriechend
,,,bah,6,,,,,,,,,,
,,,esch,7,4,,t1,,,,,,,
8793,,so,esch,13,1,,,,,t1,,,,
,,,esch,12,1,,,,,,,,,
,,,esch,12,3,,,t1,,,,,,
,,,esch,11,1,,t1,,,,,,,
,,,esch,12,1,,,,,,,,,
,,,esch,8,5,,t4,,,,,,,
,,,esch,7,1,,,,,,,,,
,,,esch,10,2,,t2,,,,,,,
,,,esch,14,4,,,,,,,,,
,,,esch,8,2,,,,,,,,,
,,,esch,10,3,,,,,,,1,,
,,,bah,15,,,,,,,,,,
,,,esch,7,1,,,,,,,,,
,,,esch,12,1,,,,,,,,,
,,sw,esch,8,2,,t2,,,,,,,lebt bis 3 cm 
,,,esch,10,3,,,,,,,2,,
,,,bah,9,,,,,,,,,,
,,,rbu,16,,,,,,,,,,
,,nw,rbu,12,,,,,,,,,,
,,,esch,13,1,,,,,,,,,
,,,esch,10,1,,,,,,,,,
,,,esch,12,1,,,,,,,,,
,,,esch,3,1,,,,,,,,,
,,no,esch,9,1,,,,,,,,,kriechend
,,,esch,11,1,,,,,,,,,
8794,,,rbu,38,,,,,,,,,,
,,,esch,7,1,1,,,,,,,,
,,so,esch,9,1,,,,,,,,,
,,,esch,10,1,,,,,,,,,
,,,esch,5,1,,t1,,,,,,,
,,,esch,8,1,,,,,,,,,
,,,esch,6,1,,,,,,,,,
,,,esch,7,1,,,,,,,,,
,,,sah,16,,,,,,,,,,
,,,esch,4,1,1,,,,,,,,
,,,esch,4,1,1,,,,,,,,
,,,esch,11,1,,,,,,,,,
,,,bah,12,,,,,,,,,,
,,,esch,12,1,,,,,,,,,
,,,esch,8,1,,,,,,,,,
,,,esch,10,2,,,,,,,,,
,,,bah,9,,,,,,,,,,
,,,esch,13,2,,,,t1,,,,,
,,,esch,12,1,,,,,,,,,
,,,esch,13,1,,,,t1,,,,,
,,,esch,14,1,,,,,,,,,
,,sw,esch,9,1,,,,,,,,,
,,,esch,6,1,1,,,,,,,,
,,,esch,4,1,1,,,,,,,,
,,,esch,9,1,,,,,,,,,
,,,esch,11,1,,,,,,,,,
,,nw,esch,8,1,,,,,,,,,
,,,esch,8,1,,,,,,,,,
,,,esch,9,1,,,,,,,,,
,,,esch,12,1,,,,,,,,,
,,,esch,12,1,,,,,,,,,
,,,esch,9,2,,t1,,,,,,,
,,,esch,12,1,,,,,,,,,
,,,bah,16,,,,,,,,,,
,,,esch,11,1,,,,,,,,,
,,,esch,8,1,1,,,,,,,,
,,,bah,13,,,,,,,,,,
,,,bah,12,,,,,,,,,,
,,,bah,16,,,,,,,,,,
,,,esch,6,2,,,,,,,1,,
,,,esch,11,1,,,,,,,,,
,,no,esch,6,1,1,,,,,,,,
,,,bah,10,,,,,,,,,,
,,,esch,5,1,1,,,,,,,,
8795,,,rbu,5,,,,,,,,,,
8796,,,bah,8,,,,,,,,,,
,,sw,esch,11,1,1,,,,,,,,
,,,esch,12,1,,,,,,,,,
,,no,esch,8,1,,,,,t1,,,,
,,,bah,8,,,,,,,,,,
,,nw,esch,8,1,,,,,,,,,
,,,esch,7,1,,,,,,,,,stark gekrümmt
8797,TRUE,no,esch,7,3,,,,,,,t1,,
,,so,esch,15,2,,,,,,,,,
8798,TRUE,nw,esch,13,4,,,,,,,1,,umgefahren
,,,bah,22,,,,,,,,,,
,,,wli,15,,,,,,,,,,
,,no,esch,15,3,,,,,,,1,,
,,,esch,8,1,1,,,,,,,,
,,,bah,11,,,,,,,,,,
,,,bah,20,,,,,,,,,,
,,,rbu,13,,,,,,,,,,
,,so,esch,21,2,,,,,,,1,,
,,,esch,15,2,,,,,t1,,,,
,,,esch,13,1,,,,,,,,,
,,,esch,15,1,,,,,,,,,
,,,esch,10,1,1,,,,,,,,
,,,esch,21,1,,,,,,,,,
,,,esch,8,1,,,,,,,,,
,,,esch,21,7,,,t1,1,,1,,,
,,,esch,31,5,,,,t3,,,1,,
,,,esch,12,1,,,,,,,,,
,,sw,esch,10,2,,,,,,,,,
,,,esch,7,2,,,,,,,1,,
,,,esch,8,2,,,,,,,1,,
,,,esch,7,1,,,,,,,t1,,
,,,esch,9,1,,,,,,,,,
,,,esch,5,2,,,,,,,1,,
8799,,,esch,16,1,,,,,,,,,
,,,rbu,15,,,,,,,,,,
,,,rbu,15,,,,,,,,,,
,,,esch,8,1,,,,,,,,,
,,sw,esch,6,1,,,,,,,,,leicht angenagt
,,,esch,6,1,1,,,,,,,,
,,,esch,6,1,1,,,,,,,,
,,,esch,5,1,1,,,,,,,,
,,nw,esch,7,1,1,,,,,,,,
,,,bah,8,,,,,,,,,,
,,,bah,8,,,,,,,,,,
,,,esch,7,1,,,,,,,,,
8800,,sw,esch,12,1,,,,,,,,,
,,,esch,6,1,1,,,,,,,,
,,,esch,5,1,1,,,,,,,,
,,,esch,12,1,,,,,,,,,
,,,esch,12,1,,,,,,,,,
,,,esch,7,2,,,1,,,,,,
,,,esch,7,1,1,,,,,,,,
,,,esch,9,2,,,,,,,1,,
,,,esch,7,1,1,,,,,,,,
,,nw,esch,9,1,1,,,,,,,,
,,no,esch,6,1,1,,,,,,,,
,,,esch,10,1,,,,,,,,,
,,,esch,13,1,,,,,,,,,
,,,esch,10,1,,,,,,,,,
,,,esch,10,2,,,,,,,,,
,,,esch,7,1,1,,,,,,,,
,,so,esch,9,1,1,,,,,,,,
8801,,sw,esch,7,1,1,,,,,,,,
,,,wli,7,,,,,,,,,,
,,,esch,7,1,1,,,,,,,,
,,,esch,6,1,1,,,,,,,,
,,,esch,8,1,1,,,,,,,,
,,,esch,4,1,1,,,,,,,,
,,,bah,8,,,,,,,,,,
,,,esch,6,1,1,,,,,,,,
8802,TRUE,so,esch,5,1,1,,,,,,,,es wurde kurz auf die Fläche gefahren
,,,esch,11,1,,,,,,,,,frisch abgestorben
,,,esch,6,1,1,,,,,,,,frisch abgestorben
,,,esch,4,1,,,,1,,,,,
,,,rbu,12,,,,,,,,,,
,,,esch,6,1,,,,,,,,,
,,,esch,17,1,,,,,,,,,
,,,esch,10,3,,,,t1,,,,,
,,,esch,7,1,,,,,,,,,
,,,esch,9,3,,,,t1,,,,,
,,,esch,7,1,,,,,,,,,
,,sw,esch,14,3,,,,,,,,,
,,,esch,7,1,,,,,,,,,
,,,esch,6,1,1,,,,,,,,
,,,esch,5,1,1,,,,,,,,
,,,esch,13,1,,,,,,,,,
,,,esch,11,1,,,,,,,,,
,,nw,esch,12,1,,,,,,,,,
,,,esch,8,2,,,,,,,,,
,,,esch,7,1,,,,,,,,,
,,,esch,8,2,,,,,,,1,,
,,,esch,8,1,,,,,,,,,
,,,esch,10,1,,,,,,,,,
,,,esch,5,2,,,t1,,,,,,
,,,esch,9,2,,t1,,,,,,,
,,,esch,7,1,,,,,,,,,
,,,esch,11,1,,,,,,,,,
,,,esch,3,1,,,,,,,,,stark umgeknickz
,,,esch,7,1,,,,,,,,,
,,,bah,10,,,,,,,,,,
,,,esch,6,1,,,,,,,,,
,,,esch,6,1,,,,,,,,,
,,no,esch,12,1,,,,,,,,,
,,,esch,9,1,,,,,,,,,
,,,esch,7,1,,,,,,,,,
,,,esch,11,1,,,,,,,,,
,,,esch,7,1,1,,,,,,,,
,,,esch,5,1,,,,,,,,,
8803,,,esch,12,1,,t1,,,,,,,"komischer PLot, viele halb verfaulte, vielleicht Rückegasse"
,,,esch,10,1,,t1,,,,,,,
,,,bah,8,,,,,,,,,,
,,nw,esch,10,1,,,,,,,,,
,,,esch,17,1,,,,,t1,,,,
,,no,esch,18,2,,,,,t1,,,,
,,,esch,15,3,,,,,,,,,frisch abgestorben
,,,esch,13,1,,,,t1,,,,,
,,,esch,18,2,,,t1,,,,,,
,,,esch,8,1,,,,t1,,,,,
,,,esch,22,1,,,,,,,,,frisch abgestorben
,,,esch,18,4,,t2,1,,,,,,
,,,sah,13,,,,,,,,,,
,,,esch,17,,,,,,,,,,frisch abgestorben
,,so,esch,13,5,,2,,,t1,,,,
,,,esch,15,4,,t1,,,,,,,
,,,esch,19,4,,,,,,,1,,
,,,esch,7,1,,,,,,,,,stark umgeknickt
,,,esch,11,5,,1,,,,,1,,stark umgeknickt
,,,esch,10,1,,,,,,,,,
,,,esch,12,2,,,,,,,1,,
,,,bah,10,,,,,,,,,,
,,,esch,8,1,1,,,,,,,,
,,,bah,15,,,,,,,,,,
,,,esch,7,1,,,,,,,,,stark umgeknickt
,,,esch,15,2,,,,,,,1,,
,,,esch,11,4,,,,,,,2,,umgeklnickt
,,,esch,7,1,,,,,,,,,
,,,ulme berg,30,,,,,,,,,,
,,sw,esch,5,1,1,,,,,,,,
8804,,so,esch,12,2,,,,,,,,,
,,,esch,13,,,,,,,,,,frisch abgestorben
,,,bah,9,,,,,,,,,,
,,,esch,12,1,,,,,,,,,
,,,esch,15,1,,,,,,,,,
,,,esch,7,2,,t1,,,,,,,
,,,bah,8,,,,,,,,,,
,,,esch,14,1,,,,,,,,,frisch agbetsorben
,,sw,esch,8,3,,t2,,,,,,,
,,,bah,8,,,,,,,,,,
,,nw,esch,12,4,,,,,1,,1,,t angenagt
,,,bah,8,,,,,,,,,,
,,,esch,8,1,,t1,,,,,,,
,,,esch,15,2,,,1,,,,,,
,,,bah,7,,,,,,,,,,
,,,sah,11,,,,,,,,,,
,,,bah,10,,,,,,,,,,
,,,bah,13,,,,,,,,,,
,,,esch,7,1,,,t1,,,,,,
,,,esch,12,1,,t1,,,,,,,
,,,bah,9,,,,,,,,,,
,,,bah,10,,,,,,,,,,
,,,bah,9,,,,,,,,,,
,,no,esch,19,1,,,,,,,,,
,,,bah,9,,,,,,,,,,
8805,,so,esch,10,1,,,,,,,,,
,,,bah,14,,,,,,,,,,
,,,esch,16,2,,,,,,1,,,
,,,esch,17,1,,,,t1,,,,,
,,,esch,10,1,,,,,,,,,
,,,esch,10,3,,,,,,,2,,
,,,esch,10,4,,t2,,,,,,,
,,,esch,14,1,,,,,,,,,
,,,esch,15,1,,,,,,,,,frisch abgestorben
,,,esch,12,1,,,,,,,,,
,,,esch,9,1,,,,,,,,,
,,,bah,9,,,,,,,,,,
,,,esch,11,1,,,,,,,,,
,,,bah,8,,,,,,,,,,
,,,rbu,22,,,,,,,,,,
,,,esch,16,1,,,,,,,,,
,,,esch,6,3,,,t2,,,,,,
,,,esch,9,,,,,,,,,,frisch abgestorben
,,,bah,12,,,,,,,,,,
,,,esch,18,2,,,,,,1,,,
,,,esch,6,1,,,,,,,,,
,,,sah,8,,,,,,,,,,
,,,esch,9,1,,,,,,,,,
,,,esch,8,2,,,1,,,,,,
,,,esch,10,1,,,,,,,,,
,,,esch,9,1,,,,,,,,,
,,sw,esch,16,1,,,,,,,,,
,,,sah,13,,,,,,,,,,
,,nw,esch,12,3,,,2,,,,,,
,,,bah,10,,,,,,,,,,
,,,bah,9,,,,,,,,,,
,,,esch,6,1,1,,,,,,,,
,,,bah,7,,,,,,,,,,
,,,bah,8,,,,,,,,,,
,,,bah,9,,,,,,,,,,
,,,esch,10,1,,,,,,,,,
,,,esch,18,1,,,,t1,,,,,
,,,bah,11,,,,,,,,,,
,,,bah,8,,,,,,,,,,
,,,bah,10,,,,,,,,,,
,,,bah,10,,,,,,,,,,
,,,esch,5,2,,,,,,,t1,,
,,,bah,10,,,,,,,,,,
,,,esch,6,1,1,,,,,,,,
,,,bah,14,,,,,,,,,,
,,,bah,12,,,,,,,,,,
,,,esch,17,,,,,,,,,,frisch abgestorben
,,no,esch,16,1,,,,,,,,,
,,,esch,12,1,,,,,,,,,
,,,bah,12,,,,,,,,,,
8806,,nw,esch,7,1,,,,,,,,,
,,,esch,17,2,,,,,,,,,
,,,bah,11,,,,,,,,,,
,,,rbu,12,,,,,,,,,,
,,,esch,12,1,,,,,,,,,
,,,esch,10,1,,,,,,,,,stark umgeknickt
,,,esch,10,1,,,,,,,,,
,,,esch,11,1,,,,,,,,,stark umgeknickt
,,no,esch,5,1,1,,,,,,,,
,,,esch,8,1,,,,,,,,,
,,,esch,9,2,,t1,,,,,,,
,,so,esch,11,1,,,,t1,,,,,
,,,esch,10,1,,,,,,,,,
,,,esch,16,1,,,,,,,,,
,,,esch,8,1,,,,,,,,,
,,sw,esch,10,1,,,,,,,,,
,,,esch,6,1,1,,,,,,,,
,,,bah,7,,,,,,,,,,
,,,esch,13,1,,,,,,,,,
,,,bah,15,,,,,,,,,,
,,,esch,10,1,,,,,,,,,stark umgeknickt
8807,,nw,esch,8,1,1,,,,,,,,
,,,bah,10,,,,,,,,,,
,,,bah,6,,,,,,,,,,
,,,rbu,13,,,,,,,,,,
,,,esch,6,1,,,,,,,,,
,,,bah,11,,,,,,,,,,
,,,esch,7,1,,,,,,,,,
,,so,esch,6,2,,t1,,,,,,,
,,,esch,9,1,,,,,,,,,
,,,esch,8,2,,,,,,,1,,
,,,bah,7,,,,,,,,,,
,,,rbu,12,,,,,,,,,,
,,,ulme berg,14,,,,,,,,,,
,,,rbu,15,,,,,,,,,,
,,,bah,7,,,,,,,,,,
8808,,so,esch,7,1,1,,,,,,,,
,,,esch,5,1,1,,,,,,,,
,,,rbu,9,,,,,,,,,,
,,,esch,7,1,,,,,,,,,
,,,sah,7,,,,,,,,,,
,,sw,esch,10,1,,,,,,,,,
,,,esch,12,1,,,,,,,,,
,,,esch,7,1,,,,,,,,,
,,,esch,3,1,,,,,,,,,stark umgeknickt
,,,esch,4,1,,,,,,,,,
,,,esch,9,1,,,,,,,,,
,,,bah,9,,,,,,,,,,
,,,esch,10,1,,,,,,,,,
,,,esch,6,3,,,t1,,,,,,
,,,esch,6,1,1,,,,,,,,
,,no,esch,10,1,,,,,,,,,
8809,,,Ulme Berg,22,,,,,,,,,,
,,,Esch,9,,,,,,,,,,
,,sw,Esch,8,1,1,,,,,,,,
,,,Esch,11,3,,,t1,,,,,,
,,,rbu,11,,,,,,,,,,
,,,Esch,8,1,1,,,,,,,,
,,nw,Esch,9,1,,,,,,,,,
,,,Esch,7,1,,,,,,,,,
,,,bah,8,,,,,,,,,,
,,,Esch,7,1,,,,,,,,,
,,,Esch,6,1,,,,,,,,,
,,,Esch,9,1,,,,,,,,,
,,,Esch,6,1,1,,,,,,,,
,,,rbu,10,,,,,,,,,,
,,,bah,14,,,,,,,,,,
8810,,sw,Esch,13,1,,t1,,,,,,,"grüne Höhe 6cm, viele frisch tote Eschen"
,,,Esch,8,3,,t2,,,,,,,
,,,Esch,7,1,,,,,,,,,
,,,Esch,16,1,,,,,t1,,,,
,,,Esch,6,1,,,,,,,,,
,,,Esch,5,1,,,,,,,,,
,,,Esch,7,1,,,,,,,,,
,,,Esch,9,2,,,,,,,,,
,,,Esch,7,1,1,,,t1,,,,,
,,,Esch,7,1,,,,,,,,,
,,,Esch,9,1,,,,,,,,,
,,,Esch,6,1,,,,,,,,,
,,,Ulme Berg,15,,,,,,,,,,
,,,Esch,7,5,,t5,,,,,,,
,,,Esch,7,1,,,,,,,,,
,,,Esch,5,1,,,,,,,,,
,,,rbu,9,,,,,,,,,,
,,,Esch,9,1,,,,,,,,,
,,,bah,15,,,,,,,,,,
,,,bah,6,,,,,,,,,,
,,,bah,10,,,,,,,,,,
,,,Esch,7,1,1,,,,,,,,
,,,Esch,14,1,,,,,,,,,
,,,rbu,9,,,,,,,,,,
,,,Esch,18,1,,,,t1,,,,,grüne Höhe 9
,,,Esch,14,1,,,,,,,,,
,,,Esch,20,1,,,,,,,,,
,,,Esch,16,1,,,,,,,,,
,,,Esch,12,1,,,,,,,,,
,,,Esch,16,2,,,t1,1,,,,,
,,,Esch,5,1,,,,t1,,,,,
,,,bah,16,,,,,,,,,,
,,,bah,12,,,,,,,,,,
,,,bah,12,,,,,,,,,,
,,,Esch,7,2,,,,,,,1,,
,,,Esch,6,1,,,,,,,,,
,,,Esch,6,1,,,,,,,,,
,,,Esch,12,3,,t2,,,,,,,
,,,Esch,14,2,,1,,,,,,,
,,,Esch,15,1,,,,,,,,,
,,,Esch,20,1,,,,,,,,,
,,,Esch,11,3,,t2,,1,,,,,
,,,Esch,5,2,,,,,,,1,,stark umgeknickt
,,,Esch,12,1,,,,,,,,,
,,so,Esch,14,2,,1,,,,,,,
,,,Esch,4,1,,,,,,,,,
,,,Esch,10,2,,,,,,,,,
,,,Esch,16,1,,t1,,,,,,,
,,,Esch,19,2,,,,,,,,,
,,,Esch,8,2,,,,,,,t1,,
,,,Esch,9,4,,,t3,,,,,,
,,,Esch,19,3,,,,,,,1,,
,,,bah,13,,,,,,,,,,
,,,Esch,11,5,,,,,,t2,,,
,,,Esch,14,2,,,,t2,,,,,
,,,Esch,13,1,,,,t1,,,,,
,,nw,Esch,17,3,,,,,,,,,
,,,Esch,10,2,,,,,,1,,,
,,,bah,16,,,,,,,,,,
,,,Esch,5,1,1,,,,,,,,
,,,Esch,21,6,,,,,,,1,,
,,,Esch,6,1,,,,,,,,,
,,,Esch,8,4,,,t1,,,,,,
,,,bah,12,,,,,,,,,,
,,,Esch,16,2,,1,,,,,,,
,,,Esch,15,1,,,,,,,,,
,,,Esch,17,1,,,,,,,,,
,,,Esch,7,1,,,,,,,,,
,,,Esch,8,2,,,,,,1,,,
,,,Esch,12,1,,,,,,,,,
,,,Esch,15,2,,,,,,,,,
,,,Esch,8,3,,t2,,,,,,,
,,,Esch,19,1,,,,,,,,,
,,,Esch,7,2,,t1,,1,,,,,
,,,Esch,15,1,,,,t1,,,,,
,,,Esch,9,4,,,t1,,,,,,
,,,rbu,14,,,,,,,,,,
,,,Esch,7,1,,,,,,,,,
,,,Esch,12,1,,,,t1,,,,,
,,,Esch,12,1,,,,,,,,,
,,,bah,6,,,,,,,,,,
,,,Esch,4,2,,t2,,,,,,,
,,,Esch,15,1,,,,,,,,,
,,,Esch,20,2,,,,,,,,,
,,,Esch,11,1,,,,,,,,,
,,,bah,8,,,,,,,,,,
,,no,Esch,11,4,,,1,,,,,,
,,,Esch,5,1,1,,,,,,,,
,,,bah,8,,,,,,,,,,
8811,,sw,Esch,12,1,,,,,,,,,
,,,bah,11,,,,,,,,,,
,,,Esch,8,1,,,,,,,,,
,,,Esch,6,1,1,,,t1,,,,,
,,,Esch,9,1,,,,,,,,,
,,,Esch,12,3,,,,,,1,,,
,,,Esch,4,1,1,,,,,,,,
,,,Esch,4,2,,t1,,,,,,,
,,so,Esch,8,1,,,,,,,,,
,,,Esch,9,1,,,,,,,,,
,,,Esch,6,1,,,,,,,,,
,,,Esch,6,1,,,,,,,,,
,,nw,Esch,10,2,,,,,1,,,,
,,,Esch,8,1,,,,,,,,,
,,,Esch,6,1,1,,,,,,,,
,,,Esch,8,1,,,,,,,,,
,,,Esch,9,6,,,,,,1,,,
,,,Esch,10,1,,,,,,,,,
,,,wli,5,,,,,,,,,,
,,,Esch,7,1,,,,,,,,,
,,,Esch,6,1,,,,,,,,,
,,,Esch,10,1,,,,,,,,,
,,,Esch,12,1,,,,,,,,,
,,,bah,10,,,,,,,,,,
,,,Esch,9,1,,,,,,,,,
,,,Esch,8,1,,,,,,,,,
,,,Esch,6,2,,,,,,,1,,
,,no,Esch,6,1,,,,,,,,,
8812,,nw,Esch,14,2,,,,,,1,,,
,,,Esch,12,1,,,,,t1,,,,
,,,Esch,7,1,1,,,,,,,,
,,,Esch,10,2,,,,,,t1,,,
,,,Esch,12,3,,,,,,t1,,,
,,,Esch,10,3,,,,,,t1,,,
,,,Esch,11,2,,,,,,,,,
,,,Esch,6,1,,,,,t1,,,,
,,no,Esch,12,2,,,,,,,t1,,
,,,Esch,13,2,,,,,,,t1,,
,,,Esch,8,1,,,,,,,,,
,,,Esch,18,1,,,,,t1,,,,
,,,Esch,15,1,,,,,,,,,
,,so,Esch,10,2,,,t1,,,,,,
,,,Esch,13,4,,,1,,,,,,
,,,Esch,10,3,,,,,t1,,,,
,,,Esch,13,1,,,,,t1,,,,
,,sw,Esch,13,4,,,,,1,,,,
8813,,sw,Esch,12,2,,,,,,,1,,
,,,Esch,13,1,,,,,,,,,
,,,Esch,9,2,,,t1,,,,,,
,,,Esch,4,2,,,,,,,,,
,,,Esch,13,3,,,,,,2,,,
,,,Esch,8,1,,,,,,,,,
,,,Esch,10,1,,,,,,,,,
,,,Esch,8,1,,,,,,,,,
,,,Esch,9,1,1,,,,,,,,
,,,Esch,8,1,,,,,,,,,
,,,Esch,16,1,,,,,,,,,
,,,Esch,16,2,,,,,,,,,
,,,Esch,16,1,,,,,,,,,
,,,Esch,12,3,,,,,,,t3,,krebs galle
,,,Esch,13,1,,,,,,,,,
,,,wli,5,,,,,,,,,,
,,,Ulme Berg,6,,,,,,,,,,
,,nw,Esch,14,1,,,,,,,,,
,,,Esch,7,1,,,,,,,,,
,,no,Esch,11,1,,,,,,,,,
,,,Esch,6,1,1,,,,,,,,
,,,Esch,14,3,,1,,,,,1,,
,,,rbu,27,,,,,,,,,,
,,,Esch,10,1,,,,,,,,,
,,,Esch,14,1,,,,,,,,,
,,,Esch,17,1,,,,,t1,,,,
,,,Esch,8,2,,,,,,,,,
,,,wli,9,,,,,,,,,,
,,,Esch,9,1,,,,,,,,,
,,,wli,8,,,,,,,,,,
,,,Esch,12,1,,,,,,,,,
,,,Esch,14,2,,,1,,,,,,
,,,bah,14,,,,,,,,,,
,,,Esch,14,1,,,,,,,,,
,,,Esch,10,1,,,,,,,,,
,,,Esch,6,1,1,,,,,,,,
,,,bah,10,,,,,,,,,,
,,,Esch,10,1,,,,,,,,,
,,so,Esch,13,1,,,,,,,,,
,,,bah,11,,,,,,,,,,
8814,,,Esch,6,1,1,,,,,,,,
,,so,Esch,11,1,,,,,,,,,matschig
,,,Esch,8,1,,,,,,,,,
,,,bah,10,,,,,,,,,,
,,,Esch,16,1,,,,,,,,,
,,,Esch,4,1,1,,,,,,,,
,,,Esch,9,1,,,,,,,,,
,,,Esch,9,1,,,,,,,,,
,,,Esch,4,1,,,,,,,,,stark umgeknickt
,,sw,Esch,12,3,,,,,,,,,
,,,Esch,19,1,,,,,,,,,
,,,Esch,11,1,,,,,,,,,
,,,Esch,11,1,,,,,t1,,,,
,,,rbu,45,,,,,,,,,,
,,,rbu,15,,,,,,,,,,
,,nw,Esch,16,2,,,,,,1,,,leicht ausgegraben
8815,,no,Esch,10,2,,,1,,,,,,
,,,Esch,12,1,,,,,,,,,
,,,Esch,12,1,,,,,,,,,
,,,Esch,8,1,,,,,,,,,
,,,Esch,9,1,,,,,,,,,
,,,bah,16,,,,,,,,,,
,,,Esch,20,2,,,,,,,,,
,,,bah,13,,,,,,,,,,
,,,Esch,8,1,,,,,,,,,stark umgeknickt
,,,Esch,10,1,,,,,,,,,
,,,Esch,10,2,,,,,,,,,
,,,Esch,8,1,,,,,,,,,
,,,bah,12,,,,,,,,,,
,,,bah,12,,,,,,,,,,
,,so,Esch,13,2,,,1,,,,,,
,,,Esch,10,2,,,,,,,,,stark umgeknickt
,,,Esch,7,1,,,,,t1,,,,
,,,hbu,19,,,,,,,,,,
,,,Esch,3,1,,,,,,,,,stark umgeknickt
,,,Esch,9,2,,,,,,,,,
,,,Esch,8,1,,,,,,,,,
,,sw,Esch,20,2,,,,,,,,,stark umgeknickt
,,,wli,11,,,,,,,,,,
,,,wli,9,,,,,,,,,,
,,,Esch,22,6,,,,,,,2,,
,,,bah,10,,,,,,,,,,
,,,Esch,13,1,,,,,,,,,stark umgeknickt
,,,Esch,9,2,,,t1,,,,,,stark umgeknickt
,,,bah,13,,,,,,,,,,
,,,Esch,9,1,,,,t1,,,,,stark umgeknickt
,,,Esch,19,2,,,,,,,,,
,,,bah,11,,,,,,,,,,
,,,wli,8,,,,,,,,,,
,,,Esch,7,1,,,,,,,,,
,,,Esch,8,2,,,,,,1,,,
,,,Esch,11,1,,,,,,,,,
,,,Esch,20,4,,,,,,,,,
,,,Esch,10,1,,,,,,,,,
,,nw,Esch,11,1,,,,,,,,,
