Plotnummer,Rueckegasse,Esche markiert,Gefunden,Baumart,Hoehe,Anzahl Triebe,Einjaehriger Saemling,ETS abgestorben frisch,ETS abgestorben alt,ETS lebend,Verbiss lebend,Verbiss tot,Sonstige Gruende tot,Gruene Hoehe,Aceria fraxinivora,Nicht gerade,Bemerkungen
8901,,no,t,esch,16,4,,,,,,1,,,,,
8901,,sw,t,esch,16,2,,,,,,1,,,,,
8901,,,,rbu,31,,,,,,,,,,,,
8902,,,,WeideSa,14,,,,,,,,,,,,
8902,,,,WeideSa,19,,,,,,,,,,,,
8902,,,,esch,5,2,,,,,,,,,,x,
8902,,,,esch,7,1,,,,,,,,,,,
8902,,no,t,esch,10,1,,,,,,,,,,,
8902,,,,esch,10,1,,,,,,,,,,,
8902,,so,t,esch,7,1,,,,,,,,,,,
,,,,esch,6,1,t,,,,,,,,,,
,,,,esch,7,1,t,,,,,,,,,,
8903,,,,esch,10,1,,,,,,,,,,,
,,,,esch,7,4,,,,,,,3,,,,
,,,,rbu,10,,,,,,,,,,,,
,,sw,t,esch,17,3,,,,,,1,,,,,
,,,,esch,8,1,,,,,,,,,,,
,,so,t,esch,10,1,,,,,,,,,,,
,,nw,t,esch,10,1,,,,,,,,,,,
8904,,,,WeideSa,25,,,,,,,,,,,,
,,,,WeideSa,10,,,,,,,,,,,,
,,,,hainBu,29,,,,,,,,,,,,
,,,,rbu,16,,,,,,,,,,,,
,,no,t,esch,19,1,,,,,,,,,,,
,,,,WeideSa,8,,,,,,,,,,,,
,,,,esch,8,1,,,,,,,,,,,
,,nw,f,,,,,,,,,,,,,,
,,so,t,esch,12,5,,,,,1,2,,,,,
,,,,esch,9,3,,,,,,1,,,,,
,,,,esch,6,1,t,,,,,,,,,,
,,sw,t,esch,11,1,,,,,,,,,,,
,,,,esch,11,2,,,,,t1,,,7,,,
,,,,esch,9,1,,,,,,,,,,,
,,,,esch,9,2,,,,,,,1,,,,
,,,,esch,14,1,,,,,,,,,,,
,,,,esch,15,3,,,,,,1,1,,,,
8905,,no,t,esch,10,1,,,,,,,,,,,
,,,,rbu,18,,,,,,,,,,,,
,,so,t,esch,7,1,,,,,,,,,,,
,,,,esch,6, ,,,,,,,,,,,vergilbt
,,,,esch,10,3,,,,,,,2,,,,
,,nw,t,esch,10,1,,,,,,,,,,,
,,,,rbu,15,,,,,,,,,,,,
8906,,,,wli,11,,,,,,,,,,,,
,,,,esch,5,1,,,,,,,,,,,
,,nw,t,esch,14,1,,,,,,,,,,,
,,,,esch,13,1,,,,,,,,,,,
,,,,esch,10,1,,,,,,,,,,,
,,,,esch,12,1,t,,,,,,,,,,
,,,,esch,13,2,,,,,,,,,,,
,,no,f,,,,,,,,,,,,,,
,,so,t,esch,10,1,,,,,,,,,,,
8907,,nw,t,esch,18,3,,,,,t2,,,,,,
,,,,esch,16,3,,,,,t1,1,,,,,
,,,,esch,19,7,,,4,,1,,,15,,,
,,sw,t,esch,17,1,,,,,,,,,,,
,,,,esch,11,3,,,,,,1,,,,,
,,no,t,esch,14,2,,,,,,t1,,13,,,
,,,,rbu,34,,,,,,,,,,,,
,,so,t,esch,13,1,,,,,,,,,,,
8908,,sw,t,esch,7,1,,,,,,,,,,,
,,,,esch,13,1,,,,,,,,,,,
,,nw,t,esch,10,1,,,,,,,1,,,,
,,,,esch,7,1,,,,,,,,,,,
,,so,t,esch,9,1,,,,,,,,,,,
8909,,sw,t,esch,13,3,,,,,,,,,,,
,,,,esch,12,3,,,,,,,2,,2,,
,,Mitte,t,esch,13,2,,,,,,,,,,,
,,nw,t,esch,6,1,,,,,,,,,,,
8910,,nw,t,esch,7,1,,,,,,,,,,,Baum 33 liegt im Plot
,,,,esch,11,1,,,,,,,,,,,
,,,,esch,19,2,,,,,,,,,,,
,,,,esch,9,1,,,,,,,,,,,
,,,,esch,9,1,,,,,,,,,,,
,,,,esch,7,1,,,,,,,,,,,
,,no,t,esch,11,3,,,,,,,3,,,,
,,,,esch,9,1,,,,,,,,,,,
,,sw,t,esch,9,1,,,,,,,,,,,
,,,,esch,20,3,,,,,,,,,,,
,,,,esch,12,1,,,,,,,,,,,
,,,,esch,20,2,,,,,,,1,,,,
,,so,t,esch,11,1,,,,,,,,,,,
,,,,esch,8,1,t,,,,,,,,,,
,,,,esch,6,1,,,,,,,,,,,
8911,,no,t,esch,8,1,,,,,,,,,,,
,,,,esch,4,2,,,,,,,1,,,,
,,,,esch,11,1,,,,,,,,,,,
,,,,esch,6,1,t,,,,,,,,,,
,,so,t,esch,8,1,,,,,,,,,,,
,,Mitte,t,esch,6,1,,,,,,,1,,,,
,,nw,t,esch,7,1,,,,,,,,,,,
8912,,,,esch,8,2,,,,,,,1,7,,,
8913,,nw,t,esch,12,1,,,,,,,,,,,
,,Mitte,t,esch,4,2,,,,,1,,,,,,
,,sw,t,esch,8,1,,,,,,,1,,,,
,,,,esch,11,1,,,,,,,,,,,
8914,,no,t,esch,11,1,,,,,,,,,,,
,,,,rbu,18,,,,,,,,,,,,
,,nw,t,esch,5,1,,,,t1,,,,,,,
,,,,rbu,10,,,,,,,,,,,,
,,sw,t,esch,13,1,,,,t1,,,,,,,
,,,,esch,14,1,,,,,,,,,,,
,,,,esch,11,1,,,,t1,,,,,,,
,,so,t,esch,6,1,,,,t1,,,,5,,,
,,,,esch,11,1,,t1,,,,,,4,,,
8915,,,, ,,,,,,,,,,,,,keine Bäume
8916,,no,t,esch,8,1,,,,,,,,,,,
,,nw,t,esch,9,3,,,,,,,,,,,
,,,,bah,13,,,,,,,,,,,,
,,sw,t,esch,3,1,,,,,,,t1,,,,
,,,,esch,11,1,,,,,,,,,,,
8917,,no,t,esch,8,1,,,,,,,,,,,
,,nw,t,esch,13,3,,,,,,,,,,,
,,,,esch,15,2,,,,,,1,,,,,
,,,,esch,12,1,,,,,,,,,,,
,,sw,t,esch,11,1,,,,,,,,,,,
,,,,esch,20,3,,,,,,,,,,,
,,,,esch,16,1,,,,,,,,,,,
,,so,t,esch,7,1,,,,,,,,,,,
,,,,esch,17,4,,,,,,,,,,,
,,,,esch,14,1,,,,,,,,,,,
8918,,so,t,esch,28,1,,,,,,,,,,,
,,,,rbu,21,,,,,,,,,,,,
,,,,esch,26,2,,,,,,1,,,,,
,,nw,t,esch,10,1,,,,,,,,,,,
,,,,rbu,62,,,,,,,,,,,,
8919,,no,t,esch,10,1,,,,,,,,,,,
,,,,esch,10,1,,,,,,,,,,,
,,,,esch,7,1,,,,,,,,,,,
,,,,rbu,16,,,,,,,,,,,,
,,nw,t,esch,12,1,,,,,,,,,,,
,,,,esch,8,1,,,,,,,,,,,
,,,,esch,9,1,,,,,,,,,,,
,,,,rbu,20,,,,,,,,,,,,
,,,,esch,16,3,,,,,,t1,,14,,,
,,,,esch,8,1,,,,,,,,,,,
,,sw,t,esch,21,1,,,,,,,t1,,,,
,,,,rbu,17,,,,,,,,,,,,
,,so,t,esch,7,1,,,,,,,,,,,
8920,,mitte,t,esch,9,1,,,,,,,,,,,
,,,,esch,14,3,,t1,,,,,,12,,,
,,no,t,esch,12,2,,,,,,,,,,,
,,nw,t,esch,10,2,,,,,,,t2,,,,
,,,,esch,16,1,,,,,,,,,,,
,,,,esch,15,1,,,,,,,,,,,
,,sw,t,esch,12,2,,,,,,,,,,,
,,,,bah,43,,,,,,,,,,,,
,,,,esch,27,3,,,,,,,,,,,
,,,,rbu,100,,,,,,,,,,,,
,,,,esch,14,1,,,,,,,,,,,
,,,,esch,6,1,,,,,,,,,,,
,,,,esch,7,1,,,,,,,,,,,
8921,,,,bah,19,,,,,,,,,,,,
,,so,t,esch,15,1,,,,,,,,,,,
,,,,kirsche,14,,,,,,,,,,,,
,,mitte,t,esch,27,4,,,,,,1,1,,,,
8922,,no,t,esch,29,5,,,,,,t1,,29,,,
,,,,esch,30,3,,,,,,,,,,,
,,nw,t,esch,11,1,,,,,,,,,,,
,,,,esch,16,2,,,,,,,,,,,
,,mitte,t,esch,6,1,,,,,,,,,,,
,,,,esch,9,1,,,,,,,,,,,
,,,,esch,8,2,,,,,,,,,,,
,,so,t,esch,17,2,,,,,,,,,,,
,,,,esch,27,2,,,,,,,,,,,
8923,,nw,t,esch,15,2,,,,,,,,,,,
,,,,esch,43,6,,,,,,t1,,42,,,
,,,,hbu,41,,,,,,,,,,,,
,,no,t,esch,21,5,,,,,,1,,,,,
,,,,esch,29,6,,,,,2,t2,,23,,,
,,,,esch,34,7,,,,,t1,2,,33,,,
,,sw,t,esch,37,8,,,,,1,t2,,30,,,
,,,,esch,35,5,,,,,1,,,,,,
,,so,t,esch,36,5,,,,,t3,,,33,,,
,,,,esch,28,4,,,,,1,,,,,,
,,,,esch,27,3,,,,,,,,,,,
,,,,esch,10,2,,,,,,1,,,,,
,,,,esch,5,1,t,,,,,,,,,,
8924,,no,t,esch,8,2,,,,,,,,,,,
,,,,esch,9,1,,,,,,,,,,,
,,,,bah,15,,,,,,,,,,,,
,,so,t,esch,13,1,,,,,,,,,,,
,,,,esch,10,1,,,,,,,,,,,
,,,,esch,19,6,,,,,,,t5,17,5,,
,,sw,t,esch,10,2,,,,,,,,,,,
,,,,esch,12,1,,,,,,,,,,,
,,,,bah,8,,,,,,,,,,,,
,,nw,t,esch,11,1,,,,,,,,,,,
,,,,esch,7,1,,,,,,,,,,,
,,,,esch,8,1,,,,,,,,,,,
8925,,nw,t,esch,10,1,,,,,,,,,,,
,,,,esch,9,1,,,,,,,,,,,
,,,,esch,8,1,,,,,,,,,,,
,,mitte,t,esch,9,1,,,,,,,,,,,
,,,,esch,8,2,,,,,,,,,,,
,,so,t,esch,12,1,,,,,t1,,,,,,
,,,,esch,17,1,,,,,,,,,,,
8926,,nw,t,esch,9,1,,,,,,,,,,,
8927,,nw,t,esch,5,1,,,,,,,,,,,
,,,,rbu,25,,,,,,,,,,,,
,,,,esch,19,1,,,,,,,,,,,
,,,,esch,4,1,,,,,t1,,,,,,
,,,,bah,16,,,,,,,,,,,,
,,so,t,esch,4,1,,,,,,,t1,,,,
8928,,nw,t,esch,9,1,,,,,,,,,,,
,,,,esch,10,1,,,,,,,,,,,
,,,,esch,17,1,,,,t1,,,,,,,
,,,,esch,11,1,,,,,,,,,,,
,,,,esch,15,1,,,,,,,,,,,
,,,,esch,21,1,,,,,,,,,,,
,,,,esch,21,1,,,,,,,,,,,
,,,,esch,12,1,,,,,,,,,,,
,,,,esch,10,1,,,,,,,,,,,
,,,,kirsche,26,,,,,,,,,,,,
,,no,t,esch,10,1,,,,,,,,,,,
,,,,esch,14,1,,,,,,,,,,,
,,sw,t,esch,14,3,,,,,,,1,,,,
,,,,esch,19,6,,,,,,1,,,,,
,,,,esch,20,5,,,t3,,,,,12,,,
,,,,esch,21,6,,,,,,1,,,,,
,,,,esch,12,1,,,,,,,,,,,
,,,,esch,23,7,,,,,,1,,,,,
,,so,t,esch,23,3,,,,,,,1,,,,
,,,,rbu,25,,,,,,,,,,,,
,,,,esch,11,1,,,,,,,,,,,
8929,,no,t,esch,25,3,,,,,,1,,,,,
,,,,esch,18,4,,,t2,,,,,9,,,
,,,,Sah,28,,,,,,,,,,,,
,,,,esch,12,1,,,,,,,,,,,
,,,,esch,15,3,,1,,,,,1,,,,
,,so,t,esch,27,1,,,,,,,,,,,
,,,,esch,32,3,,,,,,,1,,,,
,,sw,t,esch,18,2,,,,,,,,,,,
,,,,esch,14,5,,,,,,,2,,,,
,,nw,t,esch,13,1,,,,,,,,,,,
,,,,esch,21,4,,,t1,,,,,12,,,
8930,,,,rbu,49,,,,,,,,,,,,
,,no,t,esch,14,3,,,,,,,,,,,
,,,,rbu,26,,,,,,,,,,,,
,,,,esch,12,2,,,,,,,,,,,
,,,,esch,15,2,,,t1,,,,,10,,,
,,,,esch,18,4,,,,,,,2,,,,
,,,,esch,28,4,,,,,t1,1,,,,,
,,,,rbu,18,,,,,,,,,,,,
,,,,esch,19,1,,,,,,,,,,,
,,,,esch,19,5,,,,,,,,,,,
,,,,esch,25,7,,,,,,1,2,,1,,
,,,,esch,21,7,,,,,,,3,,,,
,,,,esch,10,9,,,1,,,,6,,,,
,,,,esch,20,1,,,,,,,,,,,
,,,,esch,19,2,,,t1,,,,,16,,,
,,so,t,esch,13,2,,,,,,,1,,,,
,,sw,t,esch,17,3,,,,,,,,,,,
,,,,esch,22,2,,,,,,,,,,,
,,,,rbu,23,,,,,,,,,,,,
,,,,rbu,33,,,,,,,,,,,,
,,,,bah,12,,,,,,,,,,,,
,,,,esch,10,2,,,,,,,,,,,
,,,,esch,12,1,,,,,,,,,,,
,,,,esch,10,2,,,,,,,,,,,
,,nw,t,esch,23,2,,,1,,,,,,,,
8931,,so,t,esch,16,1,,,,,t1,,,,,,
,,,,Sah,18,,,,,,,,,,,,
,,,,esch,12,1,,,,,,,,,,,
,,,,esch,12,1,,,,,,,,,,,
,,mitte,t,esch,6,1,,,,,,,1,,,,ganz  tot
,,sw,t,esch,23,4,,,,,t1,,,,,,
,,,,esch,10,1,,,,,,,,,,,
,,,,esch,22,2,,,,,,,,,,,
,,nw,t,esch,12,3,,,,,,,,,,,
8932,,no,t,esch,8,1,,,,,,,,,,,
,,,,esch,9,1,,,,,,,,,,,
,,,,esch,11,1,,,,,,,,,,,
,,so,t,esch,5,1,,,,,,,,,,,
,,,,esch,5,1,,,,,,,,,,,
,,sw,t,esch,15,1,,,,,,,,,,,
,,,,esch,10,1,,,,,,,,,,,
,,,,esch,13,5,,,1,,,,,,,,
,,,,bah,34,,,,,,,,,,,,
,,,,esch,14,1,,,,,,,,,,,
,,,,esch,12,2,,,,,,,,,,,
,,,,esch,8,1,,,,,,,,,,,
,,,,bah,11,,,,,,,,,,,,
,,,,esch,14,2,,,,,,,1,,,,
,,nw,t,esch,6,1,,,,,,,,,,,
8933,,,,esch,8,1,t,,,,,,,,,,
,,no,t,esch,14,1,,,,,,,,,,,
,,,,esch,19,1,,,,,,,,,,,
,,mitte,t,esch,14,1,,,,,,,,,,,
,,,,esch,12,1,,,,,,,,,,,
,,,,esch,7,1,,,,,,,,,,,
,,nw,t,esch,19,1,,,,,,,,,,,
8934,,nw,t,esch,29,6,,1,,,t1,,,26,,,
,,,, esch,20,1,,,,,,,,,,,
,,,,bah,21,,,,,,,,,,,,
,,,,rbu,23,,,,,,,,,,,,
,,,,esch,15,3,,,,,2,,,,,,
,,,,esch,26,1,,,,,,,,,,,
,,,,esch,14,12,,,,,,1,,,,,
,,Mitte,t,esch,22,4,,,,,,,4,,,,tot
,,,,esch,12,1,,,,,,,,,,,
,,,,esch,13,1,,,,,1,,,,,,
,,sw,t,esch,19,2,,,,,,,2,,,,tot
,,,,rbu,24,,,,,,,,,,,,
8935,t,nw,t,esch,13,1,,,,,,,,,,,
,,,,WeideSa,17,,,,,,,,,,,,
,,,,WeideSa,22,,,,,,,,,,,,
,,,,WeideSa,20,,,,,,,,,,,,
,,,,WeideSa,20,,,,,,,,,,,,
,,,,WeideSa,42,,,,,,,,,,,,
8936,t,no,t,esch,14,1,,,,,,,1,,,,
,,,,esch,5,1,,,,,,,,,,,
,,Mitte,t,esch,11,1,,,,,,1,,,,,
,,,,esch,6,1,t,,,,,,,,,,
,,nw,t,esch,7,2,,,,,,,,,,,
,,,,esch,13,2,,,,,,,,,,,
,,,,esch,13,1,,,,,,,,,,,
,,,,esch,4,1,,,,,,,,,,,
,,,,esch,8,1,,,,,,,,,,,
,,,,esch,9,1,,,,,,,,,,,
,,,,esch,9,1,,,,,,,,,,,
,,,,esch,10,1,,,,,,,,,,,
,,,,esch,9,1,,,,,,,,,,,
,,sw,t,esch,5,3,,,,,,,,,,,
8937,t,no,t,esch,10,1,,,,,,,,,,,
,,so,t,esch,7,1,,,,,,,,,,,
,,,,esch,12,2,,,,,,,,,,,
,,,,esch,9,1,,,,,,,,,,,
,,,,esch,7,1,,,,,,,,,,,
,,,,esch,7,1,,,,,,,,,,,
,,,,esch,8,2,,,,,,,1,,,t,liegend
,,,,lindewi,40,,,,,,,,,,,,
,,sw,t,esch,6,1,,,,,,,,,,,
,,,,esch,9,1,,,,,,,,,,,
8938,t,,,esch,7,1,,,,,,,,,,,
,,sw,t,esch,6,1,,,,,,,,,,,
,,,,esch,4,2,,,,,t1,,,,,,
,,,,esch,11,1,,,,,,,1,,,,
,,,,esch,10,2,,,t1,,,,,6,,,
,,no,t,esch,9,1,,,,,,,,,,,keine Blätter
,,,,esch,21,1,,,,,,,,,,,
,,nw,t,esch,7,2,,1,,,,,,,,,
8939,t,sw,t,esch,19,1,,,,,,,,,,,
,,,,esch,37,2,,,,,t1,,,,,,
,,,,esch,20,2,,,,,,,,,,,
,,mitte,t,esch,19,1,,,,,t1,,,15,,,
,,,,esch,13,1,,,,,,,,,,,
,,,,rbu,34,,,,,,,,,,,,
,,,,bah,28,,,,,,,,,,,,
,,,,esch,17,2,,,,,,,,,,,
,,,,esch,11,1,,,,,,,,,,,
,,,,esch,20,1,,,,,,,,,,,
,,no,t,esch,12,1,,,,,,,,,,,
,,,,esch,18,2,,,,,,,,,,,
,,,,Sah,16,,,,,,,,,,,,
8940,t,,,rbu,127,,,,,,,,,,,,wird von linde domeniert
,,,,lindewi,120,,,,,,,,,,,,
,,nw,t,esch,4,1,,,,,,,1,,,,tot
,,,,esch,14,5,,,,,,,4,,,,
,,,,esch,17,4,,,,,,,,,,,
,,,,esch,18,1,,,,,,,,,,,
,,sw,t,esch,13,2,,,,,,,1,,,,
,,,,esch,9,1,,,,,,,,,,,
,,,,lindewi,18,,,,,,,,,,,,
,,,,esch,20,3,,,,,,,1,,,,
,,no ,f  ,,,,,,,,,,,,,,
8941,t,no,t,esch,8,1,,,,,,,,,,,
,,,,esch,8,1,,,,,,,,,,,
,,,,esch,9,2,,,,,,,,,,,
,,,,esch,13,1,,,,,,,,,,,
,,,,esch,27,3,,,,,,1,1,,,,
,,,,rbu,28,,,,,,,,,,,,
,,,,esch,12,2,,,,,,1,,,,,
,,so,t,esch,13,1,,,,,,,,,,,
,,,,esch,12,1,,,,,,,,,,,
,,,,esch,9,1,,,,,,,,,,,
,,,,rbu,29,,,,,,,,,,,,
,,,,esch,7,1,,,,,,,,,,,
,,nw,t,esch,22,2,,,,,,,2,,,,tot
,,,,esch,5,1,,,,,,,,,,,
,,sw,t,esch,11,1,,,,,,,,,,,
8957,,no,t,esch,10,1,,,,,,,,,,,"Buche 101 steht auf der Nordostecke des Plots, Nordost Esche wurde letztes Mal übersehen, aber markeirt"
,,,,esch,7,1,,,,,,,,,,,
,,mitte,t,esch,8,1,,,,,,,,,,,
,,sw,t,esch,9,1,,,,,,,t1,,,,tot
,,so,t,esch,6,1,,,,,,,,,,,
,,,,esch,7,1,,,,,,,,,,,
8956,,nw,t,esch,4,1,,,,,,,,,,,
,,,,esch,8,1,,,,,,,,,,,
,,,,esch,8,1,,,,,,,,,,,
,,,,esch,14,1,,,,,,,,,,,
,,,,esch,9,1,,,,,,,,,,,
,,,,esch,7,2,,,,,,1,,,,,
,,,,esch,10,1,,,,,,,,,,,
,,,,rbu,15,,,,,,,,,,,,
,,,,esch,7,1,,,,,,,,,,x,
,,,,rbu,14,,,,,,,,,,,,
,,no,t,esch,6,1,,,,,,,,,,,
,,,,esch,6,1,,,,,,,,,,x,
,,,,esch,6,1,,,,,,,,,,,
,,,,esch,9,1,,,,,,,,,,,
,,,,esch,13,1,,,,,,,,,,,
,,sw,t,esch,10,1,,,,,,,,,,,
,,,,esch,11,1,,,,,,,,,,,
,,mitte,t,esch,8,1,,,,,,,,,,,
,,,,bah,11,,,,,,,,,,,,
,,,,esch,8,1,,,,,,,,,,,
8955,,nw,t,esch,12,1,,,,,,,,,,x,
,,,,lindewi,12,,,,,,,,,,,,
,,,,esch,13,2,,,,,,1,,,,,
,,,,esch,17,1,,,,,,,,,,,
,,,,esch,10,1,,,,,,,,,,,
,,no,t,esch,9,1,,,,,,,,,,,
,,,,esch,8,2,,,,,t1,,,7,,,
,,,,esch,15,2,,,,,,,,,,,
,,,,esch,6,1,,,,,,,,,,,
,,,,esch,6,1,,,,,,,,,,,
,,,,esch,9,2,,,,,,,,,,,
,,,,esch,8,1,,,,,,,,,,,
,,sw,t,esch,10,1,,,,,,,,,,,
,,,,esch,17,1,,,,,,,,,,,
,,,,esch,11,1,,,,,,,,,,,
,,,,esch,10,1,,,,,,,,,,,
,,,,esch,7,1,,,,,,,,,,,
,,,,esch,5,1,,,,,,,,,,,
,,,,hbu,12,,,,,,,,,,,,
,,,,esch,10,1,,,,,,,,,,,
,,,,esch,14,1,,,,,,,,,,,
,,so,t,esch,6,1,,,,,,,,,,,
,,,,esch,18,3,,,,,,,2,,,,
,,,,esch,10,1,,,,,,,,,,,
,,,,esch,7,1,,,,,,,,,,,
,,,,esch,5,1,,,,,,,,,,,
,,,,esch,10,1,,,,,,,,,,,
8942,,,,traubeneiche,21,,,,,,,,,,,,
,,,,traubeneiche,11,,,,,,,,,,,,
,,sw,t,esch,15,1,,,,,,,,,1,,
,,,,esch,20,1,,,,,,,,,,,
,,so,t,esch,10,2,,,,,,,,,,,
,,,,bah,20,,,,,,,,,,,,
,,mitte,t,esch,25,4,,,,,,,,,,,
,,no,t,esch,9,1,,,,,,,1,,,,tot
8943,,no,t,esch,15,1,,,,,,,,,,,der Plot hat am Rand eine Bodengrube. Aber nicht groß und der größte Teil des Plots tut noch
,,,,rbu,15,,,,,,,,,,,,
,,,,esch,13,1,,,,,,,,,,,
,,nw,t,esch,7,1,,,,,,,,,,,
,,,,esch,9,1,,,,,,,,,,,
,,,,esch,8,1,,,,,,,,,,,
,,,,esch,11,1,,,,,,,,,,,
,,,,esch,9,1,,,,,,,,,,,
,,mitte,t,esch,16,2,,,1,,,,,,,,
,,,,esch,12,1,,,,,,,,,,,
,,,,esch,7,1,,,,,,,,,,,
,,so,t,esch,7,1,,,,,,,,,,,
,,,,esch,6,1,,,,,,,,,,,
,,,,esch,6,1,,,,,,,,,,,
8944,,,,rbu,107,,,,,,,,,,,,
,,,,rbu,47,,,,,,,,,,,,
,,sw,t,esch,23,3,,,,,,,t2,7,,,
,,,,bah,21,,,,,,,,,,,,
,,,,esch,10,1,,,,,,,,,,,
,,,,lindewi,10,,,,,,,,,,,,
,,,,esch,9,1,,,,,,,,,,,
,,,,esch,8,1,1,,,,,,,,,,
,,nw,t,esch,36,2,,,,,,,,,,,
,,,,esch,15,1,,,,,,,,,,,
,,so,t,esch,15,1,,,,,,,t1,,,,tot
,,,,esch,14,1,,,,,,,,,,,
,,,,esch,21,1,,,,,,,,,,,
,,,,rbu,16,,,,,,,,,,,,
,,no,t,esch,10,1,,,,,,,,,,,
,,,,esch,19,1,,,,,,,,,,,
,,,,esch,20,1,,,,,,,,,,,
,,,,esch,10,1,,,,,,,,,,,
,,,,esch,10,1,,,,,,,,,,,
,,,,esch,7,1,,,,,,,,,,,
,,,,esch,9,2,,,,,,,,,,,
,,,,esch,16,1,,,,,,,,,,,
,,,,esch,17,1,,,,,,,,,,,
8945,,sw,t,esch,10,1,,,,,,,,,,,
,,,,esch,16,1,,,,,,,,,,,
,,,,esch,7,1,1,,,,,,,,,,
,,,,pappel,16,,,,,,,,,,,,
,,nw,t,esch,14,1,,,,,,,,,,,
,,,,esch,9,1,,,,,,,,,,,
8946,,,,rbu,147,,,,,,,,,,,,
,,nw,t,esch,7,1,,,,,,,,,,,
,,,,esch,8,1,,,,,,,,,,,
,,,,esch,26,1,,,,,,,,,,,
,,,,esch,11,3,,,,,,,,,,,
,,,,esch,19,1,,,,,,,,,,,
,,,,esch,7,2,,,,,,,,,,,
,,mitte,t,esch,18,2,,,,,,,,,,,
,,,,esch,24,1,,,,,,,,,,,
,,,,esch,15,1,,,,,,,,,,,
,,,,bah,30,,,,,,,,,,,,
,,so,t,esch,27,2,,,,,,,,,,,
,,,,bah,50,,,,,,,,,,,,
,,no,t,esch,23,2,,,,,,,,,,,
,,,,esch,25,1,,,,,,,,,,,
,,,,esch,28,2,,,,,,,,,,,
,,,,esch,10,1,,,,,,,,,,,
,,,,esch,24,1,,,,,,,,,,,
8947,,no,t,esch,9,1,,,,,,,1,,,,
,,,,esch,10,4,,,1,,,,,,,,
,,,,esch,8,1,,,,,,,,,,,
,,,,esch,15,1,,,,,,,,,,,
,,,,esch,9,1,,,,,,,,,,,
,,,,esch,10,5,,,1,,,2,,,,,
,,so,t,esch,9,1,,,,,,,,,,,
,,,,bah,14,,,,,,,,,,,,
,,sw,t,esch,6,1,,,,,,,,,,,
,,,,esch,14,5,,,3,,,,,,,,
,,,,esch,10,1,,,,,,,,,,,
,,,,esch,13,1,,,,,,,,,,,
,,,,esch,23,2,,t1,,,,,,19,,,
,,,,rbu,26,,,,,,,,,,,,
,,nw,t,esch,8,1,,,,,,,,,,,
8948,,no,t,esch,13,2,,,,,,,,,,,278 liegt im plott im süden
,,,,rbu,41,,,,,,,,,,,,
,,,,esch,9,1,,,,,,,,,,,
,,,,esch,7,1,,,,,,,,,,,
,,,,esch,7,3,,,,,,,2,,,,
,,,,esch,8,1,,,,,,,,,,,
,,so,t,esch,9,1,,,,,,,,,,,
,,,,esch,5,1,,,,,,,,,,,
,,,,esch,13,2,,,,,,1,,,,,
,,mitte,t,esch,6,1,,,,,,,,,,,
,,sw,t,esch,17,2,,,,,,,,,,,
,,,,esch,11,1,,,,,,,,,,,
,,,,esch,11,1,,,,,,,,,,,
8949,,so,t,esch,10,1,,,,,,,,,,,
,,,,esch,12,1,,,,,,,,,,,
,,,,lindewi,7,,,,,,,,,,,,
,,,,bah,12,,,,,,,,,,,,
,,Mitte,t,esch,7,3,,,1,,,,1,,,,
,,nw,t,esch,14,2,,,,,,,,,,,
,,,,esch,7,2,,,,,,1,,,,,
,,,,esch,14,1,,,,,,,,,,,
,,,,rbu,29,,,,,,,,,,,,
,,no,t,esch,5,1,,,,,,,1,,,,tot
,,,,esch,10,1,,,,,,,,,,,
,,,,esch,16,2,,,,,,,,,,,
8950,,no,t,esch,17,1,,,,,,,,,,,
,,,,esch,16,1,,,,,,,,,,,
,,,,esch,16,1,,,,,,,,,,,
,,,,esch,10,1,,,,,,,,,,,
,,,,esch,12,2,,,,,,,1,,,,
,,,,rbu,22,,,,,,,,,,,,
,,,,esch,7,1,t,,,,,,,,,,
,,,,lindewi,9,,,,,,,,,,,,
,,mitte,t,esch,16,1,,,,,,,,,,,
,,sw,t,esch,32,1,,,,,,,,,,,kein fehler
,,,,esch,21,1,,,,,,,,,,,
,,,,esch,18,1,,,,,,,,,,,
,,,,esch,21,1,,,,,,,,,,,
,,,,esch,20,2,,,,,,,,,,,
,,,,bah,17,,,,,,,,,,,,
,,nw, t,esch,16,2,,,,,,,,,,,
8951,,nw,t,esch,7,2,,,,,,,t1,4,,,
,,,,esch,6,1,,,,,,,,,,,
,,,,esch,10,1,,,,,,,,,,,
,,,,bah,10,,,,,,,,,,,,
,,,,esch,7,1,,,,,,,,,,,
,,no,t,esch,8,1,,,,,,,,,,,
,,,,esch,6,1,,,,,,,,,,,
,,,,esch,8,3,,,,,,,2,,,,
,,,,esch,8,2,,,,,,,,,,,
,,,,esch,7,1,,,,,,,,,,,
,,,,esch,8,1,,,,,,,,,,,
,,,,esch,8,2,,,,,,,1,,,,
,,,,esch,10,1,,,,,,,,,,,
,,,,esch,16,1,,,,,,,,,,,
,,,,esch,8,1,,,,,,,,,,,
,,,,esch,8,1,,,,,,,,,,,
,,,,esch,7,1,,,,,,,,,,,
,,so,t,esch,7,1,,,,,,,,,,,
8952,,nw,t,esch,10,1,,,,,,,,,,,
,,,,esch,9,1,,,,,,,,,,,
,,,,esch,7,1,,,,,,,,,,,
,,,,esch,9,1,,,,,,,,,,,
,,no,t,esch,6,1,,,,,,,,,,,
,,,,esch,8,1,,,,,,,,,,,
,,,,esch,6,1,,,,,,,,,,,
,,,,esch,7,1,,,,,,,,,,,
,,,,esch,8,1,,,,,,,,,,,
,,so,t,esch,7,1,,,,,,,,,,,
,,,,esch,8,1,,,,,,,,,,,
,,,,esch,9,1,,,,,,,,,,,
,,,,esch,9,1,,,,,,,,,,,
,,,,esch,9,1,t,,,,,,,,,,
,,,,rbu,11,,,,,,,,,,,,
,,,,esch,10,1,,,,,,,,,,,
8953,,sw,t,esch,8,1,,,,,,,,,,,
,,,,esch,9,1,,,,,,,,,,,
,,,,esch,9,1,,,,,,,,,,,
,,Mitte,t,esch,9,1,,,,,,,,,,,
,,,,hbu,6,,,,,,,,,,,,
,,,,esch,6,1,,,,,,,,,,,
,,,,bah,7,,,,,,,,,,,,
,,,,esch,9,1,,,,,,,,,,,
,,,,esch,5,1,t,,,,,,,,,,
,,,,esch,9,1,,,,,,,,,,,
,,,,bah,17,,,,,,,,,,,,
,,,,lindewi,10,,,,,,,,,,,,
,,,,esch,6,1,t,,,,,,,,,,
,,,,bah,6,,,,,,,,,,,,
8954,,no,t,esch,11,1,,,,,,,,,,,
,,,,esch,11,1,,,,,,,,,,,
,,,,esch,8,1,,,,,,,,,,,
,,,,esch,14,1,,,,,,,,,,,
,,,,esch,12,1,,,,,,,,,,,
,,,,bah,22,,,,,,,,,,,,
,,,,esch,16,1,,,,,,,,,,,
,,,,esch,7,1,,,,,,,,,,,
,,,,esch,7,1,,,,,,,,,,,
,,,,esch,12,1,,,,,,,,,,,
,,,,esch,7,1,,,,,,,,,,,
,,,,esch,15,1,,,,,,,,,,,
,,,,esch,10,1,,,,,,,,,,,
,,,,esch,17,1,,,,,,,,,,,
,,so,t,esch,10,1,,,,,,,,,,,
,,,,esch,9,1,,,,,,,,,,,
,,,,esch,11,1,,,,,,,,,,,
,,,,esch,14,1,,,,,,,,,,,
,,,,esch,11,1,,,,,,,,,,,
,,,,esch,13,1,,,,,,,,,,,
,,,,esch,6,1,t,,,,,,,,,,
,,,,esch,9,1,,,,,,,,,,,
,,,,esch,14,1,,,,,,,,,,,
,,,,esch,9,1,,,,,,,,,,,
,,,,esch,9,1,,,,,,,,,,,
,,,,esch,6,1,,,,,,,,,,,
,,,,esch,11,1,,,,,,,,,,,
,,,,esch,11,1,,,,,,,,,,,
,,,,esch,11,1,,,,,,,,,,,
,,,,esch,10,1,,,,,,,,,,,
,,,,esch,6,1,,,,,,,,,,,
,,,,esch,10,1,,,,,,,,,,,
,,,,bah,12,,,,,,,,,,,,
,,,,esch,10,2,,,,,,1,,,,,
,,,,esch,8,1,,,,,,,,,,,
,,nw,t,esch,8,1,,,,,,,,,,,
,,,,bah,13,,,,,,,,,,,,
,,,,esch,11,1,,,,,,,,,,,
,,,,esch,14,1,,,,,,,,,,,
,,,,lindewi,6,,,,,,,,,,,,
,,,,esch,10,1,,,,,,,,,,,
,,,,esch,10,1,,,,,,,,,,,
,,,,bah,16,,,,,,,,,,,,
,,,,esch,13,1,,,,,,,,,,,
,,,,esch,12,1,,,,,,,,,,,
,,,,esch,14,1,,,,,,,,,,,
,,,,esch,15,1,,,,,,,,,,,
,,,,esch,14,1,,,,,,,,,,,
,,,,esch,13,1,,,,,,,,,,,
,,,,esch,35,1,,,,,,,,,,,
,,,,esch,15,1,,,,,,,,,,,
,,,,esch,15,2,,,,,,,,,,,
,,,,esch,8,1,,,,,,,,,,,
,,,,lindewi,9,,,,,,,,,,,,
,,sw,t,esch,9,1,,,,,,,1,,,,tot
,,,,esch,10,1,,,,,,,,,,,
,,,,esch,9,1,,,,,,,,,,,
8958,,no,t,esch,4,1,,,,,,,,,,,
,,,,esch,5,3,,1,,,,,,,,,
,,,,rbu,35,,,,,,,,,,,,
,,,,esch,9,1,,,,,,,,,,,
,,,,hbu,9,,,,,,,,,,,,
,,mitte,t,esch,7,1,,,,,,,,,,,
,,,,esch,8,1,,,,,,,,,,,
,,,,esch,3,1,,,,,,,,,,t,
,,nw,t,esch,6,1,,,,,,,,,,,
,,,,esch,9,1,,,,,,,,,,,
,,,,esch,6,1,t,,,,,,,,,,
,,,,rbu,15,,,,,,,,,,,,
,,,,esch,6,,,,,,,,,,,,
,,,,rbu,9,,,,,,,,,,,,
,,sw,t,esch,7,1,,,,,,,,,,,
,,,,lindewi,12,,,,,,,,,,,,
,,,,esch,5,1,,,,,,,,,,,
,,,,esch,4,1,,,,,t1,,,,,,
,,,,esch,6,1,,,,,,,,,,,
,,,,esch,8,1,,,,,t1,,,,,,
,,,,bah,12,,,,,,,,,,,,
,,,,lindewi,20,,,,,,,,,,,,
8959,,sw,t,esch,8,1,,,,,,,,,,,
,,,,esch,9,1,,,,,,,,,,,
,,,,esch,9,1,,,,,,,,,,,
,,,,esch,13,1,,,,,,,,,,,
,,,,esch,11,1,,,,,,,,,,,
,,nw,t,esch,13,1,,,,,,,,,,,
,,,,esch,12,1,,,,,,,,,,,
,,,,esch,10,1,,,,,,,,,,,
,,,,esch,9,1,,,,,,,,,,,
,,,,esch,12,1,,,,,,,,,,,
,,no,t,esch,10,1,,,,,,,,,,,
,,,,esch,5,1,t,,,,t1,,,,,,
,,,,esch,10,1,,,,,,,,,,,
,,so,t,esch,7,2,,,,,,,,,,,
,,,,esch,7,1,,,,,,,,,,,
,,,,esch,6,1,t,,,,t1,,,,,,
8960,,,,esch,5,1,,,,,,,,,,,
,,sw,t,esch,7,1,,,,,,,1,,,,tot
,,,,esch,7,1,,,,,,,,,,,
,,nw,t,esch,7,1,,,,,,,,,,,
,,,,esch,4,1,,,,,,,,,,,
,,no,t,esch,11,1,,,,,,,,,,,
,,,,hbu,5,,,,,,,,,,,,
8961,,sw,t,esch,7,1,,,,,,,,,,,
,,,,esch,7,1,,,,,,,,,,,
,,,,esch,10,1,,,,,,,,,,,
,,,,esch,6,1,,,,,,,,,,,
,,nw,t,esch,8,1,,,,,,,,,,,
8962,,sw,t,esch,5,1,,,,,,,,,,,
,,,,esch,10,1,,,,,,,,,,,
,,,,esch,8,1,,,,,,,,,,,
,,,,esch,7,1,t,,,,,,,,,,
,,,,esch,5,1,,,,,,,,,,,
,,,,esch,5,1,,,,,,,,,,,
,,no,t,esch,7,1,,,,,,,,,,,
,,,,esch,6,1,,,,,,,,,,,
,,,,esch,9,1,,,,,,,,,,,
,,,,esch,8,1,,,,,,,,,,,
,,,,bah,12,,,,,,,,,,,,
,,,,esch,6,1,,,,,t1,,,,,,
,,,,esch,8,1,,,,,,,,,,,
,,,,esch,9,1,,,,,,,,,,,
,,,,esch,9,1,,,,,,,,,,,
,,,,esch,10,1,,,,,,,,,,,
,,,,esch,7,1,,,,,,,,,,,
,,so,t,esch,11,1,,,,,,,,,,,
8963,,no,,esch,10,1,,,,,,,,,,,
,,,,bah,11,,,,,,,,,,,,
,,,,esch,12,1,,,,,,,,,,,
,,,,hbu,33,,,,,,,,,,,,
,,,,WeideSa,11,,,,,,,,,,,,
,,,,bah,12,,,,,,,,,,,,
,,so,t,esch,8,1,,,,,,,,,,,
,,,,esch,11,5,,,1,,,,,,,,
,,,,esch,9,1,,,,,,,,,,,
,,,,esch,9,1,,,,,,,,,,,
,,,,esch,8,1,,,,,,,,,,,
,,,,esch,12,1,,,,,,,,,,,
,,,,esch,6,1,t,,,,,,,,,,
,,,,esch,14,1,,,,,,,,,,,
,,sw,t,esch,17,1,,,,,,,,,,,
,,,,esch,17,1,,,,,,,,,,,
,,,,esch,12,1,,,,,,,,,,,
,,,,esch,7,1,t,,,,,,,,,,
,,,,bah,16,,,,,,,,,,,,
,,,,esch,12,1,,,,,,,,,,,
,,,,esch,13,1,,,,,,,,,,,
,,,,esch,13,2,,,,,,,1,,,,
,,,,esch,13,2,,,,,,,,,,,
,,,,esch,20,1,,,,,,,,,,,
,,,,esch,9,2,,,,,,,,,,,
,,,,esch,10,1,,,,,,,,,,,
,,,,WeideSa,10,,,,,,,,,,,,
,,,,WeideSa,12,,,,,,,,,,,,
,,,,WeideSa,12,,,,,,,,,,,,
,,,,WeideSa,12,,,,,,,,,,,,
,,,,WeideSa,11,,,,,,,,,,,,
,,nw,t,esch,14,1,,,,,,,,,,,
8964,,nw,t,esch,6,1,,,,,,,,,,,
,,,,esch,8,1,,,,,,,,,,,
,,,,bah,10,,,,,,,,,,,,
,,,,esch,14,1,,,,,,,,,,,
,,,,esch,10,2,,,,,,,,,,,
,,,,esch,6,1,,,,,,,,,,,
,,,,esch,9,1,,,,,,,,,,,
,,,,esch,7,1,,,,,,,,,,,
,,,,esch,9,1,,,,,,,,,,,
,,,,esch,10,1,,,,,,,,,,,
,,,,esch,9,1,,,,,,,,,,,
,,,,rbu,18,,,,,,,,,,,,
,,sw,t,esch,9,1,,,,,,,,,,,
,,,,esch,5,1,,,,,,,,,,,
,,,,esch,5,1,,,,,,,,,,,
,,mitte,t,esch,8,1,,,,,,,,,,,
,,,,esch,10,1,,,,,,,,,,,
,,,,esch,9,1,,,,,,,,,,,
,,so,t,esch,9,2,,,,,,,,,,,
,,,,esch,8,1,,,,,,,,,,,
,,,,esch,14,1,,,,,,,,,,,
,,,,esch,8,2,,,,,,t1,,8,,,
,,,,esch,14,1,,,,,,,,,,,
,,,,bah,8,,,,,,,,,,,,
,,,,bah,18,,,,,,,,,,,,
8965,,sw,t,esch,8,1,,,,,,,,,,,
,,,,esch,8,1,,,,,,,,,,,
,,,,esch,7,1,,,,,,,,,,,
,,mitte,t,esch,10,1,,,,,,,,,,,
,,,,esch,11,1,,,,,,,,,,,
,,,,esch,11,1,,,,,,,,,,,
,,,,esch,7,1,,,,,,,,,,,
,,,,esch,14,1,,,,,,,,,,,
,,no,t,esch,10,1,,,,,,,,,,,
,,,,esch,8,1,,,,,,,,,,,
,,,,esch,4,1,t,,,,,,,,,,
8966,,nw,t,esch,5,1,,,,,,,t1,,,,tot
,,,,bah,6,,,,,,,,,,,,
,,sw,t,esch,8,1,,,,,,,,,,,
,,,,esch,8,1,t,,,,,,,,,,
,,,,esch,7,1,,,,,,,,,,,
,,,,bah,4,,,,,,,,,,,,
,,mitte,f,esch,,,,,,,,,,,,,
8967,,nw,t,esch,12,2,,,,,,,1,,,,
,,,,esch,10,2,,,,,,1,,,,,
,,,,esch,8,1,,,,,,,,,,,
,,no,t,esch,11,1,,,,,,,,,,,
,,,,esch,6,1,,,,,,,,,,,
,,,,esch,7,1,,,,,,,,,,,
,,so,t,esch,9,1,,,,,,,,,,,
,,,,rbu,16,,,,,,,,,,,,
,,,,esch,9,1,,,,,,,,,,,
,,,,esch,20,1,,,,,,,,,,,
,,,,esch,5,1,,,,,,,,,,,
,,sw,t,esch,11,1,,,,,,,,,,,
,,,,esch,10,1,,,,,,,,,,,
,,,,esch,13,1,,,,,,,,,,,
,,,,esch,11,1,,,,,,,,,,,
,,,,esch,8,1,,,,,,,,,,,
8968,,sw,t,esch,11,1,,,,,,,,,,,
,,,,esch,7,1,,,,,,,,,,,
,,,,esch,8,4,,,,,,,t1,7,,,
,,no,t,esch,4,1,,,,,,,1,,,,
8969,,sw,t,esch,7,1,,,,,,,,,,,
,,,,esch,10,2,,,,,,,,,,,
,,,,WeideSa,12,,,,,,,,,,,,
,,so,t,esch,9,1,,,,,,,,,,,
,,,,esch,5,1,,,,,,,,,,,
,,,,esch,7,2,,,,,1,,,,,,
,,no,t,esch,11,1,,,,,,,,,,t,
8970,,,,esch,7,1,,,,,,,,,,,
,,,,esch,13,1,,,,,,,,,,,
,,,,esch,17,2,,,,,,,,,,,
,,,,esch,11,1,,,,,,,,,,,
,,,,esch,10,2,,,,,,,1,,,,
,,nw,t,esch,8,1,,,,,,,,,,,
,,,,esch,14,2,,,,,,,,,,,
,,,,esch,11,1,,,,,,,,,,,
,,,,esch,8,1,,,,,,,,,,,
,,,,esch,22,2,,,,,,,,,,,
,,,,esch,14,1,,,,,,,,,,,
,,Mitte,t,esch,12,1,,,,,,,,,,,
,,so,t,esch,15,2,,,,,,1,,,,,
,,,,esch,8,1,,,,,,,,,,,
,,,,esch,11,2,,,,,,,1,,,,
,,,,esch,10,2,,,,,,1,,,,,
,,,,esch,6,1,,,,,,,,,,,
,,,,esch,12,1,,,,,,,,,,,
,,,,esch,11,1,,,,,,,,,,,
8971,,so,t,esch,8,1,,,,,,,,,,,
,,,,esch,14,1,,,,,,,,,,,
,,sw,t,esch,15,1,,,,,,,,,,,
,,,,esch,17,3,,,,,,1,,,,,
,,,,esch,12,2,,,,,,,,,,,
,,,,bah,28,,,,,,,,,,,,
,,Mitte,t,esch,12,1,,,,,,,,,,,
8972,,nw,t,esch,11,1,,,,,,,,,,,
,,,,esch,13,1,,,,,,,,,,,
,,,,esch,10,1,t,,,,,,,,,,
,,,,esch,11,1,,,,,,,,,,,
,,,,esch,9,1,,,,,,,,,,,
,,,,esch,11,1,,,,,,,,,,,
,,,,esch,10,1,,,,,,,,,,,
,,,,esch,9,1,,,,,,,,,,,
,,,,esch,12,1,,,,,,,,,,,
,,,,esch,7,1,,,,,,,,,,,
,,,,esch,9,1,,,,,,,,,,,
,,Mitte,t,esch,9,1,,,,,,,,,,,
,,,,esch,6,1,t,,,,,,,,,,
,,,,esch,8,1,t,,,,,,,,,,
,,,,esch,8,1,,,,,,,,,,,
,,,,esch,8,1,,,,,,,,,,,
,,,,esch,10,1,,,,,,,,,,,
,,,,esch,7,1,,,,,,,,,,,
,,,,esch,8,1,,,,,,,,,,,
,,,,esch,7,1,,,,,,,,,,,
,,,,esch,9,1,,,,,t1,,,7,,,
,,,,bah,6,,,,,,,,,,,,
,,,,esch,8,1,,,,,,,,,,,
,,so,t,esch,8,2,,,,,,,1,,,,
,,,,esch,7,2,,,,,,t1,,,,,
,,sw,t,esch,9,1,,,,,,,,,,,
,,,,esch,9,1,,,,,,,,,,,
,,,,esch,7,1,,,,,,,,,,,
,,,,esch,8,1,,,,,,,,,,,
,,,,esch,9,1,,,,,,,,,,,
8973,,nw,t,esch,4,1,,,,,,,,,,,
,,,,esch,8,1,,,,,,,,,,,
,,,,esch,10,1,,,,,,,,,,,
,,,,esch,7,1,,,,,,,,,,,
,,,,rbu,38,,,,,,,,,,,,
,,,,esch,9,1,,,,,,,,,,,
,,,,bah,20,,,,,,,,,,,,
,,no,t,esch,7,1,,,,,,,1,,,,
,,,,esch,7,1,,,,,,,,,,,
,,so,t,esch,11,1,,,,,,,,,,,
,,,,esch,8,1,,,,,,,,,,,
,,,,esch,4,1,t,,,,,,,,,,
,,,,esch,10,1,,,,,,,,,,,
,,,,esch,9,1,,,,,,,,,,,
,,,,esch,7,1,,,,,,,,,,,
,,sw,t,esch,8,1,,,,,,,,,,,
,,,,esch,8,1,,,,,,,,,,,
8974,,sw,t,esch,12,1,,,,,,,,,,,
,,,,esch,5,2,,,,,,,1,,,,
,,,,esch,5,1,t,,,,,,,,,,
,,,,esch,7,1,,,,,,,,,,,
,,,,esch,10,2,,,,,,t1,,9,,,
,,,,esch,7,1,,,,,,,,,,,
,,,,esch,8,1,,,,,,,,,,,
,,so,t,esch,8,1,,,,,,,,,,,
,,,,esch,7,1,,,,,,,,,,,
,,,,esch,8,1,,,,,,,,,,,
,,,,bah,11,,,,,,,,,,,,
,,,,esch,11,1,,,,,,,,,,,
,,nw,t,esch,6,1,,,,,,,1,,,,tot
,,,,esch,6,1,,,,,,,,,,,
,,,,esch,7,1,,,,,,,,,,,
,,,,esch,7,1,,,,,,,,,,,
,,,,esch,6,1,,,,,,,,,,,
,,,,rbu,30,,,,,,,,,,,,
,,,,bah,10,,,,,,,,,,,,
,,no,t,esch,8,1,,,,,,,,,,,
,,,,esch,10,1,,,,,,,,,,,
,,,,esch,8,1,,,,,,,,,,,
,,,,esch,9,1,,,,,,,,,,,
,,,,esch,6,1,,,,,,,,,,,
8975,,so,t,esch,13,1,,,,,,,1,,,,tot
,,,,bah,7,,,,,,,,,,,,
,,,,esch,7,1,,,,,,,,,,,
,,sw,t,esch,4,1,,,,,,,1,,,,tot
,,,,bah,17,,,,,,,,,,,,
,,,, birke,5,,,,,,,,,,,,
,,nw,t,esch,5,1,,,,,,,1,,,,tot
,,,,esch,6,1,,,,,,,,,,,
,,,,esch,10,1,,,,,,,,,,,
,,,,esch,8,1,,,,,,,,,,,
8976,,nw,t,esch,12,1,,,,,,,,,,,
,,,,esch,11,1,,,,,,,,,,,
,,,,esch,6,1,,,,,,,,,,,
,,,,lindewi,6,,,,,,,,,,,,
,,,,bah,27,,,,,,,,,,,,
,,,,esch,13,1,,,,,,,,,,,
,,,,esch,19,1,,,,,,,,,,,
,,,,esch,22,1,,,,,,,,,,,
,,no,t,esch,18,4,,t3,,,,,,11,,,
,,,,esch,17,1,,,,,,,,,,,
,,,,lindewi,9,,,,,,,,,,,,
,,,,esch,33,1,,,,,,,,,,,
,,,,esch,10,1,,,,,,,,,,,
,,,,esch,9,1,t,,,,,,,,,,
,,,,esch,13,1,,,,,,,,,,,
,,,,esch,13,1,,,,,,,,,,,
,,,,esch,13,3,,,,,,1,,,,,
,,,,esch,18,2,,,,,,,,,,,
,,,,esch,22,1,,,,,,,,,,,
,,,,esch,7,1,,,,,,,,,,,
,,,,esch,13,1,,,,,,,,,,,
,,so,t,esch,14,1,,,,,,,,,,,
,,,,esch,13,1,,,,,,,,,,,
,,,,esch,16,1,,,,,,,,,,,
,,,,bah,14,,,,,,,,,,,,
,,,,esch,18,3,,,,,,,1,,,,
,,,,esch,18,1,,,,,,,,,,,
,,,,esch,40,2,,,,,,,,,,,
,,,,esch,16,1,,,,,,,,,,,
,,,,esch,12,1,,,,,,,,,,,
,,,,esch,12,1,,,,,,,,,,,
,,,,esch,13,1,,,,,,,,,,,
,,,,esch,17,1,,,,,,,,,,,
,,,,esch,10,1,,,,,,,,,,,
,,,,esch,40,1,,,,,,,,,,,
,,,,esch,13,1,,,,,,,,,,,
,,,,hbu,28,,,,,,,,,,,,
,,,,esch,19,1,,,,,,,,,,,
,,,,esch,21,1,,,,,,,,,,,
,,,,esch,17,1,,,,,,,,,,,
,,so,t,esch,19,1,,,,,,,,,,,
8977,,,,lindewi,89,,,,,,,,,,,,
,,so,t,esch,16,3,,,,,,t1,,16,,,
,,,,lindewi,12,,,,,,,,,,,,
,,,,lindewi,8,,,,,,,,,,,,
,,,,esch,12,1,,,,,,,,,,,
,,,,esch,12,1,,,,,,,,,,,
,,,,lindewi,10,,,,,,,,,,,,
,,,,hbu,11,,,,,,,,,,,,
,,,,lindewi,6,,,,,,,,,,,,
,,,,esch,9,1,,,,,,,,,,,
,,,,lindewi,10,,,,,,,,,,,,
,,nw,t,esch,8,1,,,,,,,,,,,
,,,,lindewi,3,,,,,,,,,,,,
,,no,t,esch,11,1,,,,,,,,,,,
,,,,esch,7,1,,,,,,,,,,,
,,,,esch,9,1,,,,,,,,,,,
,,,,esch,6,1,,,,,,,,,,,
,,,,esch,7,1,,,,,,,,,,,
,,,,esch,6,1,,,,,,,,,,,
,,,,hbu,38,,,,,,,,,,,,
,,,,esch,7,1,,,,,,,,,,,
8978,,no,t,esch,4,1,,,,,,,1,,,,tot
,,,,bah,4,,,,,,,,,,,,
,,,,esch,2,11,,,,,,,t1,6,,,
,,,,esch,10,1,,,,,,,,,,,
,,,,esch,10,1,,,,,,,,,,,
,,so,t,esch,12,1,,,,,,,,,,,
,,,,lindewi,9,,,,,,,,,,,,
,,,,esch,24,1,,,,,,,,,,,
,,nw,t,esch,12,1,,,,,,,,,,,
,,,,esch,14,1,,,,,,,,,,,
,,,,esch,12,1,,,,,,,,,,,
,,,,esch,6,1,,,,,,,,,,,
,,,,esch,8,1,,,,,,,,,,,
,,sw,t,esch,17,1,,,,,,,,,,,
,,,,esch,10,1,,,,,,,,,,,
,,,,esch,9,1,,,,,,,,,,,
,,,,esch,14,2,,,,,,,,,,,
,,,,esch,15,1,,,,,,,,,,,
,,,,bah,20,,,,,,,,,,,,
8979,,nw,t,esch,9,1,,,,,,,,,,,
,,,,esch,9,1,,,,,,,,,,,
,,,,esch,10,1,,,,,,,,,,,
,,,,esch,12,1,,,,,,,,,,,
,,,,lindewi,10,,,,,,,,,,,,
,,,,esch,5,1,1,,,,,,,,,,
,,,,lindewi,14,,,,,,,,,,,,
,,,,esch,9,1,,,,,,,,,,,
,,,,esch,11,1,,,,,,,,,,,
,,mitte,t,esch,14,2,,,,,,,,,,,
,,,,esch,10,1,,,,,,,,,,,
,,sw,t,esch,9,1,,,,,,,,,,,
,,,,esch,10,1,,,,,,,,,,,
,,,,esch,14,1,,,,,,,,,,,
,,so,t,esch,8,1,,,,,,,,,,,
,,,,esch,12,1,,,,,,,,,,,
,,,,esch,8,1,,,,,,,,,,,
,,,,esch,9,1,,,,,,,,,,,
,,,,esch,16,1,,,,,,,,,,,
,,,,esch,10,1,,,,,,,,,,,
,,,,esch,8,1,,,,,,,,,,,
,,,,lindewi,14,,,,,,,,,,,,
,,,,bah,19,,,,,,,,,,,,
,,,,esch,10,1,,,,,,,,,,,
,,,,esch,14,1,,,,,,,,,,,
,,,,bah,12,,,,,,,,,,,,
,,,,esch,17,1,,,,,,,,,,,
,,,,lindewi,14,,,,,,,,,,,,
,,,,esch,14,1,,,,,,,,,,,
,,,,esch,28,4,,,,,,,t1,22,,,
8980,,,,bah,30,,,,,,,,,,,,
,,no,t,esch,20,3,,,,,,,,,,,
,,,,bah,35,,,,,,,,,,,,
,,,,esch,10,2,,,,,,,,,,,
,,,,hbu,47,,,,,,,,,,,,
,,,,esch,12,1,,,,,,,,,,,
,,,,esch,5,1,,,,,,,,,,,
,,,,bah,32,,,,,,,,,,,,
,,,,esch,8,1,,,,,,,,,,,
,,,,esch,20,1,,,,,,,,,,,
,,,,rbu,25,,,,,,,,,,,,
,,,,esch,7,1,1,,,,,,,,,,
,,mitte,t,esch,7,1,,,,,,,,,,,
,,,, lärche,20,,,,,,,,,,,,
,,nw,t,esch,9,1,,,,,,,,,,,der war vermutlich letztes mal als sw eingetragen. Denn sw gibt es 2021 2 stück auf diesem plot
,,,,hbu,11,,,,,,,,,,,,
,,,,esch,8,1,,,,,,,,,,,
,,,,esch,11,1,,,,,,,,,,,
,,,,esch,25,4,,,,,,,,,,,
,,,,esch,7,1,,,,,,,,,,,
,,,,bah,26,,,,,,,,,,,,
,,sw,t,esch,8,1,,,,,,,,,,,
,,,,esch,1,8,,,,,,,,,,,
,,,,esch,12,1,,,,,,,,,,,
,,,,esch,10,1,,,,,,,,,,,
,,,,esch,6,1,,,,,,,,,,,
,,,,esch,9,1,,,,,,,,,,,
8981,,nw,t,esch,11,1,,,,,,,,,,,
,,no,t,esch,10,1,,,,,,,,,,,
,,,,esch,13,,,,,,,,,,,,
,,,,esch,6,1,1,,,,,,,,,,
,,,,esch,4,1,1,,,,,,,,,,
,,so,t,esch,14,1,,,,,,,,,,,
,,,,esch,14,1,,,,,,,,,,,
8982,,so,t,esch,9,1,,,,,,,,,,,
,,,,esch,11,1,,,,,,,,,,,
,,,,esch,7,1,,,,,,,,,,,
,,,,esch,8,1,,,,,,,,,,,
,,,,esch,6,1,,,,,,,,,,,
,,,,esch,5,1,,,,,,,,,,,
,,sw,t,esch,8,1,,,,,,,,,,,
,,,,esch,7,1,,,,,,,,,,,
,,,,esch,5,1,,,,,,,,,,,
,,,,esch,6,1,,,,,,,,,,,
,,nw,t,esch,5,1,,,,,,,t1,,,,tot
,,,,bah,12,,,,,,,,,,,,
,,,,esch,6,1,,,,,,,,,,,
,,,,esch,7,1,,,,,,,,,,,
,,,,esch,3,1,,,,,,,,,,t,
,,,,esch,6,1,,,,,,,,,,,
,,,,esch,5,1,,,,,,,,,,,
,,,,esch,7,1,,,,,,,,,,,
,,,,esch,5,1,,,,,,,,,,,
,,,,esch,10,1,,,,,,,,,,,
,,,,esch,8,1,,,,,,,,,,,
,,no,t,esch,7,1,,,,,,,,,,,
,,,,esch,8,1,,,,,,,,,,,
,,,,esch,6,1,,,,,,,,,,,
8983,,sw,t,esch,8,1,,,,,,,,,,,
,,,,esch,7,1,,,,,,,,,,,
,,so,t,esch,11,1,,,,,,,,,,,
,,,,esch,5,1,,,,,,,,,,,
,,,,esch,7,1,,,,,,,,,,,
,,,,esch,13,1,,,,,,,,,,,
,,,,esch,11,1,,,,,,,,,,,
,,,,esch,10,1,,,,,,,,,,,
,,no,t,esch,10,1,,,,,,,,,,,
,,,,esch,10,1,,,,,,,,,,,
,,nw,t,esch,9,1,,,,,,,,,,,
,,,,esch,8,1,,,,,,,,,,,
,,,,lindewi,7,,,,,,,,,,,,
,,,,lindewi,10,,,,,,,,,,,,
8984,,sw,t,esch,8,1,,,,,,,,,,,
,,,,esch,9,1,,,,,,,,,,,
,,mitte,f,esch,,,,,,,,,,,,,
,,,,esch,7,1,,,,,,,,,,,
,,,,esch,8,1,,,,,,,,,,,
,,,,esch,5,1,,,,,,,,,,,
,,,,esch,6,1,,,,,,,,,,,
8985,,so,t,esch,8,1,,,,,,,,,,,
,,,,esch,8,1,,,,,,,,,,,
,,,,esch,7,1,,,,,,,,,,,
,,,,esch,9,1,,,,,,,,,,,
,,nw,t,esch,6,1,,,,,,,,,,,
8986,,,,rbu,14,,,,,,,,,,,,
,,,,kirsche,13,,,,,,,,,,,,
,,so,t,esch,4,1,,,,,,,1,,,,tot
,,,,esch,9,1,,,,,,,,,,,
,,,,esch,10,1,,,,,,,,,,,
,,,,esch,11,1,,,,,,,,,,,
,,,,esch,8,1,,,,,,,,,,,
,,no,t,esch,10,1,,,,,,,t1,8,,,fast tot
8987,,,,rbu,15,,,,,,,,,,,,
,,no,t,esch,8,1,,,,,,,t1,,,,tot
,,,,esch,11,2,,,,,,,,,,,
,,mitte,t,esch,11,1,,,,,,,,,,,
,,,,esch,10,1,,,,,,,,,,,
,,,,esch,10,1,,,,,,,,,,,
,,,,esch,9,1,,,,,,,,,,,
,,,,esch,11,1,,,,,,,,,,,
,,sw,t,esch,12,1,,,,,,,,,,,
,,,,esch,13,1,,,,,,,,,,,
8988,,,,esch,7,1,t,,,,,,,,,,
,,,,esch,5,1,,,,,,,,,,,
,,so,t,esch,5,1,,,,,,,1,4,,,fast tot
,,,,esch,11,1,,,,,,,,,,,
,,nw,t,esch,7,1,,,,,,,,,,,
,,,,esch,12,1,,,,,,,,,,,
,,,,esch,12,1,,,,,,,,,,,
,,,,esch,13,1,,,,,,,t1,11,,,
,,,,esch,6,1,,,,,,,,,,t,
,,,,esch,10,1,,,,,,,,,,,
,,,,esch,7,1,,,,,,,,,,,
,,,,esch,24,1,,,,,,,,,,,
,,,,esch,6,1,,,,,,,,,,,
,,,,esch,19,2,,,,,,,,,,,
,,,,esch,6,1,,,,,,,,,,,
,,,,esch,8,1,,,,,,,,,,,
,,,,esch,7,1,,,,,,,,,,,
,,no,t,esch,7,1,,,,,,,,,,,
8989,,,,esch,6,1,,,,,,,,,,,
,,,,esch,8,1,,,,,,,,,,,
,,so,t,esch,8,1,,,,,,,,,,,
,,nw,t,esch,6,1,,,,,,,1,,,,tot
,,,,esch,9,1,,,,,,,t1,7,,,
,,,,esch,15,2,,,,,,,1,,,,
,,,,esch,11,4,,t3,,,,,,7,,,
,,,,esch,10,1,,,,,,,,,,,
,,no,t,esch,6,1,,,,,,,,,,,
,,,,esch,7,1,,,,,,,,,,,
,,,,esch,7,1,,,,,,,,,,,
,,,,esch,7,1,,,,,,,,,,,
8990,,nw,t,esch,6,3,,,,,,,2,,,,
,,,,bah,13,,,,,,,,,,,,
,,,,esch,6,1,,,,,,,,,,,
,,,,bah,14,,,,,,,,,,,,
,,,,esch,4,1,,,,,,,,,,,
,,,,esch,9,1,,,,,,,,,,,
,,,,esch,7,1,,,,,,,,,,,
,,,,esch,4,1,,,,,,,,,,,
,,no,t,esch,5,1,,,,,,,1,,,,tot
,,so,t,esch,8,2,,,,,,,,,,,
,,,,esch,9,1,,,,,,,,,,,
,,,,esch,9,1,,,,,,,,,,,
,,,,esch,9,1,,,,,,,,,,,
,,,,esch,6,1,,,,,,,,,,,
,,,,esch,10,1,,,,,,,,,,,
,,,,bah,10,,,,,,,,,,,,
,,,,esch,6,1,,,,,,,,,,,
,,,,esch,5,1,t,,,,,,,,,,
,,,,esch,9,1,,,,,,,,,,,
,,sw,t,esch,8,1,,,,,,,1,,,,tot
,,,,bah,20,,,,,,,,,,,,
8991,,nw,t,esch,7,1,,,,,,,1,,,,tot
,,,,esch,8,1,,,,,,,,,,,
,,,,esch,8,1,,,,,,,,,,,
,,,,esch,6,1,,,,,,,,,,,
,,,,esch,6,1,,,,,,,,,,,
,,,,esch,7,1,,,,,,,,,,,
,,,,hbu,13,,,,,,,,,,,,
,,,,esch,8,1,,,,,,,,,,,
,,,,esch,6,1,,,,,,,,,,,
,,sw,t,esch,7,1,,,,,,,,,,,
,,,,esch,7,1,t,,,,,,,,,,
,,no,f,esch,,,,,,,,,,,,,
,,,,esch,10,1,,,,,,,t1,6,,,
,,,,esch,7,1,,,,,,,,,,,
,,,,esch,8,1,,,,,,,,,,,
,,,,esch,7,1,,,,,,,,,,,
,,,,esch,6,1,,,,,,,,,,,
,,,,bah,14,,,,,,,,,,,,
,,so,f,esch,,,,,,,,,,,,,
,,,,esch,7,1,,,,,,,,,,,
,,,,esch,5,1,,,,,,,,,,,
8992,,no,t,esch,5,1,,,,,,,,,,,
,,,,esch,6,1,,,,,,,,,,,
,,,,esch,5,1,,,,,,,,,,,
,,,,esch,6,1,,,,,,,,,,,
,,,,esch,9,1,,,,,,,,,,,
,,,,esch,6,1,,,,,,,,,,,
,,,,hbu,4,,,,,,,,,,,,
,,so,f,esch,,,,,,,,,,,,,
,,,,esch,7,1,,,,,,,,,,,
,,,,bah,7,,,,,,,,,,,,
,,,,esch,4,1,,,,,,,,,,,
,,,,esch,6,1,,,,,,,,,,,
,,,,esch,5,1,,,,,,,,,,,
,,sw,t,esch,5,1,,,,,,,,,,,
,,,,esch,6,1,t,,,,,,,,,,
,,,,esch,6,1,t,,,,,,,,,,
,,,,esch,5,1,t,,,,,,,,,,
,,,,esch,6,1,,,,,,,,,,,
,,,,esch,7,1,,,,,,,,,,,
,,,,esch,7,1,,,,,,,,,,,
,,,,esch,7,1,,,,,,,,,,,
,,,,esch,5,1,,,,,,,,,,,
,,,,esch,6,1,,,,,,,,,,,
,,,,esch,5,1,,,,,,,,,,,
,,,,esch,4,1,,,,,,,t1,3,,,
8993,,sw,t,esch,8,1,,,,,t1,,,,,,
,,,,esch,9,1,,,,,,,,,,,
,,,,esch,9,1,,,,,,,,,,,
,,,,bah,12,,,,,,,,,,,,
,,,,esch,9,1,,,,,,,,,,,
,,,,hbu,30,,,,,,,,,,,,
,,,,esch,8,1,,,,,,,,,,,
,,,,esch,9,1,,,,,,,,,,,
,,,,esch,9,1,,,,,,,,,,,
,,,,esch,8,1,,,,,,,,,,,
,,,,esch,12,1,,,,,,,,,,,
,,,,esch,8,1,,,,,,,,,,,
,,,,bah,10,,,,,,,,,,,,
,,nw,t,esch,7,1,,,,,,,,,,,
,,,,rbu,119,,,,,,,,,,,,
,,no,t,esch,7,1,,,,,,,,,,,
,,,,esch,8,1,,,,,,,,,,,
,,,,hbu,9,,,,,,,,,,,,
,,,,esch,7,1,,,,,,,,,,,
,,,,esch,13,1,,,,,,,,,,,
,,,,esch,6,2,,,,,,,,,,,
,,,,esch,8,1,,,,,,,,,,,
,,,,hbu,9,,,,,,,,,,,,
,,,,esch,7,1,,,,,,,,,,,
8994,,no,t,esch,33,1,,,,,,,,,,,
,,,,esch,32,1,,,,,,,,,,,
,,,,esch,25,1,,,,,,,,,,,
,,,,esch,33,1,,,,,,,,,,,
,,,,esch,20,1,,,,,,,,,,,
,,nw,t,esch,45,1,,,,,,,,,,,
,,,,esch,33,1,,,,,,,,,,,
,,,,lindewi,28,,,,,,,,,,,,
,,,,esch,26,1,,,,,,,,,,,
,,,,esch,31,1,,,,,,,,,,,
,,,,esch,12,1,,,,,,,,,,,
,,,,esch,29,1,,,,,,,,,,,
,,,,esch,35,1,,,,,,,,,,,
,,,,esch,35,1,,,,,,,,,,,
,,sw,t,esch,50,1,,,,,,,,,,,
,,,,esch,7,2,,,,,,,t1,6,,,
,,,,hbu,58,,,,,,,,,,,,
,,,,esch,40,1,,,,,,,,,,,
,,,,esch,36,1,,,,,,,,,,,
,,,,esch,30,1,,,,,,,,,,,
,,,,esch,52,5,,,,,,1,,,,,
,,,,hbu,70,,,,,,,,,,,,
,,,,esch,36,1,,,,,,,,,,,
,,,,esch,32,1,,,,,,,,,,,
,,so,t,esch,19,2,,,,,,,,,,,
,,,,esch,12,1,,,,,,,,,,,
,,,,esch,5,1,t,,,,,,,,,,
8995,,so,t,esch,18,1,,,,,,,,,,,
,,,,bah,15,,,,,,,,,,,,
,,,,bah,31,,,,,,,,,,,,
,,,,esch,20,1,,,,,,,,,,,
,,,,esch,7,1,,,,,,,,,,,
,,,,hbu,24,,,,,,,,,,,,
,,,,esch,9,1,t,,,,,,,,,,
,,,,esch,28,1,,,,,,,,,,,
,,,,esch,20,1,,,,,t1,,,20,,,
,,,,WeideSa,4,,,,,,,,,,,,
,,,,esch,19,1,,,,,,,,,,,
,,,,esch,50,1,,,,,,,,,,,
,,,,esch,23,2,,,,,,,,,,,
,,,,esch,25,1,,,,,,,,,,,
,,,, birke,14,,,,,,,,,,,,
,,,,esch,26,1,,,,,,,,,,,
,,,,esch,6,1,t,,,,,,,,,,
,,,,WeideSa,5,,,,,,,,,,,,
,,,,WeideSa,7,,,,,,,,,,,,
,,,,lindewi,18,,,,,,,,,,,,
,,sw,t,esch,17,1,,,,,,,,,,,
,,,,esch,11,1,,,,,,,,,,,
,,,,WeideSa,10,,,,,,,,,,,,
,,,,esch,31,1,,,,,,,,,,,
,,,,esch,18,1,,,,,,,,,,,
,,,,lindewi,18,,,,,,,,,,,,
,,,,esch,9,1,,,,,,,,,,,
,,,,lindewi,30,,,,,,,,,,,,
,,no,t,esch,8,1,,,,,,,,,,t,
,,,,esch,12,1,,,,,,,,,,,
,,,,esch,8,1,,,,,,,,,,,
,,,,esch,15,4,,,,,,,1,,,,
,,,,WeideSa,9,,,,,,,,,,,,
,,,,lindewi,30,,,,,,,,,,,,
,,,,esch,10,1,,,,,,,,,,,
,,,,esch,6,1,t,,,,,,,,,,
,,,,esch,21,1,,,,,,,,,,,
,,,,esch,38,1,,,,,,,,,,,
,,,,esch,41,6,,,,,1,,,,,,
,,,,esch,15,4,,,,,,,1,,t,,
,,nw,t,esch,37,8,,1,,,2,,,,,,
,,,,lindewi,8,,,,,,,,,,,,
,,,,WeideSa,31,,,,,,,,,,,,
,,,,esch,19,2,,,,,,,,,,,
,,,,esch,24,3,,,,,1,,,,,,
,,,,esch,19,1,,,,,,,,,,,
,,,,esch,25,1,,,,,t1,,,19,,,
,,,,esch,24,3,,,,,2,,,,,,
8996,,,,bah,11,1,,,,,,,,,,,
,,,,WeideSa,13,,,,,,,,,,,,
,,,,esch,5,1,t,,,,,,,,,,
,,,,WeideSa,3,,,,,,,,,,,,
,,,,esch,6,1,,,,,,1,,,,,
,,,,lindewi,4,,,,,,,,,,,,
,,,,esch,7,1,,,,,,,,,,,
,,no,t,esch,8,1,,,,,,,,,,,
,,,,esch,12,1,,,,,,,,,,,
,,,,lindewi,600,,,,,,,,,,,,
,,,,esch,15,,,,,,,,,,,,
,,so,t,esch,13,1,,,,,,,,,,,
,,,,esch,12,1,,,,,,,,,,,
,,,,lindewi,12,,,,,,,,,,,,
,,,,esch,8,1,,,,,,,,,,,
,,,,WeideSa,6,,,,,,,,,,,,
,,,,esch,10,1,,,,,,,,,,,
,,sw,t,esch,7,1,,,,,,,,,,,
8997,,nw,t,esch,10,1,,,,,,,,,,,
,,,,esch,8,1,,,,,,,,,,,
,,,,esch,8,1,,,,,,,,,,,
,,,,lindewi,7,,,,,,,,,,,,
,,,,esch,6,1,,,,,,,,,,,
,,,,WeideSa,7,,,,,,,,,,,,
,,,,esch,4,1,,,,,,,,,,,
,,,,bah,10,,,,,,,,,,,,
,,,,esch,12,1,,,,,,,,,,,
,,,,esch,7,2,,,1,,,,t1,5,,,
,,,,esch,9,1,,,,,,,,,,,
,,,,esch,8,1,,,,,,,,,,,
,,,,esch,6,1,,,,,,,,,,,
,,,,esch,11,1,,,,,,,,,,,
,,,,lindewi,7,,,,,,,,,,,,
,,sw,t,esch,7,1,,,,,,,,,,,
,,,,esch,9,1,,,,,,,,,,,
,,,,esch,14,1,,,,,,,,,,,
,,,,bah,9,,,,,,,,,,,,
,,so,t,esch,10,1,,,,,,,,,,,
,,,,esch,4,1,,,,,,,,,,,
,,,,esch,8,1,,,,,,,,,,,
,,,,esch,6,1,,,,,,,,,,,
,,,,esch,7,1,,,,,,,,,,,
,,,,esch,11,1,,,,,,,,,,,
,,,,esch,7,1,,,,,,,,,,,
,,,,esch,10,1,,,,,,,,,,,
,,,,esch,5,1,,,,,,,,,,,
,,no,t,esch,9,1,,,,,,,,,,,
,,,,esch,7,1,,,,,,,,,,,
,,,,esch,8,1,,,,,,,,,,,
,,,,esch,9,1,,,,,,,,,,,
,,,,esch,16,1,,,,,,,,,,,
,,,,esch,12,1,,,,,,,,,,,
,,,,esch,13,1,,,,,,,,,,,
,,,,lindewi,7,,,,,,,,,,,,
8998,,no,t,esch,7,1,,,,,,,t1,5,,,
,,,,esch,4,1,,,,,,,,,,,
,,mitte,t,esch,7,1,,,,,,,,,,,
,,,,esch,6,1,,,,,,,,,,,
,,nw,t,esch,7,1,,,,,,,,,,,
,,,,esch,8,1,,,,,,,,,,,
,,,,esch,21,1,,,,,,,,,,,
,,,,esch,14,2,,,,,,,,,,,
,,,,esch,13,1,,,,,,,,,,,
,,,,esch,7,1,,,,,,,,,,,
,,,,rbu,19,,,,,,,,,,,,
,,,,lindewi,8,,,,,,,,,,,,
,,so,t,esch,7,1,,,,,,,,,,,
8999,,nw,t,esch,19,4,,,,,,,,,,,
,,,,lindewi,19,,,,,,,,,,,,
,,,,esch,11,1,,,,,,,,,,,
,,,,esch,17,1,,,,,,,,,,,
,,,,hbu,16,,,,,,,,,,,,
,,,,esch,13,1,,,,,,,,,,,
,,,,esch,11,2,,,,,,,,,,,
,,,,lindewi,11,,,,,,,,,,,,
,,sw,f,esch,,,,,,,,,,,,,
,,,,esch,29,2,,,,,,,,,,,
,,,,esch,25,1,,,,,,,,,,,
,,,,esch,15,1,,,,,,,,,,,
,,,,hbu,17,,,,,,,,,,,,
,,,,hbu,17,,,,,,,,,,,,
,,,,esch,11,1,,,,,,,,,,,
,,,,esch,13,1,,,,,,,,,,,
,,,,esch,9,1,,,,,,,,,,,
,,,,bah,14,,,,,,,,,,,,
,,mitte,f,esch,,,,,,,,,,,,,
,,,,esch,28,1,,,,,,,,,,,
,,,,esch,18,1,,,,,,,,,,,
,,,,esch,12,1,,,,,,,,,,,
,,,,esch,19,2,,,,,,,,,,,
,,,,esch,16,1,,,,,,,,,,,
,,so,t,esch,14,1,,,,,,,,,,,
,,,,hbu,35,,,,,,,,,,,,
9000,,,,hbu,62,,,,,,,,,,,,
,,,,hbu,50,,,,,,,,,,,,
,,,,lindewi,13,,,,,,,,,,,,
,,,,esch,9,1,,,,,,,,,,,
,,,,esch,15,2,,,,,,,,,,,
,,,,hbu,34,,,,,,,,,,,,
,,,,bah,28,,,,,,,,,,,,
,,,,bah,23,,,,,,,,,,,,
,,,,esch,20,1,,,,,,,,,,,
,,,,esch,9,1,,,,,,,,,,,
,,,,esch,19,1,,,,,,,,,,,
,,,,lindewi,22,,,,,,,,,,,,
,,no,t,esch,9,1,,,,,,,,,,,
,,,,hbu,15,,,,,,,,,,,,
,,so,t,esch,9,1,,,,,,,,,,,
,,,,esch,11,1,,,,,,,,,,,
,,,,esch,5,1,,,,,,,,,,,
,,mitte,t,esch,6,1,,,,,,,,,,,fast tot
9001,,so,t,esch,14,2,,,,,,,,,,,
,,,,bah,27,,,,,,,,,,,,
,,,,esch,35,1,,,,,,,,,,,
,,,,esch,39,1,,,,,,,,,,,
,,,,hbu,38,,,,,,,,,,,,
,,no,t,esch,25,1,,,,,,,,,,,
,,,,esch,16,1,,,,,,,,,,,
,,,,esch,18,1,,,,,,,,,,,
,,,,esch,35,4,,,,,,1,,,,,
,,,,hbu,48,,,,,,,,,,,,
,,,,esch,34,1,,,,,,,,,,,
,,,,bah,33,,,,,,,,,,,,
,,,,lindewi,20,,,,,,,,,,,,
,,,,esch,8,1,,,,,,,,,,,
,,,,lindewi,51,,,,,,,,,,,,
,,,,hbu,47,,,,,,,,,,,,
,,sw,t,esch,8,1,,,,,,,,,,,
,,,,esch,14,2,,,,,,,,,,,
,,,,esch,15,1,,,,,,,,,,,
,,,,bah,20,,,,,,,,,,,,
,,,,bah,35,,,,,,,,,,,,
,,mitte,t,esch,20,2,,,,,,,,,,,
,,,,esch,22,1,,,,,,,,,,,
9002,,nw,t,esch,7,1,,,,,,,,,,,
,,,,esch,6,2,,,,,,,,,,,
,,,,esch,12,1,,,,,,,,,,,
,,,,esch,7,1,,,,,,,,,,,
,,,,bah,8,,,,,,,,,,,,
,,,,hbu,10,,,,,,,,,,,,
,,sw,t,esch,22,1,,,,,,,,,,,
,,,,esch,8,1,,,,,,,,,,,
,,,,rbu,19,,,,,,,,,,,,
,,,,esch,23,5,,,,,,,,,,,liegend Höhe aber zu gebrauchen
,,,,esch,9,1,,,,,,,,,,,
,,,,esch,12,1,,,,,,,,,,,
,,,,esch,20,1,,,,,,,,,,,
,,no,t,esch,27,3,,,,,,,,,,,
,,,,esch,14,3,,,,,,,,,,,
,,,,esch,13,1,,,,,,,,,,,
,,,,esch,9,1,,,,,,,,,,,
,,,,esch,22,1,,,,,,,,,,,
,,,,esch,15,1,,,,,,,,,,,
,,so,t,esch,8,2,,,,,,,,,,,
9003,,nw,t,esch,5,1,,,,,,,,,,,
,,,,esch,5,1,,,,,,,,,,,
,,,,esch,6,1,,,,,,,,,,,
,,,,esch,7,1,,,,,,,,,,,
,,sw,t,esch,5,1,,,,,,,,,,,
,,,,hbu,6,,,,,,,,,,,,
,,,,esch,5,,,,,,,,,,,,
,,no,t,esch,8,1,,,,,t1,,,8,,,
,,,,esch,6,1,,,,,,,,,,,
,,,,esch,6,1,,,,,,,,,,,
,,,,esch,9,1,,,,,,,,,,,
,,so,t,esch,6,1,,,,,,,,,,,
,,,,esch,5,1,,,,,,,,,,,
,,,,esch,9,1,,,,,,,,,,,
,,,,esch,5,1,,,,,,,,,,,
,,,,esch,6,1,,,,,,,,,,,
,,,,lindewi,11,,,,,,,,,,,,
9004,,so,t,esch,22,1,,,,,,,,,,,
,,,,esch,15,1,,,,,,,,,,,
,,,,esch,15,1,,,,,,,,,,,
,,,,esch,29,1,,,,,,,,,,,
,,,,esch,20,1,,,,,,,,,,,
,,,,esch,12,1,,,,,,,,,,,
,,,,esch,21,1,,,,,,,,,,,
,,,,esch,21,1,,,,,,,,,,,
,,,,esch,8,1,,,,,,,,,,,
,,,,esch,8,1,,,,,,,,,,,
,,,,esch,16,1,,,,,,,,,,,
,,,,lindewi,13,,,,,,,,,,,,
,,,,esch,15,1,,,,,,,,,,,
,,no,t,esch,21,1,,,,,,,,,,,
,,,,esch,7,1,1,,,,,,,,,,
,,,,esch,8,1,1,,,,,,,,,,
,,,,esch,16,1,,,,,,,,,,,
,,,,esch,18,1,,,,,,,,,,,
,,,,esch,15,1,,,,,,,,,,,
,,,,esch,15,1,,,,,,,,,,,
,,,,esch,12,1,,,,,,,,,,,
,,,,esch,9,1,,,,,,,,,,,
,,,,esch,21,2,,,,,,,,,,,
,,,,esch,16,1,,,,,,,,,,,
,,,,esch,20,1,,,,,,,,,,,
,,,,esch,19,1,,,,,,,,,,,
,,,,esch,22,1,,,,,,,,,,,
,,,,esch,19,1,,,,,,,,,,,
,,,,hbu,20,,,,,,,,,,,,
,,,,bah,28,,,,,,,,,,,,
,,nw,t,esch,15,1,,,,,,,,,,,
,,,,esch,14,1,,,,,,,,,,,
,,,,esch,19,2,,,,,,,,,,,
,,,,esch,11,1,,,,,,,,,,,
,,,,esch,10,1,,,,,,,,,,,
,,,,esch,15,1,,,,,,,,,,,
,,,,esch,8,1,,,,,,,,,,,
,,,,esch,14,1,,,,,,,,,,,
,,,,esch,15,1,,,,,,,,,,,
,,,,bah,12,,,,,,,,,,,,
,,sw,t,esch,10,2,,,,,,,,,,,
,,,,esch,8,1,,,,,,,,,,,
,,,,esch,19,2,,,,,,,,,,,
,,,,esch,14,1,,,,,,,,,,,
,,,,esch,12,1,,,,,,,,,,,
,,,,esch,17,1,,,,,,,,,,,
,,,,esch,13,1,,,,,,,,,,,
,,,,esch,8,1,,,,,,,,,,,
9005,,so,t,esch,12,1,,,,,,,,,,,
,,,,esch,4,1,1,,,,,,,,,,
,,,,bah,15,,,,,,,,,,,,
,,,,esch,16,1,,,,,,,,,,,
,,,,esch,23,1,,,,,,,,,,,
,,,,esch,17,1,,,,,,,,,,,
,,,,esch,9,1,1,,,,,,,,,,
,,,,esch,6,1,1,,,,,,,,,,
,,,,esch,10,1,,,,,,,,,,,
,,,,esch,12,1,,,,,,,,,,,
,,mitte,t,esch,15,2,,,,,1,,,,,,
,,,,bah,14,,,,,,,,,,,,
,,,,esch,20,1,,,,,,,,,,,
,,nw,t,esch,21,1,,,,,,,,,,,
,,,,esch,19,1,,,,,,,,,,,
,,,,esch,25,1,,,,,,,,,,,
,,,,esch,18,3,,,,,1,,,,,,
,,,,esch,18,1,,,,,,,,,,,
,,,,esch,8,1,1,,,,,,,,,,
,,no,t,esch,19,1,,,,,,,,,,,
,,,,esch,28,2,,,,,1,,,,,,
,,,,esch,24,1,,,,,,,,,,,
,,,,esch,14,1,,,,,,,,,,,
,,,,esch,13,1,,,,,,,,,,,
,,,,esch,7,1,1,,,,,,,,,,
9006,,,,rbu,26,,,,,,,,,,,,
,,,,esch,17,2,,,,,1,,,,,,
,,,,esch,21,4,,,,,1,,1,,1,,
,,no,t,esch,15,1,,,,,,,,,,,
,,,,bah,25,,,,,,,,,,,,
,,,,esch,19,1,,,,,,,,,,,
,,,,esch,41,2,,,,,1,,,,,,
,,,,esch,18,1,,,,,,,1,18,1,,
,,,,esch,27,2,,,,,,,,,,,
,,,,esch,19,1,,,,,,,,,,,
,,mitte,t,esch,25,1,,,,,t1,,,,,,
,,sw,t,esch,13,1,,,,,,,,,,,
,,,,esch,15,3,,,,,,1,,,,,
,,,,bah,37,,,,,,,,,,,,
,,so,t,esch,27,4,,,,,,,,,,,
,,,,esch,15,2,,,,,,,,,,,
9007,,sw,t,esch,9,1,,,,,,,,,,,
,,,,esch,26,2,,,,,,,1,,,,
,,,,rbu,28,,,,,,,,,,,,
,,,,esch,25,1,,,,,,,,,,,
,,,,esch,14,1,,,,,,,,,,,
,,,,esch,40,1,,,,,,,,,,,
,,so,t,esch,12,1,,,,,,,,,,,
,,,,esch,13,1,,,,,,,,,,,
,,,,esch,18,1,,,,,,,,,,,
,,,,esch,19,1,,,,,,,,,,,
,,,,esch,13,1,,,,,,,,,,,
,,,,esch,10,1,,,,,,,,,,,
,,,,esch,10,1,,,,,,,,,,,
,,,,rbu,33,,,,,,,,,,,,
,,nw,t,esch,17,1,,,,,,,,,,,
,,,,esch,13,1,,,,,,,,,,,
,,,,esch,12,1,,,,,,,,,,,
,,,,esch,9,1,,,,,,,,,,,
,,,,esch,12,1,,,,,,,,,,,
,,,,esch,36,2,,,,,,,,,,,
,,,,esch,23,4,,,,,,,,,,,
,,,,esch,15,1,,,,,,,,,,,
,,,,esch,14,1,,,,,,,,,,,
,,,,esch,10,1,,,,,,,,,,,
,,,,esch,9,1,,,,,,,,,,,
,,,,esch,17,1,,,,,,,,,,,
,,,,bah,21,,,,,,,,,,,,
,,,,esch,23,1,,,,,,,,,,,
,,,,esch,10,1,,,,,,,,,,,
,,,,esch,10,1,,,,,,,,,,,
,,,,esch,9,1,,,,,,,,,,,
,,,,esch,17,1,,,,,,,,,,,
,,,,esch,12,1,,,,,,,,,,,
,,,,esch,27,1,,,,,,,,,,,
,,no,t,esch,7,1,,,,,,,,,,,
9008,,no,t,esch,11,1,,,,,,,,,,,war so
,,,,esch,12,1,,,,,,,,,,,
,,,,esch,8,1,,,,,,,,,,,
,,,,esch,13,1,,,,,,,,,,,
,,,,esch,11,1,,,,,,,,,,,
,,,,esch,13,1,,,,,,,,,,,
,,,,esch,11,1,,,,,,,,,,,
,,,,bah,29,,,,,,,,,,,,
,,,,bah,17,,,,,,,,,,,,
,,,,esch,14,1,,,,,,,,,,,
,,,,rbu,120,,,,,,,,,,,,
,,,,rbu,111,,,,,,,,,,,,
,,,,rbu,98,,,,,,,,,,,,
,,nw,t,esch,11,1,,,,,,,,,,,war makiert aber nicht im datensatz
,,,,esch,8,1,,,,,,,,,,,
,,,,esch,8,1,,,,,,,,,,,
,,,,esch,12,1,,,,,,,,,,,
,,,,esch,10,1,,,,,,,,,,,
,,,,esch,11,1,,,,,,,,,,,
,,,,esch,13,1,,,,,,,,,,,
,,,,esch,12,1,,,,,,,,,,,
,,,,bah,45,,,,,,,,,,,,
,,,,esch,8,1,,,,,,,,,,,
,,,,esch,21,1,,,,,,,,,,,
,,so,t,esch,17,1,,,,,,,,,,,
,,,,esch,13,1,,,,,,,,,,,
,,,,esch,6,1,,,,,,,,,,,
,,,,esch,7,1,,,,,,,,,,,
,,,,esch,10,1,,,,,,,,,,,
,,sw,t,esch,12,1,,,,,,,,,,t,
,,,,esch,11,1,,,,,,,,,,,
,,,,esch,15,1,,,,,,,,,,,
,,,,esch,9,1,,,,,,,,,,,
,,,,bah,16,,,,,,,,,,,,
,,,,esch,10,1,,,,,,,,,,,
,,,,esch,10,1,,,,,,,,,,,
,,,,esch,7,1,,,,,,,,,,,
,,,,esch,8,1,,,,,,,,,,,
,,,,esch,10,1,,,,,,,,,,,
,,,,esch,23,1,,,,,,,,,,,
,,,,esch,13,1,,,,,,,,,,,
9009,,so,t,esch,8,1,,,,,,,1,,,,
,,,,esch,26,5,,,,,3,,,,,,
,,,,esch,12,1,,,,,,,,,,,
,,,,esch,10,1,t,,,,,,,,,,
,,sw,t,esch,25,5,,,,,2,,,,,,
,,,,esch,8,1,t,,,,,,,,,,
,,,,esch,23,2,,,,,,1,,,,,
,,,,esch,17,1,,,,,,,,,,,
,,,,esch,25,1,,,,,,,,,,,
,,,,esch,9,1,t,,,,,,,,,,
,,,,esch,8,1,,,,,,,,,,,
,,,,bah,14,,,,,,,,,,,,
,,nw,t,esch,11,1,,,,,,,,,,,
,,no,t,esch,19,3,,,,,t3,,,19,,,
,,,,bah,6,,,,,,,,,,,,
9010,,,,bah,7,,,,,,,,,,,,
,,,,esch,7,1,t,,,,,,,,,,
,,,,bah,32,,,,,,,,,,,,
,,Mitte,t,esch,24,1,,,,,,,,,,,
,,,,esch,14,1,,,,,,,,,,,
,,,,ulmb,67,,,,,,,,,,,,
,,,,bah,20,,,,,,,,,,,,
,,,,esch,43,1,,,,,,,,,,,
,,nw,t,esch,14,1,,,,,,,1,,,,maus gefressen
,,,,esch,8,1,,,,,,,,,,,
,,,,esch,22,1,,,,,,,,,,,
,,,,bah,19,,,,,,,,,,,,
,,,,bah,15,,,,,,,,,,,,
9011,,so,t,esch,10,1,,,,,,,,,,,
,,,,esch,14,1,,,,,,,,,,,
,,,,bah,12,1,,,,,,,,,,,
,,,,esch,13,4,,,,,,,2,,,,
,,,,esch,8,1,,,,,,,,,,,
,,,,esch,13,1,,,,,,,,,,,
,,,,esch,24,1,,,,,,,,,,,
,,,,bah,21,,,,,,,,,,,,
,,,,esch,7,1,,,,,,,,,,,
,,,,esch,8,1,,,,,,,,,,,
,,,,esch,9,1,,,,,,,,,,,
,,sw,t,esch,8,1,,,,,,,,,,,
,,no,t,esch,7,1,,,,,,,1,,,,tot;abgefressen
,,,,esch,6,1,,,,,,,,,,,
,,,,esch,11,1,,,,,,,,,,,
,,,,esch,12,1,,,,,,,,,,,
,,,,esch,24,4,,,,,,,,,,,
,,,,esch,7,1,,,,,,,,,,,
,,,,esch,7,1,,,,,,,,,,,
,,,,esch,6,1,,,,,,,,,,,
,,,,esch,10,1,,,,,,,1,,,,
,,,,esch,14,1,,,,,,,,,,,
,,,,esch,15,1,,,,,,,,,,,
,,,,esch,40,,,,,,,,,,,,
,,,,hbu,34,,,,,,,,,,,,
,,Mitte,t,esch,21,3,,,,,,,1,,,,
9012,,sw,t,esch,7,1,,,,,,,,,,,
,,,,esch,8,1,,,,,,,,,,,
,,Mitte,t,esch,16,1,,,,,,,,,,,
,,,,esch,12,1,,,,,,,,,,,
9013,,,,lindewi,4,,,,,,,,,,,,
,,,,hbu,8,,,,,,,,,,,,
,,sw,t,esch,8,1,,,,,,,,,,,
,,,,hbu,8,,,,,,,,,,,,
,,,,lindewi,60,,,,,,,,,,,,
,,,,bah,18,,,,,,,,,,,,
,,,,hbu,21,,,,,,,,,,,,
,,so,t,esch,15,1,,,,,,,,,,,
,,,,esch,14,1,,,,,,,,,,,
,,,,lindewi,13,,,,,,,,,,,,
,,nw,t,esch,6,1,,,,,,,,,,,
9014,,,,lindewi,6,,,,,,,,,,,,
,,,,lindewi,5,,,,,,,,,,,,
,,,,lindewi,8,,,,,,,,,,,,
,,,,hbu,43,,,,,,,,,,,,
,,,,WeideSa,16,,,,,,,,,,,,
,,,,lindewi,6,,,,,,,,,,,,
,,,,pappel,38,,,,,,,,,,,,
,,,,lindewi,7,,,,,,,,,,,,
,,,,lindewi,10,,,,,,,,,,,,
,,,,lindewi,7,,,,,,,,,,,,
,,,,lindewi,7,,,,,,,,,,,,
,,,,lindewi,5,,,,,,,,,,,,
,,,,lindewi,7,,,,,,,,,,,,
9015,,nw,t,esch,6,,,,,,,,,,,,
,,,,lindewi,126,,,,,,,,,,,,stockausschlag im nw
,,,,hbu,12,,,,,,,,,,,,
,,,,esch,7,,,,,,,,,,,,
,,so,t,esch,7,1,,,,,,,,,,,
,,no,t,esch,14,1,,,,,,,,,,,
,,,,lindewi,24,,,,,,,,,,,,
,,,,lindewi,10,,,,,,,,,,,,
9016,,nw,t,esch,9,1,,,,,,,,,,,
,,,,bah,5,,,,,,,,,,,,
,,,,esch,11,1,,,,,,,,,,,
,,,,esch,7,1,,,,,,,,,,,
,,,,esch,8,1,,,,,,,,,,,
,,sw,t,esch,12,2,,,,,,,,,,,
,,,,esch,13,3,,,,,,,,,,,
,,no,t,esch,11,1,,,,,,,,,,,
,,,,esch,6,1,t,,,,,,,,,,
,,,,hbu,8,,,,,,,,,,,,
,,,,esch,13,1,,,,,,,,,,,
9017,,so,f,esch,,,,,,,,,,,,,große esche im nw u. sw umgefallen
,,,,esch,10,1,,,,,,,,,,,125 in nw 
,,,,hbu,11,,,,,,,,,,,,
,,,,hbu,28,,,,,,,,,,,,
,,,,esch,8,1,,,,,,,,,,,
,,,,bah,26,,,,,,,,,,,,
,,,,esch,7,,,,,,,,,,,,
,,no,t,esch,3,1,,,,,,,1,,,,tot
,,,,lindewi,71,,,,,,,,,,,,
,,,,lindewi,145,,,,,,,,,,,,
,,sw,t,esch,7,1,,,,,,,,,,,
,,,,hbu,34,,,,,,,,,,,,
,,,,hbu,31,,,,,,,,,,,,
,,,,esch,17,1,,,,,,,,,,,
,,,,hbu,5,,,,,,,,,,,,
,,,,esch,7,1,,,,,,,,,,,
,,,,esch,8,1,,,,,,,,,,,
,,,,esch,6,1,,,,,,,,,,,
,,nw,f,esch,,,,,,,,,,,,,baum drauf
