Plotnummer,Quadrant,Rueckegasse,Esche markiert,Baumart,Hoehe,Hoehe Vorjahr,Hoehe Vorvorjahr,Anzahl Triebe,ETS abgestorben frisch,ETS abgestorben alt,ETS lebend,Verbiss lebend,Verbiss tot,Sonstige Gruende tot,Bemerkungen,Rand,Zaun
74,no,,,bah,155,148,139,,,,,,,,,FALSE,FALSE
,,,,bah,242,223,163,,,,,,,,,FALSE,FALSE
,,,,bah,188,171,153,,,,,,,,,FALSE,FALSE
,,,,bah,147,135,122,,,,,,,,,FALSE,FALSE
,,,,bah,105,100,92,,,,,,,,,FALSE,FALSE
,,,,bah,180,155,127,,,,,,,,,FALSE,FALSE
,,,,bah,238,208,152,,,,,,,,,FALSE,FALSE
,,,,bah,161,151,134,,,,,,,,,FALSE,FALSE
,,,,bah,75,69,55,,,,,,,,,FALSE,FALSE
,,,,bah,150,133,120,,,,,,,,,FALSE,FALSE
,,,,bah,147,140,125,,,,,,,,,FALSE,FALSE
,,,no,esch,97,59,42,3,,,,,,2,"kriechend, 23 cm lang",FALSE,FALSE
,,,,bah,254,223,179,,,,,,,,,FALSE,FALSE
,,,,bah,124,115,101,,,,,,,,,FALSE,FALSE
,,,,sah,163,136,89,,,,,,,,,FALSE,FALSE
,,,,bah,134,127,114,,,,,,,,,FALSE,FALSE
,,,,bah,168,147,103,,,,,,,,,FALSE,FALSE
,,,,bah,79,70,64,,,,,,,,,FALSE,FALSE
,so,,,bah,148,143,122,,,,,,,,,FALSE,FALSE
,,,,hbu,306,297,286,,,,,,,,,FALSE,FALSE
,,,,bah,189,178,156,,,,,,,,,FALSE,FALSE
,,,,bah,142,127,103,,,,,,,,,FALSE,FALSE
,,,,esch,243,192,121,1,,,,,,,,FALSE,FALSE
,,,,bah,205,193,131,,,,,,,,,FALSE,FALSE
,,,,sah,154,125,88,,,,,,,,,FALSE,FALSE
,,,,sah,147,123,106,,,,,,,,,FALSE,FALSE
,,,,bah,120,114,96,,,,,,,,,FALSE,FALSE
,,,,bah,181,175,140,,,,,,,,,FALSE,FALSE
,,,,esch,146,120,81,4,,,,,,2,,FALSE,FALSE
,,,,rbu,444,423,410,,,,,,,,,FALSE,FALSE
,,,,esch,101,93,65,1,,,,,,,,FALSE,FALSE
,,,,rbu,1237,1045,795,,,,,,,,,FALSE,FALSE
,,,so,esch,265,210,147,1,,,,,,,,FALSE,FALSE
,,,,bah,154,147,140,,,,,,,,,FALSE,FALSE
,,,,bah,334,312,191,,,,,,,,,FALSE,FALSE
,,,,bah,223,198,137,,,,,,,,,FALSE,FALSE
,,,,bah,141,134,113,,,,,,,,,FALSE,FALSE
,,,,bah,160,154,139,,,,,,,,,FALSE,FALSE
,,,,bah,92,86,79,,,,,,,,,FALSE,FALSE
,,,,bah,5,110,101,,,,,,,,,FALSE,FALSE
,,,,bah,445,395,290,,,,,,,,,FALSE,FALSE
,,,,bah,93,87,80,,,,,,,,,FALSE,FALSE
,,,,bah,119,114,89,,,,,,,,,FALSE,FALSE
,,,,bah,152,140,124,,,,,,,,,FALSE,FALSE
,,,,bah,166,152,117,,,,,,,,,FALSE,FALSE
,sw,,,hba,140,136,134,,,,,,,,Bogenlampe,FALSE,FALSE
,,,,bah,186,171,151,,,,,,,,,FALSE,FALSE
,,,,sah,161,134,115,,,,,,,,,FALSE,FALSE
,,,,bah,96,,,,,,,,,,,FALSE,FALSE
,,,,sah,268,215,136,,,,,,,,,FALSE,FALSE
,,,,bah,132,123,110,,,,,,,,,FALSE,FALSE
,,,,bah,673,585,372,,,,,,,,,FALSE,FALSE
,,,,bah,212,189,152,,,,,,,,,FALSE,FALSE
,,,,bah,117,108,102,,,,,,,,,FALSE,FALSE
,,,,bah,127,119,107,,,,,,,,,FALSE,FALSE
,,,,bah,145,140,134,,,,,,,,,FALSE,FALSE
,,,,esch,267,198,139,1,,,,,,,,FALSE,FALSE
,,,,bah,148,142,134,,,,,,,,,FALSE,FALSE
,,,,bah,98,88,66,,,,,,,,,FALSE,FALSE
,,,,rbu,665,520,495,,,,,,,,,FALSE,FALSE
,,,,bah,159,149,119,,,,,,,,,FALSE,FALSE
,,,,bah,76,40,38,,,,,,,,kriechend,FALSE,FALSE
,,,,bah,97,89,66,,,,,,,,,FALSE,FALSE
,,,,esch,118,97,73,1,,,,,,,,FALSE,FALSE
,,,,hbu,88,84,74,,,,,,,,,FALSE,FALSE
,,,,bah,87,84,75,,,,,,,,,FALSE,FALSE
,,,,hbu,147,138,122,,,,,,,,,FALSE,FALSE
,,,,bah,121,112,103,,,,,,,,,FALSE,FALSE
,,,,rbu,1070,926,777,,,,,,,,,FALSE,FALSE
,,,,bah,253,232,188,,,,,,,,,FALSE,FALSE
,,,,sah,317,250,135,,,,,,,,,FALSE,FALSE
,,,sw,esch,60,,,1,,,,,,,,FALSE,FALSE
,nw,,,bah,65,52,37,,,,,,,,,FALSE,FALSE
,,,,bah,133,108,93,,,,,,,,,FALSE,FALSE
,,,,sah,221,185,145,,,,,,,,,FALSE,FALSE
,,,nw,esch,55,45,45,1,,,,,,,KRÜPPELIG,FALSE,FALSE
,,,,hbu,49,41,,,,,,,,,,FALSE,FALSE
,,,,hbu,49,,,,,,,,,,,FALSE,FALSE
,,,,hbu,193,187,184,,,,,,,,,FALSE,FALSE
,,,,bah,108,90,60,,,,,,,,,FALSE,FALSE
,,,,bah,339,254,199,,,,,,,,,FALSE,FALSE
,,,,bah,73,63,53,,,,,,,,,FALSE,FALSE
,,,,bah,86,77,65,,,,,,,,,FALSE,FALSE
,,,,bah,185,159,133,,,,,,,,,FALSE,FALSE
,,,,rbu,404,362,249,,,,,,,,,FALSE,FALSE
,,,,bah,130,108,95,,,,,,,,,FALSE,FALSE
,,,,esch,167,157,123,3,,,,,,1,,FALSE,FALSE
,,,,bah,92,80,61,,,,,,,,,FALSE,FALSE
,,,,bah,83,61,44,,,,,,,,,FALSE,FALSE
,,,,bah,68,62,55,,,,,,,,,FALSE,FALSE
,,,,bah,189,165,129,,,,,,,,,FALSE,FALSE
,,,,bah,105,84,79,,,,,,,,,FALSE,FALSE
,,,,esch,215,172,114,1,,,,,,,,FALSE,FALSE
,,,,bah,109,104,96,,,,,,,,,FALSE,FALSE
,,,,bah,125,119,112,,,,,,,,,FALSE,FALSE
75,,,,,,,,,,,,,,,"keine Verjüngung, Baum 1183 im Plot",FALSE,FALSE
76,no,,no,esch,250,212,193,3,,,,,,1,,FALSE,FALSE
,,,,bah,1250,964,690,,,,,,,,,FALSE,FALSE
,nw,,,bah,110,103,88,,,,,,,,,FALSE,FALSE
,sw,,,bah,1790,1355,880,,,,,,,,,FALSE,FALSE
,so,,,bah,900,843,740,,,,,,,,,FALSE,FALSE
,,,,bah,622,581,544,,,,,,,,,FALSE,FALSE
,,,,bah,273,220,166,,,,,,,,,FALSE,FALSE
,,,,bah,214,199,185,,,,,,,,,FALSE,FALSE
77,sw,,,hbu,433,285,255,,,,,,,,,FALSE,FALSE
,,,,hbu,340,271,265,,,,,,,,,FALSE,FALSE
,so,,,bah,121,104,87,,,,,,,,,FALSE,FALSE
,,,,bah,126,119,112,,,,,,,,,FALSE,FALSE
,,,,hbu,48,42,,,,,,,,,,FALSE,FALSE
,,,,esch,60,35,15,,,,,,,,vergraben unter Totholz,FALSE,FALSE
,nw,,,hbu,258,90,80,,,,,,,,,FALSE,FALSE
,no,,,hbu,280,185,150,,,,,,,,,FALSE,FALSE
,,,,bah,160,139,97,,,,,,,,,FALSE,FALSE
,,,,sah,215,153,100,,,,,,,,,FALSE,FALSE
,,,,bah,225,176,120,,,,,,,,,FALSE,FALSE
78,so,,,wildkirsche,609,551,401,,,,,,,,plot größtenteils von großem stubben bedeckt,FALSE,FALSE
,sw,,sw,esch,431,295,186,3,,,,,,2,,FALSE,FALSE
,,,,Cornus sanguinea,711,676,663,,,,,,,,,FALSE,FALSE
,no,,,bah,1708,1480,832,,,,,,,,,FALSE,FALSE
79,no,,,esch,70,61,40,1,,,,,,,,FALSE,FALSE
,,,,bah,90,,,,,,,,,,,FALSE,FALSE
,,,,bah,88,,,,,,,,,,,FALSE,FALSE
,,,,hbu,58,57,54,,,,,,,,,FALSE,FALSE
,,,,esch,134,121,96,2,t1,,,,,1,grüne Höhe 74,FALSE,FALSE
,nw,,,rbu,445,421,,,,,,,,,,FALSE,FALSE
,,,,sah,92,85,83,,,,,,,,,FALSE,FALSE
,,,,bah,73,65,52,,,,,,,,,FALSE,FALSE
,,,,sah,179,175,125,,,,,,,,,FALSE,FALSE
,,,,bah,239,222,140,,,,,,,,,FALSE,FALSE
,sw,,sw,esch,110,54,17,2,t1,,,,,,"grüne Höhe 94, liegend",FALSE,FALSE
,,,,esch,107,80,71,1,t1,,,,,,,FALSE,FALSE
,,,,bah,75,,,,,,,,,,,FALSE,FALSE
,,,,bah,144,134,104,,,,,,,,,FALSE,FALSE
,,,,sah,230,222,201,,,,,,,,,FALSE,FALSE
,so,,,esch,195,164,110,1,,,,,,,,FALSE,FALSE
,,,,esch,91,81,52,1,,,,,,,,FALSE,FALSE
,,,,esch,165,145,110,1,,,,,,,,FALSE,FALSE
,,,,bah,240,210,187,,,,,,,,,FALSE,FALSE
,,,,bah,165,147,100,,,,,,,,,FALSE,FALSE
,,,,esch,225,195,152,4,2,t2,,,,,,FALSE,FALSE
,,,,bah,206,190,172,,,,,,,,,FALSE,FALSE
,,,,bah,56,36,,,,,,,,,aus stärkerem Trieb neu ausgetrieben,FALSE,FALSE
80,so,,,bah,179,157,92,,,,,,,,,FALSE,FALSE
,,,,esch,246,185,132,1,,,,,,,,FALSE,FALSE
,,,,bah,154,138,129,,,,,,,,,FALSE,FALSE
,,,,hbu,50,,,,,,,,,,,FALSE,FALSE
,,,,esch,91,80,61,1,,,,,,,,FALSE,FALSE
,,,,esch,147,140,112,1,,,,,,,,FALSE,FALSE
,,,,esch,151,135,112,2,,,,,,,,FALSE,FALSE
,,,,rbu,100,75,56,,,,,,,,aus stärkerem Trieb ausgetrieben,FALSE,FALSE
,,,,bah,123,116,102,,,,,,,,,FALSE,FALSE
,,,,bah,246,201,152,,,,,,,,,FALSE,FALSE
,,,,bah,188,166,139,,,,,,,,,FALSE,FALSE
,,,,esch,116,102,90,1,,,,,,,,FALSE,FALSE
,sw,,,rbu,398,333,249,,,,,,,,,FALSE,FALSE
,,,,sah,340,259,205,,,,,,,,,FALSE,FALSE
,,,,bah,140,134,125,,,,,,,,,FALSE,FALSE
,,,,bah,191,165,130,,,,,,,,,FALSE,FALSE
,,,,esch,131,103,86,,,,,,,,,FALSE,FALSE
,,,sw,esch,112,102,91,1,,,,,,,,FALSE,FALSE
,,,,bah,101,90,76,,,,,,,,,FALSE,FALSE
,,,,esch,81,79,63,2,,,,,,,,FALSE,FALSE
,,,,hbu,50,46,,,,,,,,,,FALSE,FALSE
,nw,,,esch,212,156,125,1,t1,,,,,,grüne Höhe 125,FALSE,FALSE
,,,,bah,123,116,100,,,,,,,,,FALSE,FALSE
,,,,sah,265,254,171,,,,,,,,,FALSE,FALSE
,,,,bah,227,198,168,,,,,,,,,FALSE,FALSE
,,,,bah,95,83,53,,,,,,,,,FALSE,FALSE
,,,nw,esch,132,125,108,1,,,,,,,,FALSE,FALSE
,,,,esch,91,56,35,2,,,,,,1,,FALSE,FALSE
,,,,bah,218,188,169,,,,,,,,,FALSE,FALSE
,,,,bah,95,74,58,,,,,,,,,FALSE,FALSE
,,,,hbu,50,,,,,,,,,,,FALSE,FALSE
,no,,,bah,171,157,133,,,,,,,,,FALSE,FALSE
,,,,bah,177,155,140,,,,,,,,,FALSE,FALSE
,,,,hbu,58,50,,,,,,,,,,FALSE,FALSE
,,,,bah,55,,,,,,,,,,,FALSE,FALSE
,,,,bah,261,223,145,,,,,,,,,FALSE,FALSE
,,,,bah,203,188,134,,,,,,,,,FALSE,FALSE
,,,no,esch,160,123,90,2,,,,,,,,FALSE,FALSE
,,,,bah,115,102,90,,,,,,,,,FALSE,FALSE
,,,,bah,75,68,53,,,,,,,,,FALSE,FALSE
,,,,bah,185,160,116,,,,,,,,,FALSE,FALSE
,,,,rbu,270,245,193,,,,,,,,,FALSE,FALSE
81,sw,,,esch,137,122,100,2,,,,,1,,,FALSE,FALSE
,,,,esch,105,93,79,1,,,,,,,,FALSE,FALSE
,so,,,bah,352,287,221,,,,,,,,,FALSE,FALSE
,,,,bah,232,185,148,,,,,,,,,FALSE,FALSE
,,,,hbu,65,60,56,,,,,,,,,FALSE,FALSE
,,,,hbu,30,24,,,,,,,,,,FALSE,FALSE
,no,,,rbu,775,690,580,,,,,,,,,FALSE,FALSE
,,,no,esch,126,99,78,1,,,,,,,,FALSE,FALSE
82,sw,,,rbu,4340,4220,3750,,,,,,,,Baum 1077 im sw,FALSE,FALSE
83,nw,,,bah,5200,4795,4123,,,,,,,,,FALSE,FALSE
84,sw,,,sah,170,160,155,,,,,,,,,FALSE,FALSE
,,,,bah,100,92,72,,,,,,,,,FALSE,FALSE
,no,,,sah,196,178,169,,,,,,,,,FALSE,FALSE
85,no,,,rbu,1650,1067,820,,,,,,,,,FALSE,FALSE
,,,,bah,60,,,,,,,,,,,FALSE,FALSE
,sw,,,sah,163,135,98,,,,,,,,,FALSE,FALSE
,,,,bah,354,320,235,,,,,,,,,FALSE,FALSE
,,,,sah,620,610,595,,,,,,,,,FALSE,FALSE
,so,,,bah,209,168,140,,,,,,,,,FALSE,FALSE
,,,,bah,368,332,134,,,,,,,,,FALSE,FALSE
,,,,bah,280,259,210,,,,,,,,,FALSE,FALSE
,,,,sah,424,389,357,,,,,,,,,FALSE,FALSE
,,,,bah,1023,90595,888,,,,,,,,,FALSE,FALSE
,,,,bah,1252,943,653,,,,,,,,,FALSE,FALSE
86,sw,,,sah,454,403,352,,,,,,,,"Bach fließt durch, sehr viel Totholz",FALSE,FALSE
87,sw,,,bah,145,142,130,,,,,,,,,FALSE,FALSE
,nw,,,hbu,59,46,,,,,,,,,,FALSE,FALSE
,,,,bah,49,34,,,,,,,,,,FALSE,FALSE
,,,,sah,115,98,85,,,,,,,,,FALSE,FALSE
,,,,bah,790,746,565,,,,,,,,,FALSE,FALSE
,,,,hbu,68,57,,,,,,,,,,FALSE,FALSE
,,,,bah,90,83,,,,,,,,,,FALSE,FALSE
,,,,hbu,74,45,39,,,,,,,,,FALSE,FALSE
,no,,,bah,70,61,49,,,,,,,,,FALSE,FALSE
,,,,hbu,55,45,,,,,,,,,,FALSE,FALSE
,,,,hbu,43,36,,,,,,,,,,FALSE,FALSE
,sw,,,bah,100,92,84,,,,,,,,,FALSE,FALSE
,no,,,hbu,60,54,,,,,,,,,,FALSE,FALSE
,,,,bah,63,59,50,,,,,,,,,FALSE,FALSE
,,,,hbu,55,48,,,,,,,,,,FALSE,FALSE
,,,,esch,85,78,66,2,,,,,,,,FALSE,FALSE
,,,,sah,208,192,166,,,,,,,,,FALSE,FALSE
,,,,sah,220,202,175,,,,,,,,,FALSE,FALSE
,so,,so,esch,63,59,55,1,,,,,,,,FALSE,FALSE
,,,,bah,96,88,69,,,,,,,,,FALSE,FALSE
,,,,bah,100,97,78,,,,,,,,,FALSE,FALSE
,,,,sah,103,100,84,,,,,,,,,FALSE,FALSE
,,,,sah,183,170,157,,,,,,,,,FALSE,FALSE
,,,,hbu,58,53,,,,,,,,,,FALSE,FALSE
,,,,hbu,46,42,40,,,,,,,,,FALSE,FALSE
88,nw,,nw,esch,121,101,82,1,,,,,,,,FALSE,FALSE
,,,,bah,337,288,262,,,,,,,,,FALSE,FALSE
,,,,bah,123,115,102,,,,,,,,,FALSE,FALSE
,,,,bah,130,127,116,,,,,,,,,FALSE,FALSE
,,,,bah,111,96,81,,,,,,,,,FALSE,FALSE
,,,,bah,99,95,84,,,,,,,,,FALSE,FALSE
,,,,bah,133,125,114,,,,,,,,,FALSE,FALSE
,,,,hbu,445,352,348,,,,,,,,,FALSE,FALSE
,,,,bah,191,160,142,,,,,,,,,FALSE,FALSE
,,,,bah,106,102,92,,,,,,,,,FALSE,FALSE
,,,,bah,167,154,101,,,,,,,,,FALSE,FALSE
,,,,bah,84,73,65,,,,,,,,schief,FALSE,FALSE
,,,,sah,171,105,100,,,,,,,,neuaustrieb aus dickerem trieb,FALSE,FALSE
,,,,bah,122,113,102,,,,,,,,,FALSE,FALSE
,,,,bah,207,190,178,,,,,,,,,FALSE,FALSE
,,,,bah,344,297,269,,,,,,,,,FALSE,FALSE
,sw,,,bah,116,110,93,,,,,,,,,FALSE,FALSE
,,,,bah,202,174,140,,,,,,,,,FALSE,FALSE
,,,,bah,103,91,80,,,,,,,,,FALSE,FALSE
,,,,sah,220,215,210,,,,,,,,,FALSE,FALSE
,,,,sah,720,628,491,,,,,,,,,FALSE,FALSE
,,,,sah,160,157,155,,,,,,,,,FALSE,FALSE
,,,,sah,115,90,71,,,,,,,,,FALSE,FALSE
,,,,sah,195,190,181,,,,,,,,,FALSE,FALSE
,,,,sah,235,192,168,,,,,,,,,FALSE,FALSE
,,,,bah,114,109,93,,,,,,,,,FALSE,FALSE
,,,,bah,140,130,121,,,,,,,,,FALSE,FALSE
,,,,bah,112,110,99,,,,,,,,,FALSE,FALSE
,,,,bah,650,555,446,,,,,,,,,FALSE,FALSE
,,,,sah,210,200,179,,,,,,,,,FALSE,FALSE
,so,,,sah,63,50,,,,,,,,,,FALSE,FALSE
,,,,bah,85,75,65,,,,,,,,,FALSE,FALSE
,,,,bah,403,381,300,,,,,,,,,FALSE,FALSE
,,,,esch,113,98,91,1,,,,,,,,FALSE,FALSE
,,,,bah,95,89,74,,,,,,,,,FALSE,FALSE
,,,,sah,97,87,73,,,,,,,,,FALSE,FALSE
,,,,bah,109,102,93,,,,,,,,,FALSE,FALSE
,,,,sah,65,60,52,,,,,,,,,FALSE,FALSE
,,,,bah,111,108,100,,,,,,,,,FALSE,FALSE
,,,,bah,80,78,70,,,,,,,,,FALSE,FALSE
,,,,sah,229,211,188,,,,,,,,,FALSE,FALSE
,,,,bah,391,338,281,,,,,,,,,FALSE,FALSE
,,,,sah,185,175,162,,,,,,,,,FALSE,FALSE
,,,,bah,125,110,83,,,,,,,,,FALSE,FALSE
,,,,bah,211,157,113,,,,,,,,,FALSE,FALSE
,,,,sah,104,88,75,,,,,,,,,FALSE,FALSE
,,,,bah,223,163,139,,,,,,,,,FALSE,FALSE
,,,,bah,187,182,160,,,,,,,,,FALSE,FALSE
,,,,sah,150,131,99,,,,,,,,,FALSE,FALSE
,,,,sah,112,103,82,,,,,,,,,FALSE,FALSE
,,,,bah,139,123,119,,,,,,,,,FALSE,FALSE
,,,,bah,82,69,48,,,,,,,,,FALSE,FALSE
,,,,sah,206,200,195,,,,,,,,,FALSE,FALSE
,,,,bah,1205,851,505,,,,,,,,,FALSE,FALSE
,,,,bah,105,95,74,,,,,,,,,FALSE,FALSE
,,,,bah,115,96,74,,,,,,,,,FALSE,FALSE
,,,,sah,110,106,91,,,,,,,,,FALSE,FALSE
,no,,,bah,186,161,121,,,,,,,,,FALSE,FALSE
,,,,hbu,778,625,550,,,,,,,,,FALSE,FALSE
,,,,bah,252,218,142,,,,,,,,,FALSE,FALSE
,,,,bah,222,187,161,,,,,,,,,FALSE,FALSE
,,,,sah,106,95,75,,,,,,,,,FALSE,FALSE
,,,,bah,155,146,111,,,,,,,,,FALSE,FALSE
,,,,sah,100,82,69,,,,,,,,,FALSE,FALSE
,,,,bah,111,105,86,,,,,,,,,FALSE,FALSE
,,,,sah,192,181,137,,,,,,,,,FALSE,FALSE
,,,,bah,130,119,104,,,,,,,,,FALSE,FALSE
,,,,bah,116,105,86,,,,,,,,,FALSE,FALSE
,,,,sah,95,81,68,,,,,,,,,FALSE,FALSE
,,,,sah,19,93,83,,,,,,,,,FALSE,FALSE
,,,,bah,113,110,95,,,,,,,,,FALSE,FALSE
,,,,bah,225,193,140,,,,,,,,,FALSE,FALSE
,,,,bah,164,150,131,,,,,,,,,FALSE,FALSE
,,,,sah,185,181,177,,,,,,,,,FALSE,FALSE
,,,,sah,79,66,59,,,,,,,,,FALSE,FALSE
,,,,bah,100,94,83,,,,,,,,,FALSE,FALSE
,,,,bah,101,94,82,,,,,,,,,FALSE,FALSE
,,,,bah,223,193,164,,,,,,,,,FALSE,FALSE
,,,,bah,550,415,326,,,,,,,,,FALSE,FALSE
,,,,bah,88,81,74,,,,,,,,,FALSE,FALSE
89,,,, ,,,,,,,,,,,keine Bäume,FALSE,FALSE
90,nw,,,bah,158,152,141,,,,,,,,,FALSE,FALSE
,,,,bah,215,200,185,,,,,,,,,FALSE,FALSE
,,,,bah,175,168,157,,,,,,,,,FALSE,FALSE
,,,,bah,100,89,78,,,,,,,,,FALSE,FALSE
,no,,,fah,911,731,714,,,,,,,,,FALSE,FALSE
,,,,bah,116,98,80,,,,,,,,,FALSE,FALSE
,,,,bah,91,85,77,,,,,,,,,FALSE,FALSE
,sw,,,bah,101,89,78,,,,,,,,,FALSE,FALSE
,,,,sah,180,165,145,,,,,,,,,FALSE,FALSE
,,,,sah,190,180,173,,,,,,,,,FALSE,FALSE
,no,,,hbu,53,50,44,,,,,,,,,FALSE,FALSE
,so,,,hbu,57,55,,,,,,,,,,FALSE,FALSE
,,,,hbu,65,60,,,,,,,,,,FALSE,FALSE
,,,,bah,112,104,85,,,,,,,,,FALSE,FALSE
,,,,bah,140,134,129,,,,,,,,,FALSE,FALSE
,,,so,esch,66,57,54,1,,,,,,,,FALSE,FALSE
91,no,,,sah,212,190,172,,,,,,,,,FALSE,FALSE
,so,,,bah,1854,1561,1149,,,,,,,,,FALSE,FALSE
,,,,esch,107,92,,3,,,,,,t1,neuaustrieb aus altem Trieb,FALSE,FALSE
,,,so,esch,386,368,273,4,,2,,,,,,FALSE,FALSE
,,,,bah,407,405,392,,,,,,,,Seitentrieb spitze abgestorben,FALSE,FALSE
,,,,esch,344,329,284,7,2,,,t1,,2,,FALSE,FALSE
,nw,,,bah,1202,1081,865,,,,,,,,,FALSE,FALSE
,,,,rbu,2323,2051,1769,,,,,,,,,FALSE,FALSE
,,,nw,esch,129,115,102,2,,,,,,2,,FALSE,FALSE
,,,,fah,449,427,416,,,,,,,,,FALSE,FALSE
,,,,bah,1790,1604,1125,,,,,,,,,FALSE,FALSE
92,so,,,bah,135,123,105,,,,,,,,Baum 1068 steht im Plot,FALSE,FALSE
,sw,,,esch,136,105,88,3,,1,,,,1,,FALSE,FALSE
,,,,esch,105,65,60,3,,,,,1,,,FALSE,FALSE
,,,,esch,136,114,100,1,,,,,,,,FALSE,FALSE
,,,,rbu,245,242,240,,,,,,,,,FALSE,FALSE
,,,sw,esch,100,88,70,2,,,,,,1,,FALSE,FALSE
,nw,,,esch,173,146,117,4,,t1,,,,1,,FALSE,FALSE
,,,,sah,95,88,80,,,,,,,,,FALSE,FALSE
,,,nw,esch,75,73,65,1,,,,,,,,FALSE,FALSE
,,,,rbu,156,150,148,,,,,,,,,FALSE,FALSE
,,,,bah,106,99,88,,,,,,,,,FALSE,FALSE
,,,,rbu,89,86,84,,,,,,,,,FALSE,FALSE
93,,,, ,,,,,,,,,,,keine Bäume dafür Matsch,FALSE,FALSE
94,,,, ,,,,,,,,,,,Rand,TRUE,FALSE
95,no,,no,esch,198,117,76,3,,,,,,1,,FALSE,FALSE
,,,,esch,140,130,116,4,,,,,,1,krumm,FALSE,FALSE
,,,,hbu,58,55,48,,,,,,,,,FALSE,FALSE
,,,,bah,96,79,58,,,,,,,,,FALSE,FALSE
,,,,bah,155,153,145,,,,,,,,,FALSE,FALSE
,,,,esch,173,130,64,3,,,,,,2,,FALSE,FALSE
,,,,rbu,241,219,204,,,,,,,,,FALSE,FALSE
,,,,bah,66,57,,,,,,,,,,FALSE,FALSE
,,,,bah,70,64,,,,,,,,,,FALSE,FALSE
,,,,rbu,404,383,339,,,,,,,,,FALSE,FALSE
,nw,,nw,esch,89,86,67,1,,,,,,,krumm,FALSE,FALSE
,,,,rbu,251,247,233,,,,,,,,,FALSE,FALSE
,,,,bah,66,58,,,,,,,,,,FALSE,FALSE
,,,,rbu,220,212,175,,,,,,,,,FALSE,FALSE
,,,,esch,67,55,,1,,,T1,,,,,FALSE,FALSE
,,,,bah,134,125,,,,,,,,,,FALSE,FALSE
,,,,rbu,120,117,114,,,,,,,,,FALSE,FALSE
,,,,esch,252,190,120,1,t1,,,,,,grüne Höhe 65,FALSE,FALSE
,,,,esch,87,60,48,2,t1,,,,,,,FALSE,FALSE
,,,,bah,89,78,66,,,,,,,,,FALSE,FALSE
,,,,bah,95,80,63,,,,,,,,,FALSE,FALSE
,,,,esch,55,40,75,1,,,,,,,liegend,FALSE,FALSE
,,,,esch,159,140,111,4,,,,,1,,,FALSE,FALSE
,,,,bah,146,133,128,,,,,,,,,FALSE,FALSE
,,,,esch,101,219,132,1,,,,,,,,FALSE,FALSE
,,,,rbu,230,183,152,,,,,,,,,FALSE,FALSE
,,,,esch,335,265,183,1,,,,,,,,FALSE,FALSE
,,,,esch,60,51,42,2,,,,,1,,,FALSE,FALSE
,,,,esch,188,150,100,2,,,,,,,,FALSE,FALSE
,,,,esch,155,120,102,1,,,,,,,,FALSE,FALSE
,,,,esch,114,75,,1,,,,,,,,FALSE,FALSE
,,,,sah,122,114,113,,,,,,,,,FALSE,FALSE
,,,,esch,236,157,135,1,,,,,,,,FALSE,FALSE
,,,,rbu,139,136,130,,,,,,,,,FALSE,FALSE
,,,,esch,122,103,70,1,,,,,,,,FALSE,FALSE
,,,,esch,109,100,69,1,,,,,,,liegt zur Hälfte,FALSE,FALSE
,,,,esch,95,78,48,1,,,,,,,liegt zur Hälfte,FALSE,FALSE
,sw,,,esch,79,69,58,1,,,,,,,liegend,FALSE,FALSE
,,,,hbu,63,61,,,,,,,,,,FALSE,FALSE
,,,,hbu,35,30,,,,,,,,,,FALSE,FALSE
,,,,hbu,54,,,,,,,,,,,FALSE,FALSE
,,,,bah,132,122,101,,,,,,,,,FALSE,FALSE
,,,,esch,129,114,95,1,,,,,,,kriechend,FALSE,FALSE
,,,,rbu,236,192,185,,,,,,,,,FALSE,FALSE
,,,,rbu,260,253,240,,,,,,,,,FALSE,FALSE
,,,,hbu,47,43,,,,,,,,,,FALSE,FALSE
,,,,hbu,57,54,,,,,,,,,,FALSE,FALSE
,,,,rbu,174,168,149,,,,,,,,,FALSE,FALSE
,,,,rbu,129,123,117,,,,,,,,,FALSE,FALSE
,,,,esch,71,63,37,2,,,,,,1,,FALSE,FALSE
,,,,esch,132,104,88,2,,,,,,,,FALSE,FALSE
,,,,esch,148,98,75,2,,,,,,1,,FALSE,FALSE
,,,,esch,176,155,115,1,,,,,,,,FALSE,FALSE
,,,,hbu,63,,,,,,,,,,,FALSE,FALSE
,,,sw,esch,198,140,112,1,,,,,,,,FALSE,FALSE
,,,,esch,244,193,133,1,,,,,,,,FALSE,FALSE
,,,,rbu,240,237,218,,,,,,,,,FALSE,FALSE
,,,,rbu,220,216,204,,,,,,,,,FALSE,FALSE
,,,,esch,227,155,96,1,,,,,,,,FALSE,FALSE
,so,,,hbu,37,35,,,,,,,,,,FALSE,FALSE
,,,,hbu,54,49,,,,,,,,,,FALSE,FALSE
,,,,esch,147,111,82,3,,,,,,1,,FALSE,FALSE
,,,,hbu,52,48,,,,,,,,,,FALSE,FALSE
,,,,bah,107,100,80,,,,,,,,,FALSE,FALSE
,,,,esch,49,,,1,,,,,,,,FALSE,FALSE
,,,,bah,70,,,,,,,,,,,FALSE,FALSE
,,,,hbu,66,62,56,,,,,,,,,FALSE,FALSE
,,,,bah,73,61,,,,,,,,,,FALSE,FALSE
,,,,hbu,45,37,,,,,,,,,,FALSE,FALSE
,,,,hbu,69,60,,,,,,,,,,FALSE,FALSE
,,,,bah,61,58,,,,,,,,,,FALSE,FALSE
,,,,esch,240,144,98,1,,,,,,,,FALSE,FALSE
,,,,hbu,51,46,,,,,,,,,,FALSE,FALSE
,,,,hbu,61,58,,,,,,,,,,FALSE,FALSE
,,,,hbu,62,,,,,,,,,,,FALSE,FALSE
,,,,bah,85,76,,,,,,,,,,FALSE,FALSE
,,,,sah,167,151,148,,,,,,,,,FALSE,FALSE
,,,,bah,138,122,105,,,,,,,,,FALSE,FALSE
,,,,hbu,53,50,,,,,,,,,,FALSE,FALSE
,,,,bah,87,79,,,,,,,,,,FALSE,FALSE
96,nw,,nw,esch,135,122,94,2,,,,,,1,,FALSE,FALSE
,,,,hbu,65,35,24,,,,,,,,,FALSE,FALSE
,,,,hbu,97,89,86,,,,,,,,,FALSE,FALSE
,,,,esch,70,62,,1,,,,,,,,FALSE,FALSE
,,,,bah,132,111,95,,,,,,,,,FALSE,FALSE
,,,,bah,155,124,100,,,,,,,,,FALSE,FALSE
,,,,bah,188,142,116,,,,,,,,,FALSE,FALSE
,,,,bah,162,142,125,,,,,,,,,FALSE,FALSE
,,,,hbu,79,67,28,,,,,,,,,FALSE,FALSE
,,,,sah,209,200,134,,,,,,,,,FALSE,FALSE
,,,,esch,157,120,84,1,t1,,,,,,grüne Höhe 85,FALSE,FALSE
,,,,bah,91,83,73,,,,,,,,,FALSE,FALSE
,,,,bah,168,137,106,,,,,,,,,FALSE,FALSE
,,,,esch,135,110,95,1,,,,,,,,FALSE,FALSE
,,,,bah,168,137,120,,,,,,,,,FALSE,FALSE
,sw,,sw,esch,129,103,83,1,,,,,,,,FALSE,FALSE
,,,,bah,144,130,119,,,,,,,,,FALSE,FALSE
,,,,sah,238,230,125,,,,,,,,,FALSE,FALSE
,,,,esch,180,112,75,1,,,,,,,,FALSE,FALSE
,,,,bah,100,92,83,,,,,,,,,FALSE,FALSE
,,,,sah,310,261,233,,,,,,,,,FALSE,FALSE
,,,,hbu,86,79,73,,,,,,,,,FALSE,FALSE
,,,,hbu,262,228,188,,,,,,,,,FALSE,FALSE
,,,,rbu,174,147,139,,,,,,,,,FALSE,FALSE
,,,,sah,165,148,116,,,,,,,,,FALSE,FALSE
,,,,rbu,189,161,159,,,,,,,,,FALSE,FALSE
,,,,esch,127,102,78,1,,,,,,,,FALSE,FALSE
,,,,esch,89,71,52,1,,,,,,,,FALSE,FALSE
,,,,wildkirsche,291,230,221,,,,,,,,,FALSE,FALSE
,so,,,bah,118,109,93,,,,,,,,,FALSE,FALSE
,,,,rbu,733,512,470,,,,,,,,,FALSE,FALSE
,,,,bah,70,63,54,,,,,,,,,FALSE,FALSE
,,,,rbu,680,530,440,,,,,,,,,FALSE,FALSE
,,,so,esch,88,82,76,1,,,,,,,,FALSE,FALSE
,,,,bah,117,111,93,,,,,,,,,FALSE,FALSE
,,,,rbu,655,520,480,,,,,,,,,FALSE,FALSE
,,,,bah,108,101,93,,,,,,,,,FALSE,FALSE
,,,,bah,106,103,,,,,,,,,Austrieb aus älterem Rest,FALSE,FALSE
,,,,rbu,250,234,224,,,,,,,,,FALSE,FALSE
,,,,sah,155,131,103,,,,,,,,,FALSE,FALSE
,,,,bah,140,122,106,,,,,,,,,FALSE,FALSE
,,,,esch,118,101,91,1,,,,,,,,FALSE,FALSE
,,,,esch,97,86,78,1,,,,,,,,FALSE,FALSE
,,,,sah,142,117,101,,,,,,,,,FALSE,FALSE
,,,,esch,120,103,85,1,,,,,,,,FALSE,FALSE
,,,,bah,234,200,173,,,,,,,,,FALSE,FALSE
,,,,hbu,119,110,91,,,,,,,,,FALSE,FALSE
,,,,hbu,100,91,85,,,,,,,,,FALSE,FALSE
,,,,esch,124,105,89,1,,,,,,,,FALSE,FALSE
,,,,sah,292,282,244,,,,,,,,,FALSE,FALSE
,no,,,rbu,493,420,274,,,,,,,,,FALSE,FALSE
,,,,bah,124,115,105,,,,,,,,,FALSE,FALSE
,,,,sah,155,153,150,,,,,,,,,FALSE,FALSE
,,,,esch,127,112,86,1,,,,,,,,FALSE,FALSE
,,,,esch,222,160,112,1,,,,,,,,FALSE,FALSE
,,,,esch,151,125,89,1,,,,,,,,FALSE,FALSE
,,,,sah,109,104,101,,,,,,,,,FALSE,FALSE
,,,,hbu,133,125,106,,,,,,,,,FALSE,FALSE
,,,,bah,106,95,82,,,,,,,,,FALSE,FALSE
,,,,esch,169,135,110,1,,,,,,,,FALSE,FALSE
,,,,bah,211,183,160,,,,,,,,,FALSE,FALSE
,,,,esch,141,130,112,1,,,,,,,,FALSE,FALSE
,,,,hbu,133,109,80,,,,,,,,,FALSE,FALSE
,,,,esch,265,184,123,1,,,,,,,,FALSE,FALSE
,,,,esch,88,54,,2,,,,,,1,neuaqustrieb aus altem Rest,FALSE,FALSE
,,,,bah,347,240,178,,,,,,,,,FALSE,FALSE
,,,,esch,128,103,88,2,,,,,,,,FALSE,FALSE
,,,no,esch,131,100,80,1,,,,,,,,FALSE,FALSE
,,,,sah,172,133,100,,,,,,,,,FALSE,FALSE
,,,,bah,110,96,84,,,,,,,,,FALSE,FALSE
,,,,bah,136,125,90,,,,,,,,,FALSE,FALSE
97,nw,,,bah,115,100,87,,,,,,,,,FALSE,FALSE
,,,,bah,94,84,66,,,,,,,,,FALSE,FALSE
,,,,bah,80,74,68,,,,,,,,,FALSE,FALSE
,,,,bah,119,110,97,,,,,,,,,FALSE,FALSE
,,,,bah,155,147,90,,,,,,,,,FALSE,FALSE
,sw,,sw,esch,220,156,131,,,,,,,,,FALSE,FALSE
,,,,sah,164,145,140,,,,,,,,,FALSE,FALSE
,so,,,bah,131,120,109,,,,,,,,,FALSE,FALSE
,,,,bah,150,141,126,,,,,,,,,FALSE,FALSE
,,,so,esch,159,137,114,,,,,,,,,FALSE,FALSE
,,,,bah,171,153,137,,,,,,,,,FALSE,FALSE
,,,,bah,150,142,,,,,,,,,,FALSE,FALSE
,no,,,bah,135,128,110,,,,,,,,,FALSE,FALSE
98,no,,,hbu,2314,2070,1685,,,,,,,,,FALSE,FALSE
,,,,sah,529,470,346,,,,,,,,,FALSE,FALSE
,,,,esch,145,125,102,2,t1,1,,,,,,FALSE,FALSE
,so,,,hbu,1590,1182,855,,,,,,,,,FALSE,FALSE
,,,,bah,368,236,219,,,,,,,,,FALSE,FALSE
99,sw,,,sah,209,202,191,,,,,,,,,FALSE,FALSE
,,,,bah,227,170,139,,,,,,,,,FALSE,FALSE
,,,,bah,125,119,110,,,,,,,,,FALSE,FALSE
,,,,bah,108,91,83,,,,,,,,,FALSE,FALSE
,,,,sah,54,46,,,,,,,,,,FALSE,FALSE
,so,,,bah,1072,744,663,,,,,,,,,FALSE,FALSE
,,,,sah,107,98,67,,,,,,,,,FALSE,FALSE
,,,,sah,154,140,137,,,,,,,,,FALSE,FALSE
,,,,bah,94,82,72,,,,,,,,,FALSE,FALSE
,no,,,bah,237,188,160,,,,,,,,,FALSE,FALSE
,,,,bah,127,112,95,,,,,,,,,FALSE,FALSE
,,,,bah,179,158,150,,,,,,,,,FALSE,FALSE
,,,,bah,41,23,,,,,,,,,,FALSE,FALSE
,,,,bah,100,87,70,,,,,,,,,FALSE,FALSE
,nw,,,bah,353,256,238,,,,,,,,,FALSE,FALSE
,,,,bah,100,81,64,,,,,,,,,FALSE,FALSE
,,,,sah,232,219,188,,,,,,,,,FALSE,FALSE
,,,,esch,114,90,70,1,t1,,,,,,,FALSE,FALSE
,,,,sah,90,76,56,,,,,,,,,FALSE,FALSE
,,,,sah,93,82,65,,,,,,,,,FALSE,FALSE
,,,,bah,121,109,96,,,,,,,,,FALSE,FALSE
52,sw,,,bah,4525,3868,3024,,,,,,,,44603,FALSE,FALSE
,,,,hbu,3424,3374,3044,,,,,,,,,FALSE,FALSE
,,,,hbu,6782,6177,5590,,,,,,,,,FALSE,FALSE
,,,sw,esch,1154,1083,957,11,,,,,,4,,FALSE,FALSE
,,,,hbu,2634,2492,2287,,,,,,,,,FALSE,FALSE
,,,,hbu,2436,2413,2270,,,,,,,,,FALSE,FALSE
,nw,,,bah,5240,4880,3560,,,,,,,,,FALSE,FALSE
,no,,,hbu,2685,2498,1774,,,,,,,,,FALSE,FALSE
,,,no,esch,207,198,176,1,,,,,,,,FALSE,FALSE
53,no,,,sah,286,222,180,,,,,,,,,FALSE,FALSE
,,,,bah,3717,3495,3175,,,,,,,,,FALSE,FALSE
,,,,bah,225,203,123,,,,,,,,,FALSE,FALSE
,,,,bah,164,154,145,,,,,,,,,FALSE,FALSE
,nw,,,sah,277,256,230,,,,,,,,,FALSE,FALSE
,,,nw,esch,470,438,405,7,,,,,,4,,FALSE,FALSE
,,,,hbu,1120,1098,1023,,,,,,,,,FALSE,FALSE
,sw,,sw,esch,223,205,174,2,,,,,,1,,FALSE,FALSE
,so,,so,esch,311,284,267,4,,,,,,2,,FALSE,FALSE
54,nw,,nw,esch,465,383,361,6,,,,,,2,Neuaustrieb aud dickem,FALSE,FALSE
,,,,esch,136,120,113,1,,,,,,,,FALSE,FALSE
,,,,bah,122,119,111,,,,,,,,,FALSE,FALSE
,,,,hbu,2140,1987,1868,,,,,,,,,FALSE,FALSE
,sw,,,sah,470,462,375,,,,,,,,,FALSE,FALSE
,so,,,bah,304,280,216,,,,,,,,,FALSE,FALSE
,,,,hbu,160,119,95,,,,,,,,,FALSE,FALSE
,,,,esch,357,306,285,3,,,,,,1,,FALSE,FALSE
,,,,bah,380,371,311,,,,,,,,,FALSE,FALSE
,,,,hbu,188,162,147,,,,,,,,,FALSE,FALSE
,,,so,esch,597,471,465,10,2,3,,,,,t2 von Nekrose betroffen,FALSE,FALSE
,,,,bah,2977,2217,1595,,,,,,,,,FALSE,FALSE
,no,,,bah,443,359,293,,,,,,,,,FALSE,FALSE
,,,,bah,357,323,279,,,,,,,,,FALSE,FALSE
,,,,esch,140,124,111,2,,,,,,,,FALSE,FALSE
,,,,bah,145,137,118,,,,,,,,,FALSE,FALSE
,,,,bah,330,301,240,,,,,,,,,FALSE,FALSE
,,,,bah,5080,4160,2900,,,,,,,,,FALSE,FALSE
,,,,bah,193,184,171,,,,,,,,,FALSE,FALSE
,,,,sah,495,448,425,,,,,,,,,FALSE,FALSE
63,so,,,bah,4152,3733,3204,,,,,,,,,FALSE,FALSE
,sw,,,bah,2500,2240,1915,,,,,,,,,FALSE,FALSE
,nw,,,bah,3066,2812,2402,,,,,,,,,FALSE,FALSE
,sw,,,sah,423,394,345,,,,,,,,,FALSE,FALSE
,sw,,sw,esch,449,375,341,4,,1,,,,,,FALSE,FALSE
,,,,esch,431,470,418,3,,,t1,,,1,,FALSE,FALSE
,,,,esch,805,754,701,9,,,,,,3,,FALSE,FALSE
,nw,,,hbu,1135,1129,1120,,,,,,,,,FALSE,FALSE
,,,,hbu,1112,1106,1073,,,,,,,,,FALSE,FALSE
,,,,hbu,1041,1037,1026,,,,,,,,,FALSE,FALSE
,so,,so,esch,349,298,258,3,,,,,,,,FALSE,FALSE
,,,,bah,1175,1118,1003,,,,,,,,,FALSE,FALSE
,,,,bah,2330,2375,1880,,,,,,,,,FALSE,FALSE
70,sw,,sw,esch,155,116,106,1,,,,,,,wächst auf stubben,FALSE,FALSE
,,,,bah,182,170,156,,,,,,,,,FALSE,FALSE
,nw,,,bah,3446,2788,1675,,,,,,,,,FALSE,FALSE
69,nw,,nw,esch,157,100,55,3,,,,,,1,wächst auf stubben,FALSE,FALSE
,,,,hbu,128,114,108,,,,,,,,,FALSE,FALSE
,sw,,sw,esch,258,240,230,5,,,,,3,,,FALSE,FALSE
,so,,,bah,3880,3020,2190,,,,,,,,,FALSE,FALSE
,,,,bah,3250,2810,2300,,,,,,,,,FALSE,FALSE
,,,,bah,213,190,156,,,,,,,,,FALSE,FALSE
,,,,bah,207,161,135,,,,,,,,,FALSE,FALSE
,,,,bah,200,185,171,,,,,,,,,FALSE,FALSE
107,,,, ,,,,,,,,,,,Rand,TRUE,FALSE
106,sw,,,bah,173,145,115,,,,,,,,Baum 1112 im no Quadranten,FALSE,FALSE
,,,,bah,72,65,56,,,,,,,,,FALSE,FALSE
,,,,sah,146,128,117,,,,,,,,,FALSE,FALSE
,,,,esch,95,85,71,2,,,,,,,,FALSE,FALSE
,,,,rbu,246,195,115,,,,,,,,,FALSE,FALSE
,,,,esch,98,81,63,1,,,,,,,,FALSE,FALSE
,,,sw,esch,125,102,83,1,,,,,,,,FALSE,FALSE
,,,,esch,110,101,84,1,,,,,,,,FALSE,FALSE
,,,,rbu,299,205,148,,,,,,,,,FALSE,FALSE
,,,,esch,178,134,121,1,T1,,,,,,,FALSE,FALSE
,,,,rbu,263,205,180,,,,,,,,,FALSE,FALSE
,,,,esch,140,126,116,1,,,,,,,,FALSE,FALSE
,,,,sah,157,142,128,,,,,,,,,FALSE,FALSE
,,,,esch,124,117,97,1,,,,,,,,FALSE,FALSE
,,,,esch,138,130,122,1,,,,,,,,FALSE,FALSE
,,,,esch,112,98,81,1,,,,,,,,FALSE,FALSE
,,,,esch,108,95,81,1,,,,,,,,FALSE,FALSE
,,,,esch,81,79,73,1,,,,,,,,FALSE,FALSE
,,,,esch,117,100,88,1,,,,,,,,FALSE,FALSE
,,,,esch,108,103,98,2,1,,,,,,,FALSE,FALSE
,,,,esch,145,124,105,1,,,,,,,,FALSE,FALSE
,,,,esch,106,95,82,1,,,,,,,,FALSE,FALSE
,,,,esch,92,87,80,1,,,,,,,,FALSE,FALSE
,,,,esch,207,192,155,2,,,,,,,,FALSE,FALSE
,so,,,esch,165,158,152,3,T1,,,,,,"grüne höhe 95, 2 austriebe am bodensatz",FALSE,FALSE
,,,,rbu,904,752,655,,,,,,,,,FALSE,FALSE
,,,so,esch,129,118,103,1,,,,,,,,FALSE,FALSE
,,,,rbu,158,133,125,,,,,,,,,FALSE,FALSE
,,,,esch,59,52,47,2,,,,,,1,,FALSE,FALSE
,,,,esch,94,90,75,1,,,,,,T1,,FALSE,FALSE
,,,,esch,148,133,95,1,,,,,,,,FALSE,FALSE
,,,,esch,102,90,84,1,,,,,,,,FALSE,FALSE
,,,,esch,123,102,91,1,,,,,,,,FALSE,FALSE
,,,,esch,141,125,110,1,,,,,,,,FALSE,FALSE
,,,,esch,149,134,102,1,,,,,,T1,Grüne Höhe 150,FALSE,FALSE
,,,,sah,74,66,61,,,,,,,,,FALSE,FALSE
,,,,hbu,124,118,106,,,,,,,,,FALSE,FALSE
,,,,esch,100,90,76,2,T1,,,,,,,FALSE,FALSE
,,,,esch,76,70,65,1,,,,,,,,FALSE,FALSE
,,,,sah,185,171,160,,,,,,,,,FALSE,FALSE
,,,,esch,94,84,76,1,,,,,,,,FALSE,FALSE
,,,,esch,101,93,72,1,,,,,,,,FALSE,FALSE
,,,,esch,107,99,90,1,,,,,,,,FALSE,FALSE
,,,,esch,111,100,90,1,T1,,,,,,Grüne Höhe 93,FALSE,FALSE
,,,,bah,80,66,54,,,,,,,,,FALSE,FALSE
,,,,bah,123,120,105,,,,,,,,,FALSE,FALSE
,,,,rbu,394,391,383,,,,,,,,,FALSE,FALSE
,,,,esch,126,107,90,1,,,,,,,,FALSE,FALSE
,,,,esch,129,119,96,1,,,,,,,,FALSE,FALSE
,,,,esch,129,106,95,1,,,,,,,,FALSE,FALSE
,no,,,esch,173,137,102,1,,,,,,,,FALSE,FALSE
,,,no,esch,105,95,86,1,,,,,,,,FALSE,FALSE
,,,,esch,80,76,71,2,,,,,,1,,FALSE,FALSE
,,,,esch,148,144,139,2,,,,,,,,FALSE,FALSE
,,,,esch,71,68,65,2,,,,,,1,,FALSE,FALSE
,,,,bah,143,132,123,,,,,,,,,FALSE,FALSE
,,,,esch,160,151,140,1,,,,,,,,FALSE,FALSE
,,,,esch,86,77,74,2,,,,,,,,FALSE,FALSE
,,,,esch,176,165,160,3,,,,1,,,,FALSE,FALSE
,nw,,,rbu,754,700,649,,,,,,,,,FALSE,FALSE
,,,nw,esch,130,119,105,1,,,,,,,,FALSE,FALSE
,,,,esch,165,148,136,1,,,,,,,,FALSE,FALSE
,,,,sah,133,99,72,,,,,,,,,FALSE,FALSE
,,,,sah,195,186,154,,,,,,,,,FALSE,FALSE
,,,,esch,153,141,122,1,,,,,,,,FALSE,FALSE
,,,,hbu,157,155,150,,,,,,,,,FALSE,FALSE
,,,,hbu,157,147,128,,,,,,,,,FALSE,FALSE
,,,,esch,103,94,73,1,,,,,,,,FALSE,FALSE
,,,,hbu,160,135,108,,,,,,,,,FALSE,FALSE
,,,,esch,102,89,78,2,,,,,,,,FALSE,FALSE
,,,,esch,100,85,74,1,,,,,,,,FALSE,FALSE
,,,,esch,114,101,85,1,,,,,,,,FALSE,FALSE
,,,,sah,212,170,143,,,,,,,,,FALSE,FALSE
,,,,sah,160,128,108,,,,,,,,,FALSE,FALSE
,,,,rbu,600,505,390,,,,,,,,,FALSE,FALSE
105,sw,,,bah,60,57,55,,,,,,,,,FALSE,FALSE
,,,,hbu,50,58,,,,,,,,,,FALSE,FALSE
,,,,sah,136,123,119,,,,,,,,,FALSE,FALSE
,,,,hbu,58,55,,,,,,,,,,FALSE,FALSE
,,,,bah,80,77,72,,,,,,,,,FALSE,FALSE
,so,,,sah,119,112,105,,,,,,,,,FALSE,FALSE
,,,,hbu,72,70,65,,,,,,,,,FALSE,FALSE
,,,,sah,106,100,90,,,,,,,,,FALSE,FALSE
,,,,esch,114,105,97,1,,,,,,,,FALSE,FALSE
,,,so,esch,86,74,63,1,,,,,,,,FALSE,FALSE
,,,,sah,99,68,56,,,,,,,,,FALSE,FALSE
,,,,sah,122,117,113,,,,,,,,,FALSE,FALSE
,,,,esch,165,93,41,3,,1,,,,1,,FALSE,FALSE
,,,,esch,75,72,67,1,,,,,,,,FALSE,FALSE
,,,,sah,133,125,117,,,,,,,,,FALSE,FALSE
,,,,sah,111,108,106,,,,,,,,,FALSE,FALSE
,no,,,hbu,285,280,277,,,,,,,,,FALSE,FALSE
,,,,rbu,204,143,132,,,,,,,,,FALSE,FALSE
,,,,bah,125,119,114,,,,,,,,,FALSE,FALSE
,,,,hbu,150,140,110,,,,,,,,,FALSE,FALSE
,,,,bah,111,103,96,,,,,,,,,FALSE,FALSE
,,,no,esch,70,68,62,1,,,,,,,,FALSE,FALSE
,,,,hbu,44,41,,,,,,,,,,FALSE,FALSE
,nw,,,rbu,795,695,602,,,,,,,,,FALSE,FALSE
,,,nw,esch,113,106,90,1,,,,,,,,FALSE,FALSE
,,,,sah,134,128,120,,,,,,,,,FALSE,FALSE
,,,,sah,113,105,98,,,,,,,,,FALSE,FALSE
,,,,esch,107,81,69,2,1,,T1,,,,,FALSE,FALSE
,,,,bah,91,89,,,,,,,,,,FALSE,FALSE
,,,,esch,80,78,73,1,,,,,,,,FALSE,FALSE
,,,,sah,111,101,90,,,,,,,,,FALSE,FALSE
,,,,esch,112,99,86,1,,,,,,,,FALSE,FALSE
,,,,esch,99,93,75,2,T1,,,,,,,FALSE,FALSE
,,,,esch,92,74,65,1,,,T1,,,,kriechend,FALSE,FALSE
,,,,esch,67,60,52,2,,,,,,1,,FALSE,FALSE
,,,,hbu,46,,,,,,,,,,,FALSE,FALSE
104,nw,,,hbu,466,375,260,,,,,,,,,FALSE,FALSE
,,,,sah,195,142,121,,,,,,,,,FALSE,FALSE
,,,nw,esch,110,93,68,1,,,,,,,,FALSE,FALSE
,,,,sah,117,80,61,,,,,,,,,FALSE,FALSE
,,,,esch,131,98,65,1,,,,,,,,FALSE,FALSE
,,,,bah,125,117,108,,,,,,,,,FALSE,FALSE
,,,,hbu,123,115,107,,,,,,,,,FALSE,FALSE
,,,,bah,123,109,104,,,,,,,,,FALSE,FALSE
,,,,hbu,62,55,,,,,,,,,,FALSE,FALSE
,,,,hbu,58,,,,,,,,,,,FALSE,FALSE
,,,,hbu,131,89,,,,,,,,,,FALSE,FALSE
,,,,sah,139,132,126,,,,,,,,,FALSE,FALSE
,,,,esch,52,26,,1,,,,,,,,FALSE,FALSE
,,,,hbu,45,28,,,,,,,,,,FALSE,FALSE
,,,,hbu,91,82,71,,,,,,,,,FALSE,FALSE
,sw,,sw,esch,70,50,,1,,,,,,,,FALSE,FALSE
,,,,bah,118,113,100,,,,,,,,,FALSE,FALSE
,,,,esch,193,128,86,4,,,,,,,,FALSE,FALSE
,,,,bah,146,130,88,,,,,,,,,FALSE,FALSE
,,,,esch,229,195,158,3,,,,,1,,,FALSE,FALSE
,,,,bah,99,92,84,,,,,,,,,FALSE,FALSE
,,,,bah,197,183,178,,,,,,,,,FALSE,FALSE
,,,,bah,156,139,127,,,,,,,,,FALSE,FALSE
,,,,esch,89,74,50,1,T1,,,,,,grüne höhe 66,FALSE,FALSE
,,,,bah,164,160,155,,,,,,,,,FALSE,FALSE
,,,,esch,286,250,217,8,,,T1,,,3,Krebs,FALSE,FALSE
,,,,sah,197,164,148,,,,,,,,,FALSE,FALSE
,,,,sah,165,132,70,,,,,,,,,FALSE,FALSE
,,,,esch,96,72,50,1,,,T1,,,,,FALSE,FALSE
,,,,esch,53,30,26,1,,,,,,,kriecht,FALSE,FALSE
,,,,sah,85,80,60,,,,,,,,,FALSE,FALSE
,,,,bah,88,,,,,,,,,,,FALSE,FALSE
,no,,,bah,100,92,83,,,,,,,,,FALSE,FALSE
,,,,sah,217,210,206,,,,,,,,,FALSE,FALSE
,,,,bah,103,99,95,,,,,,,,,FALSE,FALSE
,,,,bah,82,74,,,,,,,,,,FALSE,FALSE
,,,,bah,110,105,100,,,,,,,,,FALSE,FALSE
,,,,sah,130,119,114,,,,,,,,,FALSE,FALSE
,,,,sah,173,159,146,,,,,,,,,FALSE,FALSE
,,,,bah,88,83,77,,,,,,,,,FALSE,FALSE
,,,,bah,92,85,,,,,,,,,,FALSE,FALSE
,,,,sah,148,134,132,,,,,,,,,FALSE,FALSE
,,,,bah,77,72,55,,,,,,,,,FALSE,FALSE
,,,,hbu,144,98,85,,,,,,,,,FALSE,FALSE
,,,,esch,53,47,42,2,,,,,1,,,FALSE,FALSE
,,,,hbu,58,55,52,,,,,,,,,FALSE,FALSE
,,,,esch,54,,,1,,,,,,,,FALSE,FALSE
,,,,bah,78,70,,,,,,,,,,FALSE,FALSE
,so,,,sah,148,115,92,,,,,,,,,FALSE,FALSE
,,,,esch,150,133,112,1,,,T1,,,,,FALSE,FALSE
,,,,bah,63,55,,,,,,,,,,FALSE,FALSE
,,,,esch,153,120,106,1,,,,,,,,FALSE,FALSE
,,,,bah,132,127,120,,,,,,,,,FALSE,FALSE
,,,,sah,334,330,255,,,,,,,,,FALSE,FALSE
,,,,sah,223,193,185,,,,,,,,,FALSE,FALSE
,,,,esch,100,85,75,1,,,,,,,,FALSE,FALSE
,,,,sah,258,125,155,,,,,,,,,FALSE,FALSE
,,,,hbu,55,42,,,,,,,,,,FALSE,FALSE
,,,,sah,215,178,169,,,,,,,,,FALSE,FALSE
,,,,bah,83,,,,,,,,,,,FALSE,FALSE
,,,,bah,109,101,95,,,,,,,,,FALSE,FALSE
,,,so,esch,87,72,,2,1,,,,,,,FALSE,FALSE
,,,,bah,118,111,102,,,,,,,,,FALSE,FALSE
,,,,esch,170,127,73,2,,T1,,,,,,FALSE,FALSE
,,,,esch,86,76,65,1,,,,,,,,FALSE,FALSE
,,,,esch,215,173,142,1,,,,,,,,FALSE,FALSE
,,,,bah,85,78,76,,,,,,,,,FALSE,FALSE
103,,,,,,,,,,,,,,,rand,TRUE,FALSE
102,,,,,,,,,,,,,,,rand,TRUE,FALSE
101,,,,,,,,,,,,,,,rand,TRUE,FALSE
100,,,,,,,,,,,,,,,rand,TRUE,FALSE
55,no,,,HBu,192,178,166,,,,,,,,,FALSE,FALSE
,,,no,Esch,250,191,146,1,,,,,,,,FALSE,FALSE
,,,,SAh,313,219,182,,,,,,,,,FALSE,FALSE
,,,,SAh,290,255,248,,,,,,,,,FALSE,FALSE
,,,,BAH,188,177,160,,,,,,,,,FALSE,FALSE
,,,,BAh,278,247,195,,,,,,,,,FALSE,FALSE
,,,,HBu,246,209,142,,,,,,,,,FALSE,FALSE
,,,,BAH,132,125,117,,,,,,,,,FALSE,FALSE
,,,,BAH,358,302,191,,,,,,,,,FALSE,FALSE
,,,,BAH,517,426,364,,,,,,,,,FALSE,FALSE
,,,,BAH,338,319,230,,,,,,,,,FALSE,FALSE
,,,,BAH,684,561,416,,,,,,,,,FALSE,FALSE
,,,,BAH,240,207,165,,,,,,,,,FALSE,FALSE
,,,,BAH,342,300,204,,,,,,,,,FALSE,FALSE
,,,,Esch,146,129,112,,,,,,,,,FALSE,FALSE
,,,,BAH,121,112,100,,,,,,,,,FALSE,FALSE
,,,,BAH,110,101,85,,,,,,,,,FALSE,FALSE
,,,,BAH,1210,1092,783,,,,,,,,,FALSE,FALSE
,so,,,Esch,278,218,130,2,,,T1,,,,,FALSE,FALSE
,,,,Esch,151,116,101,1,,,,,,,,FALSE,FALSE
,,,,SAh,91,77,67,,,,,,,,,FALSE,FALSE
,,,,BAH,134,123,106,,,,,,,,,FALSE,FALSE
,,,,BAH,2440,2125,1457,,,,,,,,,FALSE,FALSE
,,,,BAH,724,635,555,,,,,,,,,FALSE,FALSE
,,,,RBu,462,432,320,,,,,,,,,FALSE,FALSE
,,,,BAH,136,90,67,,,,,,,,,FALSE,FALSE
,,,so,Esch,142,114,92,1,,,,,,,,FALSE,FALSE
,,,,HBu,589,328,289,,,,,,,,,FALSE,FALSE
,,,,BAH,1793,617,1230,,,,,,,,,FALSE,FALSE
,,,,BAH,95,84,76,,,,,,,,,FALSE,FALSE
,,,,Esch,136,124,102,,,,,,,,,FALSE,FALSE
,,,,Esch,62,23,0,,,,,,,,,FALSE,FALSE
,sw,,,BAH,1214,1095,737,,,,,,,,,FALSE,FALSE
,,,,HBu,665,499,407,,,,,,,,,FALSE,FALSE
,,,,BAH,170,162,149,,,,,,,,,FALSE,FALSE
,,,,BAH,1664,1356,940,,,,,,,,,FALSE,FALSE
,,,,BAH,277,242,172,,,,,,,,,FALSE,FALSE
,,,,BAH,161,147,130,,,,,,,,,FALSE,FALSE
,,,,BAH,303,279,240,,,,,,,,,FALSE,FALSE
,,,,BAH,145,133,114,,,,,,,,,FALSE,FALSE
,,,,SAh,214,198,122,,,,,,,,,FALSE,FALSE
,,,,BAH,172,153,126,,,,,,,,,FALSE,FALSE
,,,,BAH,260,236,199,,,,,,,,,FALSE,FALSE
,,,,Esch,125,111,101,2,,,,,,,stark umgeknickt,FALSE,FALSE
,,,,BAH,608,557,409,,,,,,,,,FALSE,FALSE
,,,,BAH,115,103,95,,,,,,,,,FALSE,FALSE
,,,,Esch,125,116,108,1,,,,,,,,FALSE,FALSE
,,,,RBu,719,572,502,,,,,,,,,FALSE,FALSE
,,,,HBu,118,94,55,,,,,,,,,FALSE,FALSE
,,,,HBu,291,266,205,,,,,,,,,FALSE,FALSE
,,,sw,Esch,193,175,140,3,,,,,,1,,FALSE,FALSE
,,,,Esch,129,116,105,1,,,,,,,,FALSE,FALSE
,,,,HBu,154,126,96,,,,,,,,,FALSE,FALSE
,nw,,,BAH,1517,1240,1018,,,,,,,,,FALSE,FALSE
,,,,SAh,255,205,184,,,,,,,,,FALSE,FALSE
,,,,BAH,330,292,224,,,,,,,,,FALSE,FALSE
,,,,BAH,936,818,557,,,,,,,,,FALSE,FALSE
,,,,HBu,148,133,122,,,,,,,,,FALSE,FALSE
,,,,HBu,310,253,205,,,,,,,,,FALSE,FALSE
,,,,BAH,167,163,148,,,,,,,,,FALSE,FALSE
56,nw,,,BAH,235,191,134,,,,,,,,,FALSE,FALSE
,,,,BAH,176,124,0,,,,,,,,,FALSE,FALSE
,,,,FAh,140,125,95,,,,,,,,,FALSE,FALSE
,,,,BAH,202,180,130,,,,,,,,,FALSE,FALSE
,,,nw,Esch,562,109,174,5,,2,T1,,,,foto nr 108-1608 bis 108-1610,FALSE,FALSE
,so,,,BAH,141,116,103,,,,,,,,,FALSE,FALSE
,,,so,Esch,163,105,77,2,,,,,,,,FALSE,FALSE
,,,,BAH,260,140,0,,,,,,,,,FALSE,FALSE
,sw,,,BAH,89,67,39,,,,,,,,,FALSE,FALSE
,,,sw,Esch,119,105,66,1,,,,,,,,FALSE,FALSE
57,no,,no,Esch,245,329,290,5,,,T1,,,,"stark umgeknickt, letztes jahr höher weil umgenickt, foto nr 108-1618 bis -1612",FALSE,FALSE
58,zaun,,,-,,,,,,,,,,,,FALSE,TRUE
60,so,,,SAh,116,108,102,,,,,,,,,FALSE,FALSE
,,,so,Esch,193,152,118,1,,,,,,,,FALSE,FALSE
,,,,SAh,145,129,117,,,,,,,,,FALSE,FALSE
,,,,Esch,95,91,81,1,,,,,,,,FALSE,FALSE
,,,,Esch,354,336,318,5,,,1,,,,,FALSE,FALSE
,,,,BAH,173,166,159,,,,,,,,,FALSE,FALSE
,,,,BAH,265,252,243,,,,,,,,,FALSE,FALSE
,no,,,Esch,242,234,230,2,,,T1,,,,,FALSE,FALSE
,,,,Kir,711,690,647,,,,,,,,,FALSE,FALSE
,,,,SAh,297,285,266,,,,,,,,,FALSE,FALSE
,,,no,Esch,400,339,264,5,T3,,,,,1,,FALSE,FALSE
,,,,Esch,104,90,82,1,,,,,,,,FALSE,FALSE
,,,,SAh,147,140,136,,,,,,,,,FALSE,FALSE
,,,,Esch,354,276,242,2,,,,,,,,FALSE,FALSE
,,,,RBu,1407,1128,865,,,,,,,,,FALSE,FALSE
,nw,,,Esch,252,233,211,3,,,,,,,,FALSE,FALSE
,,,,BAH,111,107,0,,,,,,,,,FALSE,FALSE
,sw,,,SAh,100,95,72,,,,,,,,,FALSE,FALSE
,,,sw,Esch,130,127,109,2,,,,,,,,FALSE,FALSE
,,,,Esch,95,81,78,1,,,,,,,,FALSE,FALSE
,,,,Esch,203,194,184,2,,,,,,,,FALSE,FALSE
,,,,Esch,183,152,127,1,,,,,,,,FALSE,FALSE
61,sw,,sw,Esch,164,157,145,1,,,,,,,,FALSE,FALSE
,,,,BAH,170,161,123,,,,,,,,,FALSE,FALSE
,,,,BAH,195,135,112,,,,,,,,,FALSE,FALSE
,,,,Esch,212,182,121,2,,,,,,,,FALSE,FALSE
,,,,BAH,214,198,165,,,,,,,,,FALSE,FALSE
,,,,SAh,183,175,135,,,,,,,,,FALSE,FALSE
,,,,BAH,388,320,256,,,,,,,,,FALSE,FALSE
,,,,BAH,279,260,174,,,,,,,,,FALSE,FALSE
,,,,BAH,269,250,205,,,,,,,,,FALSE,FALSE
,,,,BAH,244,214,162,,,,,,,,,FALSE,FALSE
,,,,BAH,175,155,129,,,,,,,,,FALSE,FALSE
,nw,,,BAh,408,322,280,,,,,,,,,FALSE,FALSE
,,,,SAh,259,239,234,,,,,,,,,FALSE,FALSE
,,,,BAH,370,324,250,,,,,,,,,FALSE,FALSE
,,,,BAH,368,291,244,,,,,,,,,FALSE,FALSE
,,,,BAH,178,165,145,,,,,,,,,FALSE,FALSE
,,,,BAH,182,160,137,,,,,,,,,FALSE,FALSE
,,,,BAH,864,752,460,,,,,,,,,FALSE,FALSE
,,,,BAH,860,738,535,,,,,,,,,FALSE,FALSE
,,,,BAH,229,207,193,,,,,,,,,FALSE,FALSE
,so,,,RBu,935,825,622,,,,,,,,,FALSE,FALSE
,,,,RBu,230,227,190,,,,,,,,,FALSE,FALSE
,,,,RBu,221,215,194,,,,,,,,,FALSE,FALSE
,,,,SAh,221,175,139,,,,,,,,,FALSE,FALSE
,,,,BAH,286,267,229,,,,,,,,,FALSE,FALSE
,,,,BAH,260,235,163,,,,,,,,,FALSE,FALSE
,,,,BAH,159,136,109,,,,,,,,,FALSE,FALSE
,,,,RBu,161,140,115,,,,,,,,,FALSE,FALSE
,,,,BAH,175,152,127,,,,,,,,,FALSE,FALSE
,,,,BAH,99,56,0,,,,,,,,,FALSE,FALSE
,,,,SAh,213,205,195,,,,,,,,,FALSE,FALSE
,,,,BAH,205,179,160,,,,,,,,,FALSE,FALSE
,no,,,BAH,390,320,214,,,,,,,,,FALSE,FALSE
,,,,BAH,178,162,139,,,,,,,,,FALSE,FALSE
,,,,BAH,146,140,130,,,,,,,,,FALSE,FALSE
,,,,BAH,255,223,167,,,,,,,,,FALSE,FALSE
,,,,BAH,222,190,153,,,,,,,,,FALSE,FALSE
,,,,SAh,326,239,151,,,,,,,,,FALSE,FALSE
,,,,BAH,133,124,116,,,,,,,,,FALSE,FALSE
,,,,RBu,1664,1440,1169,,,,,,,,,FALSE,FALSE
,,,,BAH,145,135,121,,,,,,,,,FALSE,FALSE
62,nw,,nw,Esch,173,110,75,1,,,,,,,,FALSE,FALSE
,,,,Esch,436,261,178,2,,,,,,,,FALSE,FALSE
,,,,Esch,305,263,226,2,,,,,,,,FALSE,FALSE
,,,,BAH,543,502,358,,,,,,,,,FALSE,FALSE
,no,,no,Esch,470,335,243,1,,,,,,,,FALSE,FALSE
,,,,Esch,350,196,132,1,,,,,,,,FALSE,FALSE
,,,,HBu,121,81,71,,,,,,,,,FALSE,FALSE
,sw,,,BAH,432,303,200,,,,,,,,,FALSE,FALSE
,,,,BAH,416,374,295,,,,,,,,,FALSE,FALSE
,,,,BAH,289,250,205,,,,,,,,,FALSE,FALSE
,,,sw,Esch,373,281,222,1,,,,,,,,FALSE,FALSE
,,,,SAh,101,65,0,,,,,,,,,FALSE,FALSE
,,,,Kir,316,174,77,,,,,,,,,FALSE,FALSE
,,,,RBu,129,120,90,,,,,,,,,FALSE,FALSE
,,,,Esch,508,329,287,11,,,,,4,,,FALSE,FALSE
,so,,,Esch,743,424,255,5,,,,,1,,,FALSE,FALSE
,,,,Esch,250,168,112,2,,,,,,1,,FALSE,FALSE
,,,so,Esch,221,193,159,1,,,,,,,,FALSE,FALSE
64,nw,,,himbeere,298,,,,,,,,,,,FALSE,FALSE
,,,,BAH,208,201,178,,,,,,,,,FALSE,FALSE
,,,,BAH,205,201,182,,,,,,,,,FALSE,FALSE
,,,,BAH,205,167,123,,,,,,,,,FALSE,FALSE
,,,,BAH,640,555,457,,,,,,,,,FALSE,FALSE
,,,,BAH,188,165,137,,,,,,,,,FALSE,FALSE
,,,,BAH,266,222,180,,,,,,,,,FALSE,FALSE
,,,,Esch,671,495,440,5,,,,,,,,FALSE,FALSE
,,,nw,Esch,1044,1010,892,16,,,4,,2,2,,FALSE,FALSE
,,,,BAH,368,312,246,,,,,,,,,FALSE,FALSE
,,,,Esch,425,283,218,6,,1,,,1,,,FALSE,FALSE
,,,,BAH,410,326,216,,,,,,,,,FALSE,FALSE
,no,,,BAH,620,425,315,,,,,,,,,FALSE,FALSE
,,,,BAH,255,187,137,,,,,,,,,FALSE,FALSE
,,,,HBu,240,178,85,,,,,,,,,FALSE,FALSE
,,,,Esch,209,182,174,3,,,,,,,,FALSE,FALSE
,,,,Esch,399,298,254,2,,,,,,1,,FALSE,FALSE
,,,no,Esch,310,252,223,1,,,,,,,,FALSE,FALSE
,,,,BAH,286,240,224,,,,,,,,,FALSE,FALSE
,sw,,,BAH,495,450,425,,,,,,,,,FALSE,FALSE
,,,,BAH,438,440,332,,,,,,,,,FALSE,FALSE
,,,,BAH,290,262,225,,,,,,,,,FALSE,FALSE
,,,,BAH,327,267,203,,,,,,,,,FALSE,FALSE
,,,,BAH,228,205,195,,,,,,,,,FALSE,FALSE
,,,,Esch,305,264,227,2,,,,,,,,FALSE,FALSE
,,,,BAH,410,316,226,,,,,,,,,FALSE,FALSE
,,,,BAH,410,344,257,,,,,,,,,FALSE,FALSE
,,,sw,Esch,332,320,242,6,T1,,,,1,,,FALSE,FALSE
,so,,,BAH,176,163,130,,,,,,,,,FALSE,FALSE
,,,,BAH,468,343,287,,,,,,,,,FALSE,FALSE
,,,,BAH,206,188,171,,,,,,,,,FALSE,FALSE
,,,,BAH,336,274,204,,,,,,,,,FALSE,FALSE
,,,,BAH,222,200,182,,,,,,,,,FALSE,FALSE
,,,,BAH,517,462,438,,,,,,,,,FALSE,FALSE
,,,,BAH,756,690,627,,,,,,,,,FALSE,FALSE
65,so,,,RBu,2098,1720,1194,,,,,,,,,FALSE,FALSE
,,,,RBu,1255,1130,900,,,,,,,,,FALSE,FALSE
,,,,SAh,672,587,530,,,,,,,,,FALSE,FALSE
,,,,SAh,198,165,135,,,,,,,,,FALSE,FALSE
,,,,BAH,291,283,267,,,,,,,,,FALSE,FALSE
,,,,Esch,190,178,160,1,,,,,,,,FALSE,FALSE
,,,,BAH,710,657,547,,,,,,,,,FALSE,FALSE
,,,,RBu,663,620,555,,,,,,,,,FALSE,FALSE
,no,,,BAh,1107,908,709,,,,,,,,,FALSE,FALSE
,,,,Esch,143,133,116,1,,,,,,,,FALSE,FALSE
,,,,BAh,277,268,256,,,,,,,,,FALSE,FALSE
,,,,BAh,320,308,286,,,,,,,,,FALSE,FALSE
,,,,BAh,140,136,130,,,,,,,,,FALSE,FALSE
,,,,BAh,131,124,116,,,,,,,,,FALSE,FALSE
,,,,Esch,206,187,179,1,,,,,,,,FALSE,FALSE
,,,,BAh,323,310,288,,,,,,,,,FALSE,FALSE
,,,,BAh,742,700,571,,,,,,,,,FALSE,FALSE
,,,,SAh,220,207,183,,,,,,,,,FALSE,FALSE
,,,,BAh,313,302,284,,,,,,,,,FALSE,FALSE
,,,,BAh,230,219,202,,,,,,,,,FALSE,FALSE
,,,no,Esch,206,174,137,2,,,,,,1,Krebsgalle,FALSE,FALSE
,,,,SAh,160,142,116,,,,,,,,,FALSE,FALSE
,,,,BAh,209,202,189,,,,,,,,,FALSE,FALSE
,,,,BAh,154,145,128,,,,,,,,,FALSE,FALSE
,,,,SAh,220,196,182,,,,,,,,,FALSE,FALSE
,,,,SAh,179,168,155,,,,,,,,,FALSE,FALSE
,,,,SAh,665,597,493,,,,,,,,,FALSE,FALSE
,,,,Esch,175,161,145,1,,,,,,,,FALSE,FALSE
,,,,Esch,171,159,136,1,,,,,,,,FALSE,FALSE
,,,,Esch,179,151,130,1,,,,,,,,FALSE,FALSE
,,,,BAH,1480,1257,860,,,,,,,,,FALSE,FALSE
,nw,,,BAh,1026,924,695,,,,,,,,,FALSE,FALSE
,,,,Esch,80,73,0,1,,,,,,,,FALSE,FALSE
,,,,Esch,120,110,101,1,,,,,,,,FALSE,FALSE
,,,,Esch,136,127,117,1,,,,,,,,FALSE,FALSE
,,,,BAH,445,412,344,,,,,,,,,FALSE,FALSE
,,,,Esch,190,180,160,1,,,,,,,,FALSE,FALSE
,,,nw,Esch,102,94,88,1,,,,,,,,FALSE,FALSE
,,,,SAh,203,185,168,,,,,,,,,FALSE,FALSE
,sw,,,SAh,698,576,450,,,,,,,,,FALSE,FALSE
,,,,BAh,175,167,153,,,,,,,,,FALSE,FALSE
,,,,BAh,154,143,132,,,,,,,,,FALSE,FALSE
,,,,BAh,170,163,149,,,,,,,,,FALSE,FALSE
,,,sw,Esch,110,100,93,1,,,,,,,,FALSE,FALSE
,,,,BAH,173,165,152,,,,,,,,,FALSE,FALSE
,,,,SAh,132,120,105,,,,,,,,,FALSE,FALSE
,,,,Esch,130,119,101,1,,,,,,,,FALSE,FALSE
,,,,Esch,136,119,106,1,,,,,,,,FALSE,FALSE
,,,,Esch,158,150,140,1,,,,,,,,FALSE,FALSE
,,,,Esch,105,98,90,1,,,,,,,,FALSE,FALSE
,,,,BAh,173,165,155,,,,,,,,,FALSE,FALSE
,,,,Esch,113,107,100,1,,,,,,,,FALSE,FALSE
,,,,Esch,109,102,95,1,,,,,,,,FALSE,FALSE
,,,,Esch,163,150,142,3,,,,,1,,,FALSE,FALSE
,,,,Kir,518,500,438,,,,,,,,,FALSE,FALSE
,,,,BAh,565,550,479,,,,,,,,,FALSE,FALSE
,,,,RBu,1720,1600,1200,,,,,,,,,FALSE,FALSE
,,,,SAh,138,112,100,,,,,,,,,FALSE,FALSE
,,,,BAh,175,169,156,,,,,,,,,FALSE,FALSE
68,nw,,,BAH,181,160,121,,,,,,,,,FALSE,FALSE
,,,,BAH,207,169,129,,,,,,,,,FALSE,FALSE
,,,,BAH,66,45,0,,,,,,,,,FALSE,FALSE
,,,,BAH,116,111,109,,,,,,,,,FALSE,FALSE
,,,,BAH,205,181,147,,,,,,,,,FALSE,FALSE
,,,,BAH,296,257,214,,,,,,,,,FALSE,FALSE
,,,,BAH,198,188,173,,,,,,,,,FALSE,FALSE
,,,,BAH,371,306,241,,,,,,,,,FALSE,FALSE
,,,,BAH,226,214,201,,,,,,,,,FALSE,FALSE
,,,,BAH,329,241,180,,,,,,,,,FALSE,FALSE
,,,,BAH,163,150,125,,,,,,,,,FALSE,FALSE
,,,,BAH,251,221,168,,,,,,,,,FALSE,FALSE
,,,,BAH,234,221,207,,,,,,,,,FALSE,FALSE
,,,,RBu,523,484,455,,,,,,,,,FALSE,FALSE
,,,,BAH,75,0,0,,,,,,,,,FALSE,FALSE
,no,,,BAH,187,170,135,,,,,,,,,FALSE,FALSE
,,,,BAH,192,170,122,,,,,,,,,FALSE,FALSE
,,,,BAH,125,111,94,,,,,,,,,FALSE,FALSE
,,,,BAH,175,165,142,,,,,,,,,FALSE,FALSE
,,,,BAH,361,331,301,,,,,,,,,FALSE,FALSE
,,,,BAH,140,122,107,,,,,,,,,FALSE,FALSE
,,,,BAH,91,76,61,,,,,,,,,FALSE,FALSE
,,,,BAH,190,187,169,,,,,,,,,FALSE,FALSE
,,,,BAH,320,250,196,,,,,,,,,FALSE,FALSE
,,,,BAH,212,180,140,,,,,,,,,FALSE,FALSE
,,,,BAH,102,100,89,,,,,,,,,FALSE,FALSE
,,,,BAH,235,212,184,,,,,,,,,FALSE,FALSE
,so,,,BAH,126,116,107,,,,,,,,,FALSE,FALSE
,,,,SAh,90,76,41,,,,,,,,,FALSE,FALSE
,,,,BAH,44,0,0,,,,,,,,,FALSE,FALSE
,,,,BAH,73,0,0,,,,,,,,,FALSE,FALSE
,,,,SAh,214,201,162,,,,,,,,,FALSE,FALSE
,,,,BAH,327,272,185,,,,,,,,,FALSE,FALSE
,,,,BAH,78,0,0,,,,,,,,,FALSE,FALSE
,,,,BAH,152,140,125,,,,,,,,,FALSE,FALSE
,,,,BAH,157,144,134,,,,,,,,,FALSE,FALSE
,,,,BAH,120,97,77,,,,,,,,,FALSE,FALSE
,sw,,,BAH,83,60,0,,,,,,,,,FALSE,FALSE
,,,,BAH,102,87,0,,,,,,,,,FALSE,FALSE
,,,,BAH,357,320,241,,,,,,,,,FALSE,FALSE
,,,,BAH,435,342,229,,,,,,,,,FALSE,FALSE
,,,,BAH,344,317,220,,,,,,,,,FALSE,FALSE
,,,,BAH,153,141,119,,,,,,,,,FALSE,FALSE
,,,,BAH,141,137,132,,,,,,,,,FALSE,FALSE
71,sw,,,BAH,220,182,150,,,,,,,,,FALSE,FALSE
,,,,BAH,374,295,199,,,,,,,,,FALSE,FALSE
,,,,BAH,195,165,122,,,,,,,,,FALSE,FALSE
,,,,BAH,1018,788,487,,,,,,,,,FALSE,FALSE
,nw,,,BAH,532,464,340,,,,,,,,,FALSE,FALSE
,,,,BAh,122,107,85,,,,,,,,,FALSE,FALSE
,,,nw,Esch,85,75,69,1,,,,,,,,FALSE,FALSE
,,,,SAh,230,205,189,,,,,,,,,FALSE,FALSE
,,,,HBu,515,473,459,,,,,,,,,FALSE,FALSE
,,,,BAh,143,132,121,,,,,,,,,FALSE,FALSE
,,,,BAh,240,207,186,,,,,,,,,FALSE,FALSE
,,,,BAh,95,85,0,,,,,,,,,FALSE,FALSE
,,,,BAh,99,90,0,,,,,,,,,FALSE,FALSE
,,,,HBu,310,282,215,,,,,,,,,FALSE,FALSE
,,,,BAh,725,599,543,,,,,,,,,FALSE,FALSE
,no,,,BAh,368,318,245,,,,,,,,,FALSE,FALSE
,,,,BAh,207,185,167,,,,,,,,,FALSE,FALSE
,,,,BAh,387,300,235,,,,,,,,,FALSE,FALSE
,,,no,Esch,297,243,72,3,,,,,,1,,FALSE,FALSE
,,,,BAh,181,166,151,,,,,,,,,FALSE,FALSE
,,,,BAh,175,158,135,,,,,,,,,FALSE,FALSE
,,,,BAh,284,257,223,,,,,,,,,FALSE,FALSE
,,,,BAH,385,331,247,,,,,,,,,FALSE,FALSE
,so,,,Esch,963,611,318,5,5,,,,,,Komplett tot,FALSE,FALSE
,,,,HBu,178,155,103,,,,,,,,,FALSE,FALSE
,,,,BAH,266,237,180,,,,,,,,,FALSE,FALSE
,,,,BAH,220,201,195,,,,,,,,,FALSE,FALSE
,,,,HBu,145,140,130,,,,,,,,,FALSE,FALSE
,,,,BAH,630,542,347,,,,,,,,,FALSE,FALSE
,,,,BAh,178,145,130,,,,,,,,,FALSE,FALSE
,,,,BAH,128,118,108,,,,,,,,,FALSE,FALSE
,,,,Esch,142,115,93,1,,,,,,,,FALSE,FALSE
,,,,BAH,1013,754,532,,,,,,,,,FALSE,FALSE
,,,,SAh,216,200,195,,,,,,,,,FALSE,FALSE
,,,,BAh,420,319,273,,,,,,,,,FALSE,FALSE
,,,,BAh,159,146,126,,,,,,,,,FALSE,FALSE
,,,so,Esch,802,600,385,3,,,1,,,1,Krebsgalle,FALSE,FALSE
,,,,RBu,1570,1300,910,,,,,,,,,FALSE,FALSE
72,no,,,BAh,570,451,286,,,,,,,,,FALSE,FALSE
,,,,BAh,126,105,82,,,,,,,,,FALSE,FALSE
,,,,BAh,162,137,102,,,,,,,,,FALSE,FALSE
,,,no,Esch,90,79,49,1,,,,,,,,FALSE,FALSE
,,,,BAH,180,152,113,,,,,,,,,FALSE,FALSE
,nw,,,BAh,56,50,0,,,,,,,,,FALSE,FALSE
,,,,BAh,120,112,20,,,,,,,,umgeknickt,FALSE,FALSE
,,,,HBu,428,285,278,,,,,,,,,FALSE,FALSE
,,,,BAh,555,482,400,,,,,,,,,FALSE,FALSE
,,,,BAh,388,340,268,,,,,,,,,FALSE,FALSE
,,,nw,Esch,335,241,165,,,,,,,,,FALSE,FALSE
,,,,BAh,136,104,55,,,,,,,,,FALSE,FALSE
,,,,BAh,158,124,91,,,,,,,,,FALSE,FALSE
,sw,,,BAh,251,210,176,,,,,,,,,FALSE,FALSE
,,,,BAh,250,161,134,,,,,,,,,FALSE,FALSE
,,,,BAh,224,181,117,,,,,,,,,FALSE,FALSE
,,,,BAh,328,235,150,,,,,,,,,FALSE,FALSE
,,,,BAh,199,177,165,,,,,,,,,FALSE,FALSE
,,,,BAh,238,242,172,,,,,,,,,FALSE,FALSE
,,,,BAH,621,562,279,,,,,,,,,FALSE,FALSE
,,,,HBu,310,232,185,,,,,,,,,FALSE,FALSE
,,,,RBu,1200,1142,962,,,,,,,,,FALSE,FALSE
,so,,,BAH,156,137,80,,,,,,,,,FALSE,FALSE
,,,,BAH,309,255,178,,,,,,,,,FALSE,FALSE
,,,,BAH,461,428,279,,,,,,,,,FALSE,FALSE
,,,,BAH,157,141,128,,,,,,,,,FALSE,FALSE
,,,,BAH,142,98,0,,,,,,,,,FALSE,FALSE
,,,,BAH,110,91,67,,,,,,,,,FALSE,FALSE
,,,,BAH,217,188,135,,,,,,,,,FALSE,FALSE
,,,,BAH,68,58,46,,,,,,,,,FALSE,FALSE
,,,,BAH,136,107,75,,,,,,,,,FALSE,FALSE
,,,,BAH,99,88,61,,,,,,,,,FALSE,FALSE
,,,,BAH,132,108,68,,,,,,,,,FALSE,FALSE
,,,,BAH,435,359,211,,,,,,,,,FALSE,FALSE
73,no,ja,,HBu,54,43,0,,,,,,,,,FALSE,FALSE
,,,,HBu,236,189,148,,,,,,,,,FALSE,FALSE
,so,,,BAH,36,0,0,,,,,,,,,FALSE,FALSE
,sw,,,HBu,50,29,0,,,,,,,,,FALSE,FALSE
,nw,,,HBu,49,50,0,,,,,,,,,FALSE,FALSE
,,,,HBu,56,0,0,,,,,,,,,FALSE,FALSE
,,,nw,Esch,159,142,107,,,,,,,,,FALSE,FALSE
,,,,HBu,52,48,0,,,,,,,,,FALSE,FALSE
35,no,,,HBu,531,362,205,,,,,,,,,FALSE,FALSE
,,,,HBu,145,124,76,,,,,,,,,FALSE,FALSE
,,,,BAh,222,205,131,,,,,,,,,FALSE,FALSE
,,,,HBu,322,292,189,,,,,,,,,FALSE,FALSE
,,,,SAh,351,271,177,,,,,,,,,FALSE,FALSE
,,,,BAh,295,252,135,,,,,,,,,FALSE,FALSE
,,,,BAh,377,275,222,,,,,,,,,FALSE,FALSE
,,,,BAh,138,122,100,,,,,,,,,FALSE,FALSE
,so,,,HBu,182,157,127,,,,,,,,,FALSE,FALSE
,,,,BAh,379,270,220,,,,,,,,,FALSE,FALSE
,,,,BAh,387,305,278,,,,,,,,,FALSE,FALSE
,,,,HBu,90,82,70,,,,,,,,,FALSE,FALSE
,,,,HBu,215,194,123,,,,,,,,,FALSE,FALSE
,,,,BAh,142,102,0,,,,,,,,,FALSE,FALSE
,,,,SAh,293,285,272,,,,,,,,,FALSE,FALSE
,,,,HBu,239,221,143,,,,,,,,,FALSE,FALSE
,,,,BAh,139,104,85,,,,,,,,,FALSE,FALSE
,,,,BAh,1061,645,554,,,,,,,,,FALSE,FALSE
,nw,,,BAh,1045,641,615,,,,,,,,,FALSE,FALSE
,,,,HBu,397,299,190,,,,,,,,,FALSE,FALSE
,,,,BAh,263,217,175,,,,,,,,,FALSE,FALSE
,,,,HBu,289,260,245,,,,,,,,,FALSE,FALSE
,,,nw,Esch,118,107,95,1,,,,,,,,FALSE,FALSE
,,,,HBu,598,551,433,,,,,,,,,FALSE,FALSE
,,,,BAh,118,103,87,,,,,,,,,FALSE,FALSE
,,,,HBu,184,154,135,,,,,,,,,FALSE,FALSE
,,,,BAh,202,175,146,,,,,,,,,FALSE,FALSE
,sw,,so,Esch,150,107,0,,,,,,,,,FALSE,FALSE
,,,,BAh,321,241,145,,,,,,,,,FALSE,FALSE
,,,,BAh,155,147,119,,,,,,,,,FALSE,FALSE
,,,,BAh,199,169,143,,,,,,,,,FALSE,FALSE
,,,,BAh,161,132,105,,,,,,,,,FALSE,FALSE
,,,,BAh,150,132,112,,,,,,,,,FALSE,FALSE
,,,,BAh,138,118,94,,,,,,,,,FALSE,FALSE
36,so,,,BAh,145,127,106,,,,,,,,,FALSE,FALSE
,,,,BAh,914,585,369,,,,,,,,,FALSE,FALSE
,,,,BAh,172,147,126,,,,,,,,,FALSE,FALSE
,,,,BAh,222,172,135,,,,,,,,,FALSE,FALSE
,,,,BAh,160,142,117,,,,,,,,,FALSE,FALSE
,,,,BAh,147,134,115,,,,,,,,,FALSE,FALSE
,,,,BAh,879,738,394,,,,,,,,,FALSE,FALSE
,,,,BAh,306,195,151,,,,,,,,,FALSE,FALSE
,,,,BAh,188,147,102,,,,,,,,,FALSE,FALSE
,,,,HBu,305,220,166,,,,,,,,,FALSE,FALSE
,,,,BAh,694,556,358,,,,,,,,,FALSE,FALSE
,,,,BAh,424,343,206,,,,,,,,,FALSE,FALSE
,,,so,Esch,139,115,106,1,,,,,,,krebs galle,FALSE,FALSE
,,,,BAh,121,107,90,,,,,,,,,FALSE,FALSE
,,,,BAh,120,107,95,,,,,,,,,FALSE,FALSE
,,,,BAh,284,241,203,,,,,,,,,FALSE,FALSE
,,,,BAh,409,308,217,,,,,,,,,FALSE,FALSE
,,,,HBu,105,92,85,,,,,,,,,FALSE,FALSE
,,,,HBu,222,169,130,,,,,,,,,FALSE,FALSE
,,,,HBu,364,226,182,,,,,,,,,FALSE,FALSE
,,,,HBu,418,289,173,,,,,,,,,FALSE,FALSE
,,,,BAh,1219,1090,916,,,,,,,,,FALSE,FALSE
,sw,,,BAh,2096,1345,642,,,,,,,,,FALSE,FALSE
,,,,BAh,73,425,361,,,,,,,,,FALSE,FALSE
,,,,HBu,188,126,77,,,,,,,,,FALSE,FALSE
,,,,BAh,183,164,131,,,,,,,,,FALSE,FALSE
,,,,BAh,95,90,60,,,,,,,,,FALSE,FALSE
,,,,BAh,126,117,108,,,,,,,,,FALSE,FALSE
,,,,BAh,284,229,161,,,,,,,,,FALSE,FALSE
,,,,BAh,930,859,547,,,,,,,,,FALSE,FALSE
,,,,HBu,371,289,190,,,,,,,,,FALSE,FALSE
,,,,SAh,309,270,231,,,,,,,,,FALSE,FALSE
,nw,,,HBu,535,385,351,,,,,,,,,FALSE,FALSE
,,,,BAh,428,330,171,,,,,,,,,FALSE,FALSE
,,,,SAh,551,379,350,,,,,,,,,FALSE,FALSE
,,,,HBu,317,283,278,,,,,,,,,FALSE,FALSE
,,,,HBu,310,240,179,,,,,,,,,FALSE,FALSE
,,,,BAh,349,237,162,,,,,,,,,FALSE,FALSE
,,,,BAh,230,202,176,,,,,,,,,FALSE,FALSE
,,,,BAh,394,243,170,,,,,,,,,FALSE,FALSE
,,,,BAh,1134,1078,593,,,,,,,,,FALSE,FALSE
,,,,BAh,452,279,163,,,,,,,,,FALSE,FALSE
,,,,HBu,342,275,230,,,,,,,,,FALSE,FALSE
,no,,,BAh,223,181,157,,,,,,,,,FALSE,FALSE
,,,, hundsrose,546,340,115,,,,,,,,,FALSE,FALSE
,,,, hundsrose,780,739,715,,,,,,,,,FALSE,FALSE
,,,,BAh,517,410,294,,,,,,,,,FALSE,FALSE
,,,,BAh,171,148,105,,,,,,,,,FALSE,FALSE
,,,,BAh,170,150,129,,,,,,,,,FALSE,FALSE
,,,,SAh,398,348,241,,,,,,,,,FALSE,FALSE
,,,,BAh,678,580,449,,,,,,,,,FALSE,FALSE
,,,,BAh,350,329,140,,,,,,,,,FALSE,FALSE
,,,,HBu,150,120,100,,,,,,,,,FALSE,FALSE
,,,,BAh,129,116,106,,,,,,,,,FALSE,FALSE
,,,,BAh,131,117,102,,,,,,,,,FALSE,FALSE
,,,,HBu,271,188,115,,,,,,,,,FALSE,FALSE
,,,,BAh,348,331,145,,,,,,,,,FALSE,FALSE
,,,,BAh,450,342,204,,,,,,,,,FALSE,FALSE
,,,,BAh,982,803,563,,,,,,,,,FALSE,FALSE
37,no,,,BAh,2400,1915,1805,,,,,,,,,FALSE,FALSE
,,,,BAh,484,452,422,,,,,,,,,FALSE,FALSE
,,,,BAh,271,233,120,,,,,,,,,FALSE,FALSE
,,,,SAh,433,415,333,,,,,,,,,FALSE,FALSE
,,,,BAh,271,266,254,,,,,,,,,FALSE,FALSE
,,,,SAh,289,276,266,,,,,,,,,FALSE,FALSE
,,,,BAh,1056,1010,985,,,,,,,,,FALSE,FALSE
,,,,BAh,1680,1551,1110,,,,,,,,,FALSE,FALSE
,,,,HBu,1149,1124,1089,,,,,,,,,FALSE,FALSE
,,,,SAh,338,315,283,,,,,,,,,FALSE,FALSE
,,,,BAh,262,258,248,,,,,,,,,FALSE,FALSE
,so,,,BAh,1629,1508,1205,,,,,,,,,FALSE,FALSE
,,,,BAh,1130,1095,770,,,,,,,,,FALSE,FALSE
,,,,BAh,4210,3120,2800,,,,,,,,,FALSE,FALSE
,,,,BAh,2320,1820,1301,,,,,,,,,FALSE,FALSE
,,,,BAh,500,487,472,,,,,,,,,FALSE,FALSE
,sw,,,BAh,2330,1980,1512,,,,,,,,,FALSE,FALSE
,,,,BAh,591,569,558,,,,,,,,,FALSE,FALSE
,,,,HBu,868,830,732,,,,,,,,,FALSE,FALSE
,nw,,,BAh,2380,1947,1414,,,,,,,,,FALSE,FALSE
,,,,BAh,2490,1900,1386,,,,,,,,,FALSE,FALSE
,,,,BAh,1946,1547,1255,,,,,,,,,FALSE,FALSE
,,,,BAh,965,915,985,,,,,,,,,FALSE,FALSE
,,,,BAh,553,526,485,,,,,,,,,FALSE,FALSE
,,,,HBu,1053,1020,967,,,,,,,,,FALSE,FALSE
38,NO,,,SAh,129,112,84,,,,,,,,,FALSE,FALSE
,,,,BAh,76,53,0,,,,,,,,,FALSE,FALSE
,SO,,,BAh,222,201,195,,,,,,,,,FALSE,FALSE
,,,,BAh,137,126,117,,,,,,,,,FALSE,FALSE
,,,,BAh,200,182,167,,,,,,,,,FALSE,FALSE
,,,,BAh,145,135,124,,,,,,,,,FALSE,FALSE
,,,,BAh,190,163,145,,,,,,,,,FALSE,FALSE
,,,SO,Esch,344,305,272,4,,,,,,,,FALSE,FALSE
,,,,BAh,135,125,118,,,,,,,,,FALSE,FALSE
,,,,BAh,210,200,169,,,,,,,,,FALSE,FALSE
,,,,BAh,195,182,133,,,,,,,,,FALSE,FALSE
,SW,,,HBu,534,472,465,,,,,,,,,FALSE,FALSE
,,,,BAh,79,62,0,,,,,,,,,FALSE,FALSE
,,,,BAh,181,167,142,,,,,,,,,FALSE,FALSE
,,,,SAh,239,200,184,,,,,,,,,FALSE,FALSE
,,,,BAh,195,171,156,,,,,,,,,FALSE,FALSE
,nw,,,BAh,167,152,144,,,,,,,,,FALSE,FALSE
,,,,HBu,362,311,278,,,,,,,,,FALSE,FALSE
,,,,BAh,543,536,386,,,,,,,,,FALSE,FALSE
,,,,BAh,1440,1185,934,,,,,,,,,FALSE,FALSE
39,,,,-,,,,,,,,,,,Randeffekt -> Übersprungen,TRUE,FALSE
40,,,,-,,,,,,,,,,,Randeffekt -> Übersprungen,TRUE,FALSE
41,SW,,,HBu,279,81,55,,,,,,,,,FALSE,FALSE
,,,,SAh,118,97,81,,,,,,,,,FALSE,FALSE
,,,,HBu,72,51,45,,,,,,,,,FALSE,FALSE
,,,,HBu,100,95,45,,,,,,,,,FALSE,FALSE
,,,,BAh,65,0,0,,,,,,,,,FALSE,FALSE
,,,,HBu,318,225,166,,,,,,,,,FALSE,FALSE
,NW,,,BAh,118,110,90,,,,,,,,,FALSE,FALSE
,,,,SAh,164,112,74,,,,,,,,,FALSE,FALSE
,,,,BAh,1136,575,390,,,,,,,,,FALSE,FALSE
,so,,,BAh,201,160,60,,,,,,,,,FALSE,FALSE
,,,,BAh,125,111,0,,,,,,,,,FALSE,FALSE
,no,,,HBu,418,323,290,,,,,,,,,FALSE,FALSE
,no,,,BAh,914,650,597,,,,,,,,,FALSE,FALSE
,sw,,,Esch,90,46,0,1,,,,,,,,FALSE,FALSE
42,so,,,BAh,943,914,411,,,,,,,,,FALSE,FALSE
,sw,,,BAh,403,355,340,,,,,,,,,FALSE,FALSE
,,,,HBu,846,590,269,,,,,,,,,FALSE,FALSE
,,,,BAh,406,340,335,,,,,,,,,FALSE,FALSE
,no,,,BAh,100,68,0,,,,,,,,,FALSE,FALSE
43,,,,nix,,,,,,,,,,,Randeffekt -> Übersprungen,TRUE,FALSE
44,so,,,BAh,880,849,802,,,,,,,,,FALSE,FALSE
,so,,so,Esch,300,290,282,8,,,,,,2,,FALSE,FALSE
45,no,,,Rbu,1030,860,734,,,,,,,,,FALSE,FALSE
,,,,BAh,192,162,129,,,,,,,,,FALSE,FALSE
,,,,BAh,198,167,135,,,,,,,,,FALSE,FALSE
,,,,BAh,99,90,79,,,,,,,,,FALSE,FALSE
,,,no,Esch,120,101,73,1,,,,,,,,FALSE,FALSE
,,,,HBu,340,275,246,,,,,,,,,FALSE,FALSE
,,,,BAh,212,181,155,,,,,,,,,FALSE,FALSE
,,,,BAh,160,137,115,,,,,,,,,FALSE,FALSE
,,,,HBu,122,105,95,,,,,,,,,FALSE,FALSE
,,,,BAh,63,60,0,,,,,,,,,FALSE,FALSE
,,,,BAh,51,45,31,,,,,,,,,FALSE,FALSE
,,,,BAh,91,79,60,,,,,,,,,FALSE,FALSE
,,,,HBu,108,99,95,,,,,,,,,FALSE,FALSE
,,,,SAh,277,217,179,,,,,,,,,FALSE,FALSE
,,,,RBu,534,379,295,,,,,,,,Johannestrieb? Foto 107-1582,FALSE,FALSE
,,,,HBu,65,0,0,,,,,,,,,FALSE,FALSE
,,,,HBu,55,0,0,,,,,,,,,FALSE,FALSE
,nw,,,BAh,182,178,125,,,,,,,,,FALSE,FALSE
,,,,BAh,110,94,69,,,,,,,,,FALSE,FALSE
,,,,BAh,140,123,110,,,,,,,,,FALSE,FALSE
,,,,SAh,53,43,30,,,,,,,,,FALSE,FALSE
,,,,SAh,55,49,47,,,,,,,,,FALSE,FALSE
,,,,HBu,55,45,0,,,,,,,,,FALSE,FALSE
,,,,BAh,85,55,0,,,,,,,,,FALSE,FALSE
,,,,BAh,214,175,131,,,,,,,,,FALSE,FALSE
,,,,BAh,74,54,0,,,,,,,,,FALSE,FALSE
,,,,BAh,251,219,169,,,,,,,,,FALSE,FALSE
,,,,BAh,235,210,183,,,,,,,,,FALSE,FALSE
,,,,BAh,191,165,125,,,,,,,,,FALSE,FALSE
,,,,RBu,147,95,74,,,,,,,,,FALSE,FALSE
,,,,HBu,100,92,46,,,,,,,,,FALSE,FALSE
,,,,BAh,114,103,95,,,,,,,,,FALSE,FALSE
,,,,BAh,80,74,69,,,,,,,,,FALSE,FALSE
,,,,BAh,141,122,111,,,,,,,,,FALSE,FALSE
,,,,SAh,76,56,0,,,,,,,,,FALSE,FALSE
,,,,BAh,135,108,80,,,,,,,,,FALSE,FALSE
,,,,BAh,76,58,0,,,,,,,,,FALSE,FALSE
,,,,BAh,50,0,0,,,,,,,,,FALSE,FALSE
,sw,,,BAh,206,185,155,,,,,,,,,FALSE,FALSE
,,,,HBu,247,192,144,,,,,,,,,FALSE,FALSE
,,,,BAh,125,108,90,,,,,,,,,FALSE,FALSE
,,,,HBu,210,168,135,,,,,,,,,FALSE,FALSE
,,,,BAh,74,65,0,,,,,,,,,FALSE,FALSE
,,,,BAh,165,138,120,,,,,,,,,FALSE,FALSE
,,,,BAh,160,141,83,,,,,,,,,FALSE,FALSE
,,,,BAh,55,0,0,,,,,,,,,FALSE,FALSE
,,,,HBu,656,558,0,,,,,,,,,FALSE,FALSE
,,,,HBu,38,0,0,,,,,,,,,FALSE,FALSE
,,,,HBu,55,52,0,,,,,,,,,FALSE,FALSE
,,,,BAh,43,33,0,,,,,,,,,FALSE,FALSE
,,,,BAh,162,140,129,,,,,,,,,FALSE,FALSE
,,,,BAh,139,126,103,,,,,,,,,FALSE,FALSE
,so,,,HBu,46,40,0,,,,,,,,,FALSE,FALSE
,,,,HBu,74,0,0,,,,,,,,,FALSE,FALSE
,,,,HBu,65,50,0,,,,,,,,,FALSE,FALSE
,,,,HBu,49,44,0,,,,,,,,,FALSE,FALSE
,,,,BAh,89,80,63,,,,,,,,,FALSE,FALSE
,,,so,Esch,161,132,87,3,,,,,1,,,FALSE,FALSE
,,,,SAh,224,206,196,,,,,,,,,FALSE,FALSE
,,,,Esch,154,114,100,1,,,,,,,,FALSE,FALSE
,,,,BAh,163,146,134,,,,,,,,,FALSE,FALSE
,,,,HBu,155,145,140,,,,,,,,,FALSE,FALSE
,,,,RBu,610,530,465,,,,,,,,,FALSE,FALSE
,,,,BAh,495,418,376,,,,,,,,,FALSE,FALSE
46,no,,no,Esch,155,110,78,1,,,,,,,,FALSE,FALSE
,,,,HBu,360,280,256,,,,,,,,,FALSE,FALSE
,,,,BAh,730,319,252,,,,,,,,,FALSE,FALSE
,,,,HBu,65,43,0,,,,,,,,,FALSE,FALSE
,,,,HBu,111,92,0,,,,,,,,,FALSE,FALSE
,,,,Esch,152,125,89,2,,,,,,,,FALSE,FALSE
,so,,,SAh,150,130,117,,,,,,,,,FALSE,FALSE
,,,,SAh,119,104,80,,,,,,,,,FALSE,FALSE
,,,,BAh,294,225,200,,,,,,,,,FALSE,FALSE
,,,so,Esch,172,142,110,1,,,,,,,,FALSE,FALSE
,,,,BAh,220,180,156,,,,,,,,,FALSE,FALSE
,,,,HBu,176,165,150,,,,,,,,,FALSE,FALSE
,,,,HBu,160,145,139,,,,,,,,,FALSE,FALSE
,,,,Esch,118,101,71,4,,T1,,,,,,FALSE,FALSE
,,,,BAh,55,46,0,,,,,,,,,FALSE,FALSE
,,,,BAh,168,148,123,,,,,,,,,FALSE,FALSE
,,,,BAh,195,166,140,,,,,,,,,FALSE,FALSE
,,,,Esch,200,148,125,1,,,,,,,,FALSE,FALSE
,,,,BAh,214,167,122,,,,,,,,,FALSE,FALSE
,,,,BAh,170,150,132,,,,,,,,,FALSE,FALSE
,,,,BAh,208,164,127,,,,,,,,,FALSE,FALSE
,,,,BAh,102,92,79,,,,,,,,,FALSE,FALSE
,,,,BAh,70,0,0,,,,,,,,,FALSE,FALSE
,,,,HBu,148,122,110,,,,,,,,,FALSE,FALSE
,,,,BAh,167,149,130,,,,,,,,,FALSE,FALSE
,,,,Esch,169,135,105,2,,,,,,,,FALSE,FALSE
,,,,HBu,182,146,125,,,,,,,,,FALSE,FALSE
,,,,BAh,103,90,75,,,,,,,,,FALSE,FALSE
,,,,HBu,50,39,0,,,,,,,,,FALSE,FALSE
,,,,SAh,65,40,0,,,,,,,,,FALSE,FALSE
,sw,,,BAh,185,145,108,,,,,,,,,FALSE,FALSE
,,,,FAh,108,95,77,,,,,,,,,FALSE,FALSE
,,,,SAh,198,157,141,,,,,,,,,FALSE,FALSE
,,,,HBu,43,0,0,,,,,,,,,FALSE,FALSE
,,,,Esch,125,95,82,1,,,,,,,,FALSE,FALSE
,,,,BAh,185,145,123,,,,,,,,,FALSE,FALSE
,,,,BAh,92,83,0,,,,,,,,,FALSE,FALSE
,,,,HBu,184,162,146,,,,,,,,,FALSE,FALSE
,,,,BAh,45,35,0,,,,,,,,,FALSE,FALSE
,,,sw,Esch,137,102,80,1,,,,,,,,FALSE,FALSE
,,,,Esch,135,103,80,1,,,,,,,,FALSE,FALSE
,,,,BAh,75,0,0,,,,,,,,,FALSE,FALSE
,,,,BAh,382,290,140,,,,,,,,,FALSE,FALSE
,,,,BAh,141,122,90,,,,,,,,,FALSE,FALSE
,,,,BAh,142,61,0,,,,,,,,,FALSE,FALSE
,,,,BAh,71,66,0,,,,,,,,,FALSE,FALSE
,,,,BAh,95,81,71,,,,,,,,,FALSE,FALSE
,,,,BAh,172,164,154,,,,,,,,,FALSE,FALSE
,,,,BAh,135,121,103,,,,,,,,,FALSE,FALSE
,,,,BAh,139,122,98,,,,,,,,,FALSE,FALSE
,,,,SAh,72,60,45,,,,,,,,,FALSE,FALSE
,,,,HBu,55,48,0,,,,,,,,,FALSE,FALSE
,,,,BAh,250,206,142,,,,,,,,,FALSE,FALSE
,,,,HBu,192,172,121,,,,,,,,,FALSE,FALSE
,nw,,,HBu,155,139,102,,,,,,,,,FALSE,FALSE
,,,,HBu,148,115,95,,,,,,,,,FALSE,FALSE
,,,,HBu,112,86,50,,,,,,,,,FALSE,FALSE
,,,,Esch,94,85,72,1,,,,,,,,FALSE,FALSE
,,,,BAh,212,172,10,,,,,,,,,FALSE,FALSE
,,,,Esch,110,63,42,1,,,,,,,,FALSE,FALSE
,,,,Esch,142,129,102,1,,,,,,,,FALSE,FALSE
,,,,BAh,208,195,60,,,,,,,,,FALSE,FALSE
,,,,SAh,220,171,133,,,,,,,,,FALSE,FALSE
,,,,HBu,75,0,0,,,,,,,,,FALSE,FALSE
,,,,HBu,102,75,55,,,,,,,,,FALSE,FALSE
,,,nw,Esch,121,97,85,1,,,,,,,,FALSE,FALSE
47,nw,,nw,Esch,238,217,180,3,,1,,,,,,FALSE,FALSE
,,,,Esch,225,191,169,2,,,,,,1,,FALSE,FALSE
,,,,Esch,154,135,98,1,,,,,,,,FALSE,FALSE
,,,,Esch,163,142,125,1,,,,,,,,FALSE,FALSE
,,,,Esch,199,177,163,1,,,,,,,,FALSE,FALSE
,,,,Esch,147,123,100,1,,,,,,,,FALSE,FALSE
,,,,BAh,165,142,128,,,,,,,,,FALSE,FALSE
,sw,,,Esch,132,106,82,1,,,,,,,krebs galle,FALSE,FALSE
,nw,,,Esch,156,126,108,1,,,,,,,,FALSE,FALSE
,,,,Esch,222,202,188,1,,,,,,,,FALSE,FALSE
,no,,,Esch,204,184,167,6,,,,,,,,FALSE,FALSE
,,,,Esch,119,97,60,2,,,,,,1,,FALSE,FALSE
,,,,BAh,469,445,435,,,,,,,,,FALSE,FALSE
,,,,Esch,181,161,142,1,,,,,,,,FALSE,FALSE
,,,,BAh,262,251,238,,,,,,,,,FALSE,FALSE
,,,,BAh,130,116,102,,,,,,,,,FALSE,FALSE
,,,,BAh,151,141,133,,,,,,,,,FALSE,FALSE
,,,no,Esch,121,84,66,1,,,,,,,,FALSE,FALSE
,so,,so,Esch,78,69,61,1,,,,,,,,FALSE,FALSE
,,,,BAh,122,110,100,,,,,,,,,FALSE,FALSE
,,,,BAh,670,644,606,,,,,,,,,FALSE,FALSE
,,,,RBu,85,0,0,,,,,,,,,FALSE,FALSE
,sw,,,Esch,74,60,50,2,,,,,,,stark geknickt,FALSE,FALSE
,,,,Esch,110,66,48,1,,,,,,,,FALSE,FALSE
,,,,Esch,110,89,67,1,,,,,,,,FALSE,FALSE
,,,,BAh,210,190,181,,,,,,,,,FALSE,FALSE
,,,,Esch,84,79,38,1,,,,,,,,FALSE,FALSE
,,,sw,Esch,71,58,50,1,,,,,,,stark gekrümmt,FALSE,FALSE
,,,,BAh,85,0,0,,,,,,,,,FALSE,FALSE
,,,,BAh,95,85,67,,,,,,,,,FALSE,FALSE
48,nw,,,BAh,5500,4700,36500,,,,,,,,plot mit kronenteilen,FALSE,FALSE
,no,,,BAh,4180,3518,3058,,,,,,,,,FALSE,FALSE
,so,,,BAh,2490,1865,1140,,,,,,,,,FALSE,FALSE
49,sw,,sw,Esch,215,177,158,1,,,,,,,,FALSE,FALSE
17,no,,,BAh,173,161,150,,,,,,,,,FALSE,FALSE
,,,,BAh,191,180,167,,,,,,,,,FALSE,FALSE
,,,,BAh,170,159,145,,,,,,,,,FALSE,FALSE
,nw,,,BAh,94,86,0,,,,,,,,,FALSE,FALSE
,,,,BAh,122,107,82,,,,,,,,,FALSE,FALSE
,,,,BAh,191,169,130,,,,,,,,,FALSE,FALSE
,so,,,BAh,136,131,102,,,,,,,,,FALSE,FALSE
,,,,BAh,95,76,0,,,,,,,,,FALSE,FALSE
,sw,,,BAh,111,99,66,,,,,,,,,FALSE,FALSE
,,,,BAh,121,108,95,,,,,,,,,FALSE,FALSE
,,,,BAh,145,133,105,,,,,,,,,FALSE,FALSE
,,,,BAh,124,115,100,,,,,,,,,FALSE,FALSE
,,,,BAh,124,116,87,,,,,,,,,FALSE,FALSE
,,,,BAh,120,102,82,,,,,,,,,FALSE,FALSE
,,,,SAh,88,78,0,,,,,,,,,FALSE,FALSE
18,no,,,HBu,704,677,646,,,,,,,,,FALSE,FALSE
,,,,HBu,604,585,439,,,,,,,,,FALSE,FALSE
,nw,,,RBu,1905,1743,1564,,,,,,,,,FALSE,FALSE
,sw,,,BAh,620,589,568,,,,,,,,,FALSE,FALSE
,,,,SAh,381,327,323,,,,,,,,,FALSE,FALSE
,so,,,Hbu,563,545,480,,,,,,,,,FALSE,FALSE
,,,,SAh,368,325,305,,,,,,,,,FALSE,FALSE
,sw,,,BAh,3130,2990,1820,,,,,,,,,FALSE,FALSE
,nw,,,BAh,3120,2890,2610,,,,,,,,,FALSE,FALSE
19,sw,,sw,Esch,209,140,0,2,,,,,,,,FALSE,FALSE
20,,,, ,,,,,,,,,,,keine bäume,FALSE,FALSE
21,no,ja,,crataegus spec,408,277,85,,,,,,,,,FALSE,FALSE
,,,,BAh,161,153,146,,,,,,,,,FALSE,FALSE
,,,,BAh,236,230,225,,,,,,,,,FALSE,FALSE
,,,,HBu,1195,1134,1068,,,,,,,,,FALSE,FALSE
,,,, brombeere,910,905,900,,,,,,,,,FALSE,FALSE
,,,,HBu,1620,1375,848,,,,,,,,,FALSE,FALSE
,so,,,HBu,816,720,620,,,,,,,,,FALSE,FALSE
,,,,HBu,835,795,770,,,,,,,,,FALSE,FALSE
,,,,HBu,782,725,655,,,,,,,,,FALSE,FALSE
,nw,,,HBu,605,588,565,,,,,,,,,FALSE,FALSE
,,,,BAh,299,293,285,,,,,,,,,FALSE,FALSE
,,,,HBu,618,576,560,,,,,,,,,FALSE,FALSE
,,,,HBu,760,736,668,,,,,,,,,FALSE,FALSE
,,,,HBu,1398,983,963,,,,,,,,,FALSE,FALSE
,sw,,,BAh,322,308,292,,,,,,,,,FALSE,FALSE
,,,,SAh,169,157,120,,,,,,,,,FALSE,FALSE
,,,,BAh,151,137,119,,,,,,,,,FALSE,FALSE
,,,,Esch,212,184,134,2,,,,,,,,FALSE,FALSE
,,,,HBu,521,463,383,,,,,,,,,FALSE,FALSE
,,,sw,Esch,170,152,133,1,,,,,,,,FALSE,FALSE
,,,,BAh,1488,1468,1440,,,,,,,,,FALSE,FALSE
22,nw,,,BAh,494,393,345,,,,,,,,,FALSE,FALSE
,no,,,BAh,1340,979,879,,,,,,,,,FALSE,FALSE
,so,,,BAh,1718,1584,1435,,,,,,,,,FALSE,FALSE
23,nw,,,BAh,101,87,70,,,,,,,,,FALSE,FALSE
,so,,,HBu,54,49,0,,,,,,,,,FALSE,FALSE
,,,,HBu,46,40,0,,,,,,,,,FALSE,FALSE
24,nw,,,BAh,337,317,306,,,,,,,,,FALSE,FALSE
,,,,BAh,198,186,177,,,,,,,,,FALSE,FALSE
,,,,BAh,82,77,67,,,,,,,,,FALSE,FALSE
,,,,BAh,158,148,140,,,,,,,,,FALSE,FALSE
,,,,BAh,98,94,87,,,,,,,,,FALSE,FALSE
,,,,BAh,88,83,78,,,,,,,,,FALSE,FALSE
,,,,BAh,101,91,0,,,,,,,,,FALSE,FALSE
,,,nw,Esch,162,145,125,,,,,,,,,FALSE,FALSE
,,,,BAh,106,96,91,,,,,,,,,FALSE,FALSE
,,,,BAh,107,98,94,,,,,,,,,FALSE,FALSE
,,,,BAh,88,75,60,,,,,,,,,FALSE,FALSE
,no,,,SAh,413,403,347,,,,,,,,,FALSE,FALSE
,,,,Esch,291,251,236,2,,,,,,1,,FALSE,FALSE
,,,,SAh,215,200,184,,,,,,,,,FALSE,FALSE
,,,,BAh,625,584,560,,,,,,,,,FALSE,FALSE
,,,no,Esch,117,74,0,2,,,,,1,,,FALSE,FALSE
,,,,FAh,265,201,148,,,,,,,,,FALSE,FALSE
,,,,HBu,390,326,309,,,,,,,,,FALSE,FALSE
,,,,HBu,333,307,299,,,,,,,,,FALSE,FALSE
,,,,Esch,272,239,228,1,,,,,,,,FALSE,FALSE
,,,,RBu,249,219,203,,,,,,,,,FALSE,FALSE
,so,,,SAh,248,210,165,,,,,,,,,FALSE,FALSE
,,,,BAh,142,133,128,,,,,,,,,FALSE,FALSE
,,,,BAh,741,710,691,,,,,,,,,FALSE,FALSE
,sw,,,BAh,161,154,149,,,,,,,,,FALSE,FALSE
,,,sw,Esch,105,91,84,1,,,,,,,,FALSE,FALSE
,,,,HBu,282,261,257,,,,,,,,,FALSE,FALSE
,,,,SAh,517,410,365,,,,,,,,,FALSE,FALSE
25,no,,,BAh,1364,965,819,,,,,,,,,FALSE,FALSE
,,,,BAh,379,335,288,,,,,,,,,FALSE,FALSE
,,,,SAh,259,245,154,,,,,,,,,FALSE,FALSE
,,,,BAh,161,137,125,,,,,,,,,FALSE,FALSE
,,,,BAh,170,145,133,,,,,,,,,FALSE,FALSE
,,,,BAh,191,139,118,,,,,,,,,FALSE,FALSE
,,,,BAh,156,142,119,,,,,,,,,FALSE,FALSE
,,,no,Esch,89,81,70,1,,,,,,,,FALSE,FALSE
,,,,BAh,290,256,202,,,,,,,,,FALSE,FALSE
,,,,BAh,118,111,103,,,,,,,,,FALSE,FALSE
,,,,BAh,449,357,245,,,,,,,,,FALSE,FALSE
,,,,BAh,143,119,90,,,,,,,,,FALSE,FALSE
,,,,BAh,499,420,325,,,,,,,,,FALSE,FALSE
,,,,BAh,127,119,111,,,,,,,,,FALSE,FALSE
,,,,BAh,612,509,324,,,,,,,,,FALSE,FALSE
,nw,,,BAh,929,777,672,,,,,,,,,FALSE,FALSE
,,,,HBu,1230,1145,705,,,,,,,,,FALSE,FALSE
,,,,HBu,495,488,475,,,,,,,,,FALSE,FALSE
,,,nw,Esch,270,250,224,3,,,,,,1,,FALSE,FALSE
,,,,BAh,267,240,224,,,,,,,,,FALSE,FALSE
,,,,BAh,173,160,150,,,,,,,,,FALSE,FALSE
,,,,BAh,198,193,179,,,,,,,,,FALSE,FALSE
,,,,SAh,372,346,322,,,,,,,,,FALSE,FALSE
,,,,Esch,275,246,214,,,,,,,,,FALSE,FALSE
,,,,BAh,312,279,225,,,,,,,,,FALSE,FALSE
,,,,HBu,681,530,493,,,,,,,,,FALSE,FALSE
,,,,BAh,220,199,178,,,,,,,,,FALSE,FALSE
,,,,SAh,255,201,171,,,,,,,,,FALSE,FALSE
,,,,BAh,491,423,355,,,,,,,,,FALSE,FALSE
,,,,BAh,270,252,231,,,,,,,,,FALSE,FALSE
,,,,BAh,351,307,258,,,,,,,,,FALSE,FALSE
,,,,crataegus spec,116,102,92,,,,,,,,,FALSE,FALSE
,so,,,BAh,1200,934,642,,,,,,,,,FALSE,FALSE
,,,,BAh,850,725,689,,,,,,,,,FALSE,FALSE
,,,,BAh,264,236,195,,,,,,,,,FALSE,FALSE
,,,,BAh,162,156,146,,,,,,,,,FALSE,FALSE
,,,,BAh,100,95,91,,,,,,,,,FALSE,FALSE
,,,,Esch,165,132,118,1,,,,,,,,FALSE,FALSE
,,,so,Esch,227,197,165,1,,,,,,,,FALSE,FALSE
,,,,Esch,166,152,138,1,,,,,,,,FALSE,FALSE
,,,,Esch,144,124,104,1,,,,,,,,FALSE,FALSE
,,,,HBu,564,489,404,,,,,,,,,FALSE,FALSE
,,,,Esch,271,242,181,4,,T1,,,,,,FALSE,FALSE
,,,,HBu,969,576,510,,,,,,,,,FALSE,FALSE
,so,,,BAh,798,531,436,,,,,,,,,FALSE,FALSE
,,,,BAh,318,272,235,,,,,,,,,FALSE,FALSE
,,,,BAh,144,130,102,,,,,,,,,FALSE,FALSE
,,,,BAh,89,78,56,,,,,,,,,FALSE,FALSE
,,,,BAh,290,239,198,,,,,,,,,FALSE,FALSE
,,,,SAh,305,272,257,,,,,,,,,FALSE,FALSE
,,,,SAh,299,281,266,,,,,,,,,FALSE,FALSE
,,,,Esch,127,118,112,1,,,,,,,,FALSE,FALSE
,,,,BAh,272,255,223,,,,,,,,,FALSE,FALSE
,,,so,Esch,438,305,226,3,,1,,,,,,FALSE,FALSE
,,,,BAh,188,163,130,,,,,,,,,FALSE,FALSE
26,sw,ja,,BAh,116,113,107,,,,,,,,,FALSE,FALSE
,,,,BAh,104,95,87,,,,,,,,,FALSE,FALSE
,,,,BAh,136,120,103,,,,,,,,,FALSE,FALSE
,,,sw,Esch,93,87,82,1,,,,,,,,FALSE,FALSE
,,,,SAh,261,245,235,,,,,,,,,FALSE,FALSE
,,,,Esch,103,92,81,1,,,,,,,,FALSE,FALSE
,,,,BAh,208,192,177,,,,,,,,,FALSE,FALSE
,,,,Esch,106,95,90,1,,,,,,,,FALSE,FALSE
,,,,Esch,150,136,126,1,,,,,,,,FALSE,FALSE
,,,,Esch,105,100,97,2,,,,,,1,,FALSE,FALSE
,,,,BAh,820,752,674,,,,,,,,,FALSE,FALSE
,,,,HBu,230,220,209,,,,,,,,,FALSE,FALSE
,,,,HBu,140,140,139,,,,,,,,,FALSE,FALSE
,,,,HBu,194,190,172,,,,,,,,,FALSE,FALSE
,,,,BAh,520,385,310,,,,,,,,,FALSE,FALSE
,,,,Esch,185,175,163,1,,,,,,,,FALSE,FALSE
,,,,SAh,145,124,101,,,,,,,,,FALSE,FALSE
,,,,SAh,174,168,166,,,,,,,,,FALSE,FALSE
,,,,HBu,481,406,366,,,,,,,,,FALSE,FALSE
,,,,HBu,378,376,349,,,,,,,,,FALSE,FALSE
,,,,BAh,106,97,88,,,,,,,,,FALSE,FALSE
,NW,,,SAh,73,48,0,,,,,,,,,FALSE,FALSE
,,,,BAh,97,88,75,,,,,,,,,FALSE,FALSE
,,,nw,Esch,108,97,93,1,,,,,,,,FALSE,FALSE
,,,,BAh,85,77,69,,,,,,,,,FALSE,FALSE
,,,,BAh,137,126,116,,,,,,,,,FALSE,FALSE
,,,,BAh,883,782,645,,,,,,,,,FALSE,FALSE
,,,,BAh,139,127,118,,,,,,,,,FALSE,FALSE
,,,,BAh,129,95,85,,,,,,,,,FALSE,FALSE
,,,,HBu,60,50,0,,,,,,,,,FALSE,FALSE
,,,,Esch,58,0,0,1,,,,,,,,FALSE,FALSE
,,,,BAh,120,109,100,,,,,,,,,FALSE,FALSE
,,,,BAh,118,104,92,,,,,,,,,FALSE,FALSE
,,,,FAh,101,80,0,,,,,,,,,FALSE,FALSE
,,,,Esch,185,164,147,1,,,,,,,,FALSE,FALSE
,,,,HBu,84,75,0,,,,,,,,,FALSE,FALSE
,,,,BAh,73,20,0,,,,,,,,,FALSE,FALSE
,,,,BAh,361,345,318,,,,,,,,,FALSE,FALSE
,,,,HBu,70,59,0,,,,,,,,,FALSE,FALSE
,,,,Esch,146,125,115,1,,,,,,,,FALSE,FALSE
,,,,HBu,99,93,86,,,,,,,,,FALSE,FALSE
,,,,HBu,53,0,0,,,,,,,,,FALSE,FALSE
,NO,,,HBu,222,220,216,,,,,,,,,FALSE,FALSE
,,,,BAh,139,125,115,,,,,,,,,FALSE,FALSE
,,,,BAh,114,100,85,,,,,,,,,FALSE,FALSE
,,,,BAh,80,60,0,,,,,,,,,FALSE,FALSE
,,,,BAh,75,65,54,,,,,,,,,FALSE,FALSE
,,,,BAh,85,74,59,,,,,,,,,FALSE,FALSE
,,,,HBu,439,366,350,,,,,,,,,FALSE,FALSE
,,,,HBu,454,257,235,,,,,,,,,FALSE,FALSE
,,,,HBu,141,112,104,,,,,,,,,FALSE,FALSE
,,,,HBu,275,255,210,,,,,,,,,FALSE,FALSE
,,,,BAh,144,123,97,,,,,,,,,FALSE,FALSE
,,,,HBu,177,155,129,,,,,,,,,FALSE,FALSE
,,,,BAh,102,92,85,,,,,,,,,FALSE,FALSE
,,,,BAh,147,108,0,,,,,,,,,FALSE,FALSE
,,,,HBu,205,194,168,,,,,,,,,FALSE,FALSE
,,,,BAh,177,151,134,,,,,,,,,FALSE,FALSE
,,,,BAh,136,119,96,,,,,,,,,FALSE,FALSE
,,,,BAh,1450,1266,1153,,,,,,,,,FALSE,FALSE
,,,,BAh,1245,1108,1035,,,,,,,,,FALSE,FALSE
,,,,BAh,153,147,144,,,,,,,,,FALSE,FALSE
,,,,HBu,152,132,106,,,,,,,,,FALSE,FALSE
,,,,BAh,124,113,102,,,,,,,,,FALSE,FALSE
,,,,BAh,93,87,72,,,,,,,,,FALSE,FALSE
,,,,BAh,122,110,100,,,,,,,,,FALSE,FALSE
,,,,BAh,133,123,115,,,,,,,,,FALSE,FALSE
,,,,BAh,188,170,145,,,,,,,,,FALSE,FALSE
,,,,BAh,215,182,143,,,,,,,,,FALSE,FALSE
,,,,SAh,108,99,90,,,,,,,,,FALSE,FALSE
,,,,BAh,175,158,142,,,,,,,,,FALSE,FALSE
,,,,Esch,84,78,0,2,,T1,,,,,,FALSE,FALSE
,,,,BAh,154,140,127,,,,,,,,,FALSE,FALSE
,,,,Esch,68,38,0,1,,,,,,,,FALSE,FALSE
,,,,BAh,100,95,90,,,,,,,,,FALSE,FALSE
,,,,BAh,110,99,82,,,,,,,,,FALSE,FALSE
,,,,BAh,180,157,126,,,,,,,,,FALSE,FALSE
,,,,BAh,165,155,148,,,,,,,,,FALSE,FALSE
,,,,BAh,130,123,118,,,,,,,,,FALSE,FALSE
,,,,BAh,388,337,302,,,,,,,,,FALSE,FALSE
,SO,,,BAh,115,102,95,,,,,,,,,FALSE,FALSE
,,,,BAh,124,116,106,,,,,,,,,FALSE,FALSE
,,,,BAh,105,99,93,,,,,,,,,FALSE,FALSE
,,,,SAh,282,277,270,,,,,,,,,FALSE,FALSE
,,,,BAh,679,656,548,,,,,,,,,FALSE,FALSE
,,,,BAh,116,104,94,,,,,,,,,FALSE,FALSE
,,,,BAh,89,80,76,,,,,,,,,FALSE,FALSE
,,,,HBu,68,62,0,,,,,,,,,FALSE,FALSE
,,,,BAh,136,127,119,,,,,,,,,FALSE,FALSE
,,,,BAh,378,354,340,,,,,,,,,FALSE,FALSE
,,,,Esch,190,178,166,1,,,,,,,,FALSE,FALSE
,,,,Esch,79,66,56,,,,,,,,,FALSE,FALSE
,,,,SAh,138,134,128,,,,,,,,,FALSE,FALSE
,,,,BAh,78,0,0,,,,,,,,,FALSE,FALSE
,,,,HBu,66,0,0,,,,,,,,,FALSE,FALSE
,,,,BAh,344,312,290,,,,,,,,,FALSE,FALSE
,,,,HBu,278,270,270,,,,,,,,,FALSE,FALSE
,,,,BAh,370,335,303,,,,,,,,,FALSE,FALSE
,,,,SAh,255,246,240,,,,,,,,,FALSE,FALSE
27,nw,ja,,BAh,99,67,45,,,,,,,,,FALSE,FALSE
,,,,BAh,96,69,46,,,,,,,,,FALSE,FALSE
,,,,BAh,169,120,68,,,,,,,,,FALSE,FALSE
,,,,BAh,106,85,67,,,,,,,,,FALSE,FALSE
,,,,HBu,142,103,80,,,,,,,,,FALSE,FALSE
,so,,, brombeere,704,,,,,,,,,,,FALSE,FALSE
,,,, brombeere,610,,,,,,,,,,,FALSE,FALSE
,no,,, brombeere,390,,,,,,,,,,,FALSE,FALSE
28,nw,,,BAh,130,118,0,,,,,,,,,FALSE,FALSE
,,,,HBu,526,478,388,,,,,,,,,FALSE,FALSE
,,,,BAh,263,247,225,,,,,,,,,FALSE,FALSE
,,,,HBu,1475,1040,860,,,,,,,,,FALSE,FALSE
,,,,BAh,157,149,139,,,,,,,,,FALSE,FALSE
,,,,HBu,239,218,180,,,,,,,,,FALSE,FALSE
,,,,HBu,1572,1190,945,,,,,,,,,FALSE,FALSE
,,,,BAh,239,225,212,,,,,,,,,FALSE,FALSE
,,,,HBu,489,454,412,,,,,,,,,FALSE,FALSE
,no,,,BAh,335,295,243,,,,,,,,,FALSE,FALSE
,,,,BAh,123,116,106,,,,,,,,,FALSE,FALSE
,,,,BAh,185,180,169,,,,,,,,,FALSE,FALSE
,,,,BAh,170,162,147,,,,,,,,,FALSE,FALSE
,,,,BAh,171,160,147,,,,,,,,,FALSE,FALSE
,,,,BAh,456,413,305,,,,,,,,,FALSE,FALSE
,,,,BAh,219,204,185,,,,,,,,,FALSE,FALSE
,,,no,Esch,159,144,128,1,,,,,,,,FALSE,FALSE
,,,,HBu,805,789,650,,,,,,,,,FALSE,FALSE
,,,,HBu,921,798,742,,,,,,,,,FALSE,FALSE
,,,,BAh,552,468,402,,,,,,,,,FALSE,FALSE
,so,,,BAh,671,501,476,,,,,,,,,FALSE,FALSE
,,,, Holunder,552,517,459,,,,,,,,,FALSE,FALSE
,,,,BAh,340,315,260,,,,,,,,,FALSE,FALSE
,,,,BAh,335,318,282,,,,,,,,,FALSE,FALSE
,,,, Holunder,685,634,624,,,,,,,,,FALSE,FALSE
,,,,BAh,471,414,320,,,,,,,,,FALSE,FALSE
,,,,BAh,195,179,166,,,,,,,,,FALSE,FALSE
,sw,,,RBu,2280,2030,1820,,,,,,,,,FALSE,FALSE
,,,,Esch,94,59,0,1,,,,,,,,FALSE,FALSE
,,,,BAh,224,212,201,,,,,,,,,FALSE,FALSE
,,,,SAh,406,372,356,,,,,,,,,FALSE,FALSE
,,,,HBu,438,370,275,,,,,,,,,FALSE,FALSE
,,,sw,Esch,161,140,121,1,,,,,,,,FALSE,FALSE
,,,,BAh,1061,959,669,,,,,,,,,FALSE,FALSE
29,sw,,,BAh,167,145,91,,,,,,,,,FALSE,FALSE
,,,,BAh,171,160,147,,,,,,,,,FALSE,FALSE
,,,,BAh,299,240,190,,,,,,,,,FALSE,FALSE
,,,,BAh,187,170,128,,,,,,,,,FALSE,FALSE
,,,,BAh,128,112,97,,,,,,,,,FALSE,FALSE
,,,,Esch,259,195,166,1,,,,,,,,FALSE,FALSE
,so,,,BAh,306,296,285,,,,,,,,,FALSE,FALSE
,,,,SAh,434,420,408,,,,,,,,,FALSE,FALSE
,,,,SAh,444,422,414,,,,,,,,,FALSE,FALSE
,nw,,,BAh,143,133,126,,,,,,,,,FALSE,FALSE
,,,,BAh,418,368,318,,,,,,,,,FALSE,FALSE
,,,,BAh,535,506,477,,,,,,,,,FALSE,FALSE
,no,,,BAh,98,75,0,,,,,,,,,FALSE,FALSE
,,,,BAh,225,198,181,,,,,,,,,FALSE,FALSE
,,,,BAh,95,88,0,,,,,,,,,FALSE,FALSE
,,,,BAh,1728,1435,1038,,,,,,,,,FALSE,FALSE
30,,,, ,,,,,,,,,,,keine Blätter,FALSE,FALSE
31,sw,,,BAh,253,243,235,,,,,,,,,FALSE,FALSE
,,,,HBu,525,520,518,,,,,,,,,FALSE,FALSE
,,,,HBu,458,434,419,,,,,,,,,FALSE,FALSE
,,,,HBu,259,249,235,,,,,,,,,FALSE,FALSE
,so,,,HBu,464,455,448,,,,,,,,,FALSE,FALSE
,,,,HBu,1130,1085,1085,,,,,,,,,FALSE,FALSE
,,,,HBu,659,648,634,,,,,,,,,FALSE,FALSE
,,,so,Esch,177,167,162,4,,,,,,1,,FALSE,FALSE
,,,,HBu,1271,1234,1215,,,,,,,,,FALSE,FALSE
,,,,Esch,236,215,194,2,,,,,,,,FALSE,FALSE
,,,,BAh,117,106,93,,,,,,,,,FALSE,FALSE
,,,,Esch,66,61,48,,,,,,,,,FALSE,FALSE
,,,,BAh,100,89,0,,,,,,,,,FALSE,FALSE
,,,,HBu,1801,1782,1758,,,,,,,,,FALSE,FALSE
,no,,,BAh,1628,1605,1575,,,,,,,,,FALSE,FALSE
,,,,HBu,699,689,682,,,,,,,,,FALSE,FALSE
,,,no,Esch,87,85,75,1,,,,,,,,FALSE,FALSE
,,,,BAh,161,154,152,,,,,,,,,FALSE,FALSE
,nw,,,HBu,192,189,185,,,,,,,,,FALSE,FALSE
,,,,HBu,156,142,122,,,,,,,,,FALSE,FALSE
,,,,HBu,230,224,216,,,,,,,,,FALSE,FALSE
,,,,HBu,525,508,506,,,,,,,,,FALSE,FALSE
,,,,HBu,504,480,463,,,,,,,,,FALSE,FALSE
,,,,BAh,392,382,377,,,,,,,,,FALSE,FALSE
32,nw,ja,nw,Esch,148,102,85,4,,,,,1,2,,FALSE,FALSE
,no,,,HBu,470,375,180,,,,,,,,,FALSE,FALSE
,so,,, sambucus spec,1104,742,0,,,,,,,,,FALSE,FALSE
,sw,,,Esch,82,39,0,,,,,,,,,FALSE,FALSE
,,,,HBu,581,423,398,,,,,,,,,FALSE,FALSE
,,,,HBu,285,236,216,,,,,,,,,FALSE,FALSE
,,,,BAh,98,92,79,,,,,,,,,FALSE,FALSE
,,,,BAh,84,60,22,,,,,,,,,FALSE,FALSE
33,nw,,,BAh,5330,4520,3830,,,,,,,,,FALSE,FALSE
,,,,BAh,845,645,620,,,,,,,,,FALSE,FALSE
,,,,BAh,649,588,456,,,,,,,,,FALSE,FALSE
,,,,BAh,177,147,125,,,,,,,,,FALSE,FALSE
,sw,,,BAh,431,391,326,,,,,,,,,FALSE,FALSE
,,,,BAh,289,275,254,,,,,,,,,FALSE,FALSE
,,,,BAh,3800,3010,2170,,,,,,,,,FALSE,FALSE
34,so,,,HBu,648,475,440,,,,,,,,,FALSE,FALSE
,,,so,Esch,135,115,0,1,,,,,,,,FALSE,FALSE
,,,,BAh,101,92,0,,,,,,,,,FALSE,FALSE
,,,,Esch,168,151,109,1,,,,,,,,FALSE,FALSE
,,,, himbeere,135,,,,,,,,,,,FALSE,FALSE
,,,,HBu,708,439,341,,,,,,,,,FALSE,FALSE
,sw,,,FAh,894,709,485,,,,,,,,,FALSE,FALSE
,,,,BAh,165,156,147,,,,,,,,,FALSE,FALSE
,,,,BAh,95,86,65,,,,,,,,,FALSE,FALSE
,,,,SAh,210,204,198,,,,,,,,,FALSE,FALSE
,,,,BAh,201,182,167,,,,,,,,,FALSE,FALSE
,,,,BAh,231,216,205,,,,,,,,,FALSE,FALSE
,,,,HBu,448,385,360,,,,,,,,,FALSE,FALSE
,so,,,BAh,1910,1630,1065,,,,,,,,,FALSE,FALSE
,nw,,,SAh,209,175,160,,,,,,,,,FALSE,FALSE
,,,,BAh,157,147,136,,,,,,,,,FALSE,FALSE
,no,,,HBu,363,259,182,,,,,,,,,FALSE,FALSE
,,,, himbeere,295,,,,,,,,,,,FALSE,FALSE
,,,,BAh,239,220,182,,,,,,,,,FALSE,FALSE
,,,,wildkirsche,345,321,151,,,,,,,,,FALSE,FALSE
1,,,, ,,,,,,,,,,,keine Bäume,FALSE,FALSE
2,,,SW,Esch,140,110,90,1,,,,,,,,FALSE,FALSE
3,,,, ,,,,,,,,,,,keine Bäume,FALSE,FALSE
4,,,,SAh,104,90,80,,,,,,,,,FALSE,FALSE
,,,NW,Esch,92,65,0,1,,,,,,,,FALSE,FALSE
,,,,BAh,45,31,0,,,,,,,,,FALSE,FALSE
,,,,BAh,94,82,0,,,,,,,,,FALSE,FALSE
,,,,BAh,90,78,70,,,,,,,,,FALSE,FALSE
,,,,BAh,140,126,111,,,,,,,,,FALSE,FALSE
,,,,Esch,65,0,,1,,,,,,,,FALSE,FALSE
,,,SW,Esch,73,57,,1,,,,,,,,FALSE,FALSE
,,,,BAh,97,80,0,,,,,,,,,FALSE,FALSE
,,,,BAh,4200,3920,3640,,,,,,,,,FALSE,FALSE
5,,,,Himbeere,488,447,,,,,,,,,,FALSE,FALSE
,,,,SAh,355,325,314,,,,,,,,,FALSE,FALSE
,,,,BAh,503,412,375,,,,,,,,,FALSE,FALSE
,,,SO,Esch,454,345,265,2,,,,,,1,,FALSE,FALSE
,,,,SAh,542,461,345,,,,,,,,,FALSE,FALSE
,,,,Himbeere,496,339,,,,,,,,,,FALSE,FALSE
6,,,,BAh,230,220,207,,,,,,,,,FALSE,FALSE
,,,,RBu,419,372,345,,,,,,,,,FALSE,FALSE
,,,,SAh,129,117,102,,,,,,,,,FALSE,FALSE
,,,,BAh,118,105,90,,,,,,,,,FALSE,FALSE
,,,,SAh,335,267,210,,,,,,,,,FALSE,FALSE
,,,,Esch,168,156,149,1,,,,,,,,FALSE,FALSE
,,,,BAh,105,99,89,,,,,,,,,FALSE,FALSE
,,,NW,Esch,304,270,258,2,,,,,,1,,FALSE,FALSE
,,,,BAh,344,326,310,,,,,,,,,FALSE,FALSE
,,,,RBu,1075,1035,1010,,,,,,,,,FALSE,FALSE
,,,MITTE,Esch,223,190,151,6,,,,1,1,1,,FALSE,FALSE
,,,,BAh,77,68,55,,,,,,,,,FALSE,FALSE
,,,SW,Esch,412,338,242,8,,,,,1,1,,FALSE,FALSE
,,,,BAh,120,106,82,,,,,,,,,FALSE,FALSE
,,,,BAh,201,180,160,,,,,,,,,FALSE,FALSE
,,,,Esch,146,139,131,1,,,,,,,,FALSE,FALSE
,,,,BAh,141,132,116,,,,,,,,,FALSE,FALSE
,,,,BAh,95,84,77,,,,,,,,,FALSE,FALSE
,,,,WKi,115,89,63,,,,,,,,,FALSE,FALSE
,,,,BAh,592,570,522,,,,,,,,,FALSE,FALSE
,,,,RBu,1920,1920,1900,,,,,,,,Plagiotroph,FALSE,FALSE
,,,,BAh,105,92,0,,,,,,,,,FALSE,FALSE
,,,,BAh,106,104,94,,,,,,,,,FALSE,FALSE
,,,,BAh,349,334,270,,,,,,,,,FALSE,FALSE
7,,,,BAh,105,80,52,,,,,,,,,FALSE,FALSE
,,,,BAh,95,76,58,,,,,,,,,FALSE,FALSE
,,,NO,Esch,62,42,0,1,,,,,,,,FALSE,FALSE
,,,,Esch,64,53,0,1,,,,,,,,FALSE,FALSE
,,,,BAh,129,109,72,,,,,,,,,FALSE,FALSE
,,,,BAh,100,92,0,,,,,,,,,FALSE,FALSE
,,,,BAh,165,144,125,,,,,,,,,FALSE,FALSE
,,,,BAh,126,117,110,,,,,,,,,FALSE,FALSE
,,,,BAh,99,84,0,,,,,,,,,FALSE,FALSE
,,,,BAh,80,69,60,,,,,,,,,FALSE,FALSE
,,,,Esch,62,42,0,1,,,,,,,,FALSE,FALSE
,,,,BAh,58,34,0,,,,,,,,,FALSE,FALSE
,,,,BAh,81,71,0,,,,,,,,,FALSE,FALSE
,,,,BAh,78,70,0,,,,,,,,,FALSE,FALSE
,,,,BAh,180,172,162,,,,,,,,,FALSE,FALSE
,,,,BAh,93,82,0,,,,,,,,,FALSE,FALSE
,,,,BAh,98,92,0,,,,,,,,,FALSE,FALSE
,,,,BAh,95,84,77,,,,,,,,,FALSE,FALSE
,,,,BAh,177,159,145,,,,,,,,,FALSE,FALSE
,,,,BAh,220,208,181,,,,,,,,,FALSE,FALSE
,,,,BAh,151,135,128,,,,,,,,,FALSE,FALSE
,,,,BAh,118,114,110,,,,,,,,,FALSE,FALSE
,,,,BAh,95,92,90,,,,,,,,,FALSE,FALSE
,,,,BAh,76,64,0,,,,,,,,,FALSE,FALSE
,,,,BAh,90,87,82,,,,,,,,,FALSE,FALSE
,,,,BAh,221,208,184,,,,,,,,,FALSE,FALSE
,,,,BAh,119,115,108,,,,,,,,,FALSE,FALSE
,,,,BAh,154,144,132,,,,,,,,,FALSE,FALSE
,,,,BAh,162,148,135,,,,,,,,,FALSE,FALSE
,,,,BAh,128,122,118,,,,,,,,,FALSE,FALSE
,,,,BAh,189,157,119,,,,,,,,,FALSE,FALSE
,,,,BAh,48,38,0,,,,,,,,,FALSE,FALSE
,,,,BAh,99,90,0,,,,,,,,,FALSE,FALSE
,,,,SAh,90,75,0,,,,,,,,,FALSE,FALSE
,,,,BAh,145,137,130,,,,,,,,,FALSE,FALSE
,,,,BAh,191,160,122,,,,,,,,,FALSE,FALSE
,,,,BAh,108,92,82,,,,,,,,,FALSE,FALSE
,,,,BAh,170,157,94,,,,,,,,,FALSE,FALSE
,,,,BAh,175,163,80,,,,,,,,,FALSE,FALSE
,,,,BAh,99,89,71,,,,,,,,,FALSE,FALSE
,,,,BAh,96,92,59,,,,,,,,,FALSE,FALSE
,,,,BAh,75,67,0,,,,,,,,,FALSE,FALSE
,,,,BAh,177,168,152,,,,,,,,,FALSE,FALSE
,,,,BAh,235,172,120,,,,,,,,,FALSE,FALSE
,,,,BAh,102,99,94,,,,,,,,,FALSE,FALSE
,,,,BAh,175,157,150,,,,,,,,,FALSE,FALSE
,,,,BAh,215,200,192,,,,,,,,,FALSE,FALSE
,,,,BAh,218,202,191,,,,,,,,,FALSE,FALSE
,,,,BAh,146,132,125,,,,,,,,,FALSE,FALSE
,,,,BAh,210,190,171,,,,,,,,,FALSE,FALSE
,,,,BAh,325,305,289,,,,,,,,,FALSE,FALSE
,,,,BAh,215,192,175,,,,,,,,,FALSE,FALSE
,,,, Brombeere,599,550,415,,,,,,,,,FALSE,FALSE
,,,,BAh,80,67,0,,,,,,,,,FALSE,FALSE
,,,,BAh,81,66,0,,,,,,,,,FALSE,FALSE
,,,,BAh,69,,,,,,,,,,,FALSE,FALSE
,,,,BAh,101,92,84,,,,,,,,,FALSE,FALSE
,,,,BAh,71,0,,,,,,,,,,FALSE,FALSE
,,,,BAh,161,147,134,,,,,,,,,FALSE,FALSE
,,,,BAh,130,115,104,,,,,,,,,FALSE,FALSE
,,,,BAh,102,87,68,,,,,,,,,FALSE,FALSE
,,,,SAh,212,207,198,,,,,,,,,FALSE,FALSE
,,,,BAh,115,107,99,,,,,,,,,FALSE,FALSE
,,,,BAh,159,148,136,,,,,,,,,FALSE,FALSE
,,,,BAh,134,121,112,,,,,,,,,FALSE,FALSE
,,,,BAh,135,122,109,,,,,,,,,FALSE,FALSE
,,,,BAh,140,126,115,,,,,,,,,FALSE,FALSE
,,,,RBu,145,124,98,,,,,,,,,FALSE,FALSE
,,,,BAh,92,89,0,,,,,,,,,FALSE,FALSE
,,,,BAh,90,82,0,,,,,,,,,FALSE,FALSE
7,,,,RBu,1430,1360,1170,,,,,,,,,FALSE,FALSE
8,nw,,,SAh,132,113,95,,,,,,,,,FALSE,FALSE
,,,,BAh,164,153,147,,,,,,,,,FALSE,FALSE
,,,,BAh,123,114,107,,,,,,,,,FALSE,FALSE
,,,,Hbu,268,265,262,,,,,,,,,FALSE,FALSE
,,,,Esch,90,84,76,1,,,,,,,,FALSE,FALSE
,,,,Esch,91,75,66,1,,,,,,,,FALSE,FALSE
,,,,BAh,109,101,93,,,,,,,,,FALSE,FALSE
,,,NW,Esch,165,152,120,1,,,,,,,,FALSE,FALSE
,,,,BAh,74,68,60,,,,,,,,,FALSE,FALSE
,,,,Esch,120,112,109,1,,,,,,,,FALSE,FALSE
,no,,,BAh,94,84,79,,,,,,,,,FALSE,FALSE
,,,,BAh,90,79,0,,,,,,,,,FALSE,FALSE
,,,,Esch,123,105,88,1,,,,,,,,FALSE,FALSE
,,,,RBu,441,400,309,,,,,,,,,FALSE,FALSE
,,,,BAh,141,130,124,,,,,,,,,FALSE,FALSE
,,,,BAh,129,122,116,,,,,,,,,FALSE,FALSE
,,,,BAh,99,91,88,,,,,,,,,FALSE,FALSE
,,,,BAh,74,65,0,,,,,,,,,FALSE,FALSE
,,,,BAh,201,186,175,,,,,,,,,FALSE,FALSE
,,,,BAh,189,176,165,,,,,,,,,FALSE,FALSE
,,,,BAh,68,64,59,,,,,,,,,FALSE,FALSE
,,,,BAh,89,82,76,,,,,,,,,FALSE,FALSE
,,,,Hbu,185,174,167,,,,,,,,,FALSE,FALSE
,,,,BAh,140,133,129,,,,,,,,,FALSE,FALSE
,,,,BAh,141,129,126,,,,,,,,,FALSE,FALSE
,so,,,BAh,100,89,65,,,,,,,,,FALSE,FALSE
,,,,BAh,91,85,67,,,,,,,,,FALSE,FALSE
,,,,BAh,69,64,55,,,,,,,,,FALSE,FALSE
,,,,RBu,334,290,235,,,,,,,,,FALSE,FALSE
,,,,BAh,79,75,72,,,,,,,,,FALSE,FALSE
,,,,BAh,156,142,122,,,,,,,,,FALSE,FALSE
,,,,BAh,118,110,100,,,,,,,,,FALSE,FALSE
,,,,Hbu,265,265,239,,,,,,,,,FALSE,FALSE
,,,,Esch,110,108,102,2,,,,,,T1,Krebsgalle,FALSE,FALSE
,,,,BAh,120,111,107,,,,,,,,,FALSE,FALSE
,,,,BAh,99,91,82,,,,,,,,,FALSE,FALSE
,,,,BAh,95,86,80,,,,,,,,,FALSE,FALSE
,,,,BAh,95,87,60,,,,,,,,,FALSE,FALSE
,,,,RBu,475,398,290,,,,,,,,,FALSE,FALSE
,,,,BAh,64,54,50,,,,,,,,,FALSE,FALSE
,,,,BAh,129,121,114,,,,,,,,,FALSE,FALSE
,,,,BAh,112,100,90,,,,,,,,,FALSE,FALSE
,,,SO,Esch,100,93,80,3,,,,1,,,,FALSE,FALSE
,sw,,,BAh,132,118,103,,,,,,,,,FALSE,FALSE
,,,,BAh,116,111,104,,,,,,,,,FALSE,FALSE
,,,,Hbu,82,80,68,,,,,,,,,FALSE,FALSE
,,,,Esch,185,177,168,1,,,,,,,,FALSE,FALSE
,,,,Hbu,229,216,205,,,,,,,,,FALSE,FALSE
,,,,BAh,160,143,132,,,,,,,,,FALSE,FALSE
,,,,BAh,72,63,55,,,,,,,,,FALSE,FALSE
,,,,BAh,75,65,58,,,,,,,,,FALSE,FALSE
,,,,SAh,150,144,133,,,,,,,,,FALSE,FALSE
,,,,Esch,65,49,0,1,,,,,,,,FALSE,FALSE
,,,,BAh,105,90,79,,,,,,,,,FALSE,FALSE
,,,,SAh,78,66,0,,,,,,,,,FALSE,FALSE
,,,,Esch,235,180,172,4,,,,,1,,,FALSE,FALSE
,,,,Hbu,236,211,200,,,,,,,,,FALSE,FALSE
,,,,BAh,78,68,62,,,,,,,,,FALSE,FALSE
,,,SW,Esch,100,88,75,1,,,,,,,,FALSE,FALSE
9,so,,,BAh,3280,3110,3020,,,,,,,,,FALSE,FALSE
,no,,,RBu,4250,^4200,4050,,,,,,,,,FALSE,FALSE
,,,,BAh,1838,1825,1818,,,,,,,,,FALSE,FALSE
10,no,,,BAh,49,40,35,,,,,,,,,FALSE,FALSE
,,,,BAh,80,64,0,,,,,,,,,FALSE,FALSE
,,,,BAh,73,64,57,,,,,,,,,FALSE,FALSE
,,,,BAh,110,103,99,,,,,,,,,FALSE,FALSE
,,,,BAh,116,107,103,,,,,,,,,FALSE,FALSE
,so,,,RBu,506,492,463,,,,,,,,,FALSE,FALSE
,,,,BAh,92,0,0,,,,,,,,,FALSE,FALSE
,,,,BAh,84,0,0,,,,,,,,,FALSE,FALSE
,,,SO,Esch,59,45,0,1,,,,,,,,FALSE,FALSE
,,,,Esch,89,81,74,,,,,,,,,FALSE,FALSE
,,,,BAh,112,107,102,,,,,,,,,FALSE,FALSE
,,,,Esch,60,50,0,,,,,,,,,FALSE,FALSE
,,,,BAh,187,180,172,,,,,,,,,FALSE,FALSE
,sw,,,BAh,82,72,0,,,,,,,,,FALSE,FALSE
,nw,,,BAh,128,116,110,,,,,,,,,FALSE,FALSE
,,,,RBu,236,220,217,,,,,,,,,FALSE,FALSE
,,,,BAh,102,89,0,,,,,,,,,FALSE,FALSE
,,,,BAh,151,143,135,,,,,,,,,FALSE,FALSE
11,no,,,BAh,1912,1863,1815,,,,,,,,,FALSE,FALSE
,nw,,,BAh,676,656,630,,,,,,,,,FALSE,FALSE
,,,,BAh,660,653,643,,,,,,,,,FALSE,FALSE
,so,,,BAh,254,244,236,,,,,,,,,FALSE,FALSE
,,,,BAh,271,261,254,,,,,,,,,FALSE,FALSE
,,,,BAh,314,305,287,,,,,,,,,FALSE,FALSE
,sw,,,BAh,4880,4600,4140,,,,,,,,,FALSE,FALSE
,nw,,,BAh,4060,3800,3630,,,,,,,,,FALSE,FALSE
12,sw,,, ,,,,,,,,,,,,FALSE,FALSE
,so,,,Hbu,99,62,0,,,,,,,,,FALSE,FALSE
,,,,Hbu,209,170,145,,,,,,,,,FALSE,FALSE
,no,,,Hbu,200,183,178,,,,,,,,,FALSE,FALSE
13,nw,,, ,294,278,262,,,,,,,,,FALSE,FALSE
,no,,,BAh,81,66,0,,,,,,,,,FALSE,FALSE
,so,,,Hbu,55,0,0,,,,,,,,,FALSE,FALSE
,,,,Hbu,50,0,0,,,,,,,,,FALSE,FALSE
,,,,Hbu,44,0,0,,,,,,,,,FALSE,FALSE
,no,,,RBu,104,0,0,,,,,,,,,FALSE,FALSE
,nw,,,Hbu,43,0,0,,,,,,,,,FALSE,FALSE
,sw,,SW,Esch,63,42,0,1,,,,,,,,FALSE,FALSE
,,,,BAh,130,125,59,,,,,,,,,FALSE,FALSE
14,no,,,RBu,468,462,423,,,,,,,,,FALSE,FALSE
,sw,,,RBu,2520,2500,2480,,,,,,,,,FALSE,FALSE
,,,,RBu,320,314,308,,,,,,,,,FALSE,FALSE
15,so,,,Hbu,545,498,440,,,,,,,,,FALSE,FALSE
16,so,,,BAh,150,139,129,,,,,,,,,FALSE,FALSE
,,,,BAh,170,152,119,,,,,,,,,FALSE,FALSE
,no,,, Brombeere,138,,,,,,,,,,,FALSE,FALSE
,,,,BAh,149,134,118,,,,,,,,,FALSE,FALSE
,,,,BAh,151,135,122,,,,,,,,,FALSE,FALSE
,sw,,,Hbu,305,301,294,,,,,,,,,FALSE,FALSE
,,,,Hbu,319,272,249,,,,,,,,,FALSE,FALSE
,,,,BAh,3270,3130,2720,,,,,,,,,FALSE,FALSE
,so,,,BAh,1788,1750,1725,,,,,,,,,FALSE,FALSE
,nw,,,RBu,799,740,723,,,,,,,,,FALSE,FALSE
,,,,BAh,102,55,0,,,,,,,,,FALSE,FALSE
,,,,BAh,272,222,196,,,,,,,,,FALSE,FALSE
,,,,BAh,59,0,0,,,,,,,,,FALSE,FALSE
,no,,,Hbu,512,448,410,,,,,,,,,FALSE,FALSE
50,,,,,,,,,,,,,,,,TRUE,FALSE
51,,,,,,,,,,,,,,,,TRUE,FALSE
59,,,,,,,,,,,,,,,,FALSE,TRUE
66,,,,,,,,,,,,,,,,TRUE,FALSE
67,,,,,,,,,,,,,,,,TRUE,FALSE
