"","Plotnummer","n_trees_2021","n_species_2021","n_ash_2021","location_2021","height_mean_2021","height_median_2021","height_max_2021","height_min_2021","n_ets_new_2021","n_ets_old_2021","n_ets_total_2021","comment_2021","Zaun_2021","Ausschluss_2021","Rueckegasse_2021","n_trees_2022","n_species_2022","n_ash_2022","location_2022","height_mean_2022","height_median_2022","height_max_2022","height_min_2022","n_ets_new_2022","n_ets_old_2022","n_ets_total_2022","comment_2022","Rueckegasse_2022","x","y"
"1",8901,3,2,2,"goe_pol",19,14,30,13,0,0,0,"",FALSE,FALSE,FALSE,3,2,2,"goe_pol",21,16,31,16,0,0,0,"",FALSE,27.2999494701086,71.6268904732732
"2",8902,3,2,2,"goe_pol",7.67,6,12,5,0,0,0,"",FALSE,FALSE,FALSE,9,2,7,"goe_pol",9.44,7,19,5,0,0,0,"",FALSE,22.4038354169998,70.653511455562
"3",8903,7,2,6,"goe_pol",7,7,12,4,0,0,0,"",FALSE,FALSE,FALSE,7,2,6,"goe_pol",10.29,10,17,7,0,0,0,"",FALSE,17.507721363891,69.6801324378507
"4",8904,15,3,12,"goe_pol",9,9,13,5,0,0,0,"",FALSE,FALSE,FALSE,16,4,11,"goe_pol",13.19,11,29,6,0,0,0,"",FALSE,12.6116073107821,68.7067534201394
"5",8905,7,2,5,"goe_pol",7.86,8,10,4,0,0,0,"",FALSE,FALSE,FALSE,7,2,5,"goe_pol",10.86,10,18,6,0,0,0,"",FALSE,7.71549325767329,67.7333744024282
"6",8906,9,3,7,"goe_pol",6.44,7,9,4,0,0,0,"",FALSE,FALSE,FALSE,8,2,7,"goe_pol",11,11.5,14,5,0,0,0,"",FALSE,2.81937920456446,66.7599953847169
"7",8907,9,2,8,"goe_pol",11.44,10,28,3,0,1,1,"",FALSE,FALSE,FALSE,8,2,7,"goe_pol",17.75,16.5,34,11,0,1,1,"",FALSE,3.83331568134702,62.0597258937325
"8",8908,3,1,3,"goe_pol",6,6,7,5,0,0,0,"",FALSE,FALSE,FALSE,5,1,5,"goe_pol",9.2,9,13,7,0,0,0,"",FALSE,8.72942973445586,63.0331049114437
"9",8909,4,1,4,"goe_pol",8,8,12,4,0,0,0,"",FALSE,FALSE,FALSE,4,1,4,"goe_pol",11,12.5,13,6,0,0,0,"",FALSE,13.6255437875647,64.006483929155
"10",8910,16,1,16,"goe_pol",8.88,7.5,17,4,0,0,0,"",FALSE,FALSE,FALSE,15,1,15,"goe_pol",11.2,9,20,6,0,0,0,"Baum 33 liegt im Plot",FALSE,18.5216578406735,64.9798629468662
"11",8911,6,1,6,"goe_pol",6.83,6.5,9,5,0,0,0,"",FALSE,FALSE,FALSE,7,1,7,"goe_pol",7.14,7,11,4,0,0,0,"",FALSE,23.4177718937823,65.9532419645775
"12",8912,0,0,0,"goe_pol",NA,NA,NA,NA,0,0,0,"Keine Bäume",FALSE,FALSE,FALSE,1,1,1,"goe_pol",8,8,8,8,0,0,0,"",FALSE,28.3138859468912,66.9266209822888
"13",8913,5,1,5,"goe_pol",8,9,11,4,0,0,0,"",FALSE,FALSE,FALSE,4,1,4,"goe_pol",8.75,9.5,12,4,0,0,0,"",FALSE,33.21,67.9
"14",8914,17,2,15,"goe_pol",9.24,10,18,4,0,0,0,"",FALSE,FALSE,FALSE,9,2,7,"goe_pol",11,11,18,5,5,0,5,"",FALSE,34.2239364767826,63.1997305090155
"15",8915,0,0,0,"goe_pol",NA,NA,NA,NA,0,0,0,"Keine Bäume",FALSE,FALSE,FALSE,0,0,0,"goe_pol",NA,NA,NA,NA,0,0,0,"keine Bäume",FALSE,29.3278224236737,62.2263514913043
"16",8916,4,2,3,"goe_pol",7.5,7,13,3,0,0,0,"",FALSE,FALSE,FALSE,5,2,4,"goe_pol",8.8,9,13,3,0,0,0,"",FALSE,24.4317083705649,61.252972473593
"17",8917,16,1,16,"goe_pol",11.5,9.5,24,5,0,0,0,"",FALSE,FALSE,FALSE,10,1,10,"goe_pol",13.3,13.5,20,7,0,0,0,"",FALSE,19.5355943174561,60.2795934558818
"18",8918,5,2,3,"goe_pol",19.4,17,35,8,0,0,0,"",FALSE,FALSE,FALSE,5,2,3,"goe_pol",29.4,26,62,10,0,0,0,"",FALSE,14.6394802643472,59.3062144381705
"19",8919,21,2,18,"goe_pol",11.33,8,22,4,1,0,1,"",FALSE,FALSE,FALSE,13,2,10,"goe_pol",12.38,10,21,7,0,0,0,"",FALSE,9.74336621123842,58.3328354204592
"20",8920,17,3,15,"goe_pol",17.88,12,80,4,1,0,1,"",FALSE,FALSE,FALSE,13,3,11,"goe_pol",21.92,14,100,6,1,0,1,"",FALSE,4.84725215812959,57.359456402748
"21",8921,5,3,3,"goe_pol",16.4,14,25,5,0,0,0,"",FALSE,FALSE,FALSE,4,3,2,"goe_pol",18.75,17,27,14,0,0,0,"",FALSE,5.86118863491215,52.6591869117635
"22",8922,14,2,12,"goe_pol",12.5,9,29,3,0,0,0,"",FALSE,FALSE,FALSE,9,1,9,"goe_pol",17,16,30,6,0,0,0,"",FALSE,10.757302688021,53.6325659294748
"23",8923,15,2,14,"goe_pol",21.93,22,36,8,0,0,0,"",FALSE,FALSE,FALSE,13,2,12,"goe_pol",27.77,29,43,5,0,0,0,"",FALSE,15.6534167411298,54.605944947186
"24",8924,14,2,13,"goe_pol",8.93,7,16,5,1,0,1,"",FALSE,FALSE,FALSE,12,2,10,"goe_pol",10.83,10,19,7,0,0,0,"",FALSE,20.5495307942386,55.5793239648973
"25",8925,10,2,9,"goe_pol",8.8,8,14,5,0,0,0,"",FALSE,FALSE,FALSE,7,1,7,"goe_pol",10.43,9,17,8,0,0,0,"",FALSE,25.4456448473475,56.5527029826085
"26",8926,1,1,1,"goe_pol",7,7,7,7,0,0,0,"",FALSE,FALSE,FALSE,1,1,1,"goe_pol",9,9,9,9,0,0,0,"",FALSE,30.3417589004563,57.5260820003198
"27",8927,8,4,5,"goe_pol",9.25,5.5,20,3,0,0,0,"",FALSE,FALSE,FALSE,6,3,4,"goe_pol",12.17,10.5,25,4,0,0,0,"",FALSE,35.2378729535651,58.4994610180311
"28",8928,23,2,21,"goe_pol",13.09,14,21,6,0,2,2,"",FALSE,FALSE,FALSE,21,3,19,"goe_pol",16.38,15,26,9,1,1,2,"",FALSE,36.2518094303477,53.7991915270466
"29",8929,13,3,11,"goe_pol",16.77,14,28,10,0,1,1,"",FALSE,FALSE,FALSE,11,2,10,"goe_pol",20.27,18,32,12,1,2,3,"",FALSE,31.3556953772389,52.8258125093353
"30",8930,26,3,20,"goe_pol",16.31,14.5,56,6,2,3,5,"",FALSE,FALSE,FALSE,25,3,19,"goe_pol",19.52,19,49,10,0,4,4,"",FALSE,26.45958132413,51.8524334916241
"31",8931,10,2,9,"goe_pol",13.2,10.5,27,6,0,0,0,"",FALSE,FALSE,FALSE,9,2,8,"goe_pol",14.56,12,23,6,0,0,0,"",FALSE,21.5634672710212,50.8790544739128
"32",8932,15,2,13,"goe_pol",10.6,9,30,4,0,0,0,"",FALSE,FALSE,FALSE,15,2,13,"goe_pol",11.67,11,34,5,0,1,1,"",FALSE,16.6673532179124,49.9056754562015
"33",8933,5,1,5,"goe_pol",8.2,7,10,7,0,0,0,"",FALSE,FALSE,FALSE,7,1,7,"goe_pol",13.29,14,19,7,0,0,0,"",FALSE,11.7712391648035,48.9322964384903
"34",8934,12,3,9,"goe_pol",12.58,13,22,5,0,0,0,"",FALSE,FALSE,FALSE,12,3,9,"goe_pol",19.83,20.5,29,12,1,0,1,"",FALSE,6.87512511169471,47.958917420779
"35",8935,8,2,1,"goe_pol",6,5.5,11,3,0,0,0,"",FALSE,FALSE,TRUE,6,2,1,"goe_pol",22.33,20,42,13,0,0,0,"",TRUE,7.88906158847727,43.2586479297946
"36",8936,16,2,13,"goe_pol",6.31,5,15,2,0,0,0,"",FALSE,FALSE,TRUE,14,1,14,"goe_pol",8.79,9,14,4,0,0,0,"",TRUE,12.7851756415861,44.2320269475058
"37",8937,11,3,9,"goe_pol",9.09,6,36,2,0,0,0,"",FALSE,FALSE,TRUE,10,2,9,"goe_pol",11.5,8.5,40,6,0,0,0,"",TRUE,17.6812896946949,45.2054059652171
"38",8938,11,2,10,"goe_pol",8.55,6,19,2,0,0,0,"",FALSE,FALSE,TRUE,8,1,8,"goe_pol",9.38,8,21,4,1,1,2,"",TRUE,22.5774037478038,46.1787849829283
"39",8939,12,4,9,"goe_pol",11.67,10,26,3,0,0,0,"",FALSE,FALSE,FALSE,13,4,10,"goe_pol",20.31,19,37,11,0,0,0,"",TRUE,27.4735178009126,47.1521640006396
"40",8940,12,3,9,"goe_pol",28.25,11,109,4,0,1,1,"",FALSE,FALSE,FALSE,10,3,7,"goe_pol",36,17.5,127,4,0,0,0,"wird von linde domeniert",TRUE,32.3696318540214,48.1255430183508
"41",8941,16,3,13,"goe_pol",11.62,8,27,4,2,0,2,"",FALSE,FALSE,FALSE,15,2,13,"goe_pol",14.2,12,29,5,0,0,0,"",TRUE,37.2657459071302,49.0989220360621
"42",8942,12,4,6,"goe_pol",7.33,7,14,3,0,0,0,"",TRUE,FALSE,FALSE,8,3,5,"goe_pol",16.38,17.5,25,9,0,0,0,"",FALSE,28.4874542776951,42.4518945096551
"43",8943,18,2,17,"goe_pol",7.17,6,14,3,0,0,0,"",TRUE,FALSE,FALSE,14,2,13,"goe_pol",10.07,9,16,6,0,1,1,"der Plot hat am Rand eine Bodengrube. Aber nicht groß und der größte Teil des Plots tut noch",FALSE,23.5913402245863,41.4785154919439
"44",8944,25,3,18,"goe_pol",15.48,9,92,4,0,0,0,"",TRUE,FALSE,FALSE,23,4,18,"goe_pol",20.43,15,107,7,0,0,0,"",FALSE,18.6952261714775,40.5051364742326
"45",8945,11,2,6,"goe_pol",5,5,9,1,0,0,0,"",TRUE,FALSE,FALSE,6,2,5,"goe_pol",12,12,16,7,0,0,0,"",FALSE,13.7991121183687,39.5317574565213
"46",8946,18,3,15,"goe_pol",13.22,10,80,5,0,1,1,"",TRUE,FALSE,FALSE,18,3,15,"goe_pol",27.72,23.5,147,7,0,0,0,"",FALSE,8.90299806525982,38.5583784388101
"47",8947,19,3,15,"goe_pol",10.47,9,23,5,2,2,3,"",TRUE,FALSE,FALSE,15,3,13,"goe_pol",12.27,10,26,6,1,3,4,"",FALSE,9.91693454204238,33.8581089478256
"48",8948,12,2,10,"goe_pol",10.75,7.5,30,5,0,0,0,"",TRUE,FALSE,FALSE,13,2,12,"goe_pol",12.08,9,41,5,0,0,0,"278 liegt im plott im süden",FALSE,14.8130485951512,34.8314879655369
"49",8949,13,4,10,"goe_pol",9.15,9,25,4,0,0,0,"",TRUE,FALSE,FALSE,12,4,9,"goe_pol",11.92,11,29,5,0,1,1,"",FALSE,19.70916264826,35.8048669832481
"50",8950,15,4,12,"goe_pol",8.6,9,20,4,0,0,0,"",TRUE,FALSE,FALSE,16,4,13,"goe_pol",16.88,16.5,32,7,0,0,0,"",FALSE,24.6052767013689,36.7782460009594
"51",8951,18,2,17,"goe_pol",6.56,6,15,3,0,0,0,"",TRUE,FALSE,FALSE,18,2,17,"goe_pol",8.28,8,16,6,0,0,0,"",FALSE,29.5013907544777,37.7516250186706
"52",8952,20,3,18,"goe_pol",5.7,6,9,3,1,0,1,"",TRUE,FALSE,FALSE,16,2,15,"goe_pol",8.31,8.5,11,6,0,0,0,"",FALSE,34.3975048075865,38.7250040363819
"53",8953,10,3,7,"goe_pol",6.6,6.5,11,4,0,0,0,"",TRUE,FALSE,FALSE,14,4,9,"goe_pol",8.29,8.5,17,5,0,0,0,"",FALSE,39.2936188606954,39.6983830540931
"54",8954,53,3,48,"goe_pol",8.08,8,20,4,1,0,1,"",TRUE,FALSE,FALSE,57,3,51,"goe_pol",11.54,11,35,6,0,0,0,"",FALSE,44.1897329138042,40.6717620718044
"55",8955,44,3,40,"goe_pol",7.89,7,15,3,0,0,0,"",TRUE,FALSE,FALSE,27,3,25,"goe_pol",10.26,10,18,5,0,0,0,"",FALSE,49.085846966913,41.6451410895157
"56",8956,31,4,26,"goe_pol",7.74,7,15,3,0,0,0,"",TRUE,FALSE,FALSE,20,3,17,"goe_pol",9.2,8.5,15,4,0,0,0,"",FALSE,53.9819610200218,42.6185201072269
"57",8957,8,2,7,"goe_pol",6.38,6.5,9,3,0,0,0,"Teil des Buchenstammes verdeckt den Plot",TRUE,FALSE,FALSE,6,1,6,"goe_pol",7.83,7.5,10,6,0,0,0,"Buche 101 steht auf der Nordostecke des Plots, Nordost Esche wurde letztes Mal übersehen, aber markeirt",FALSE,58.8780750731307,43.5918991249382
"58",8958,29,4,20,"goe_pol",8.59,7,37,3,0,0,0,"",TRUE,FALSE,FALSE,22,5,15,"goe_pol",9.32,7.5,35,3,1,0,1,"",FALSE,54.9958974968044,37.9182506162424
"59",8959,14,1,14,"goe_pol",6.64,7,9,4,0,0,0,"",TRUE,FALSE,FALSE,16,1,16,"goe_pol",9.44,9.5,13,5,0,0,0,"",FALSE,50.0997834436956,36.9448715985312
"60",8960,8,3,6,"goe_pol",5.12,5,10,2,0,0,0,"",TRUE,FALSE,FALSE,7,2,6,"goe_pol",6.57,7,11,4,0,0,0,"",FALSE,45.2036693905868,35.9714925808199
"61",8961,7,2,6,"goe_pol",5,5,7,4,0,0,0,"",TRUE,FALSE,FALSE,5,1,5,"goe_pol",7.6,7,10,6,0,0,0,"",FALSE,40.3075553374779,34.9981135631087
"62",8962,19,3,17,"goe_pol",6.53,6,11,3,0,0,0,"",TRUE,FALSE,FALSE,18,2,17,"goe_pol",7.89,8,12,5,0,0,0,"",FALSE,35.4114412843691,34.0247345453974
"63",8963,35,4,23,"goe_pol",7.03,7,13,1,1,0,1,"",TRUE,FALSE,FALSE,32,4,22,"goe_pol",12.38,12,33,6,0,1,1,"",FALSE,30.5153272312603,33.0513555276862
"64",8964,27,4,22,"goe_pol",7.48,7,19,1,0,1,1,"",TRUE,FALSE,FALSE,25,3,21,"goe_pol",9.64,9,18,5,0,0,0,"",FALSE,25.6192131781514,32.0779765099749
"65",8965,14,2,13,"goe_pol",8.07,7.5,16,1,0,0,0,"",TRUE,FALSE,FALSE,11,1,11,"goe_pol",8.91,8,14,4,0,0,0,"",FALSE,20.7230991250426,31.1045974922636
"66",8966,5,2,4,"goe_pol",6.8,6,10,5,0,0,0,"",TRUE,FALSE,FALSE,6,2,4,"goe_pol",6.33,6.5,8,4,0,0,0,"tot",FALSE,15.8269850719338,30.1312184745524
"67",8967,24,2,23,"goe_pol",7.46,7.5,16,2,0,0,0,"",TRUE,FALSE,FALSE,16,2,15,"goe_pol",10.38,10,20,5,0,0,0,"",FALSE,10.9308710188249,29.1578394568411
"68",8968,4,1,4,"goe_pol",4.75,4.5,7,3,1,0,1,"",TRUE,FALSE,FALSE,4,1,4,"goe_pol",7.5,7.5,11,4,0,0,0,"",FALSE,11.9448074956075,24.4575699658567
"69",8969,11,2,8,"goe_pol",5.27,4,13,2,0,0,0,"",TRUE,FALSE,FALSE,7,2,6,"goe_pol",8.71,9,12,5,0,0,0,"",FALSE,16.8409215487163,25.4309489835679
"70",8970,18,1,18,"goe_pol",10.83,9.5,22,5,0,0,0,"",TRUE,FALSE,FALSE,19,1,19,"goe_pol",11.58,11,22,6,0,0,0,"",FALSE,21.7370356018252,26.4043280012792
"71",8971,10,3,8,"goe_pol",7.8,8,16,3,0,0,0,"",TRUE,FALSE,FALSE,7,2,6,"goe_pol",15.14,14,28,8,0,0,0,"",FALSE,26.633149654934,27.3777070189904
"72",8972,29,1,29,"goe_pol",7.59,7,15,4,2,0,2,"",TRUE,FALSE,FALSE,30,2,29,"goe_pol",8.77,9,13,6,0,0,0,"",FALSE,31.5292637080428,28.3510860367017
"73",8973,19,3,17,"goe_pol",8.63,6,33,4,1,0,1,"",TRUE,FALSE,FALSE,17,3,15,"goe_pol",10.29,8,38,4,0,0,0,"",FALSE,36.4253777611517,29.3244650544129
"74",8974,31,4,26,"goe_pol",7.81,6,25,4,4,0,4,"",TRUE,FALSE,FALSE,24,3,21,"goe_pol",8.83,8,30,5,0,0,0,"",FALSE,41.3214918142605,30.2978440721242
"75",8975,13,2,12,"goe_pol",6.69,5,17,3,0,0,0,"",TRUE,FALSE,FALSE,10,3,7,"goe_pol",8.2,7,17,4,0,0,0,"tot",FALSE,46.2176058673693,31.2712230898355
"76",8976,35,5,29,"goe_pol",11.34,10,24,6,0,1,1,"",TRUE,FALSE,FALSE,41,4,36,"goe_pol",16.61,14,40,6,1,0,1,"",FALSE,51.1137199204781,32.2446021075467
"77",8977,18,3,13,"goe_pol",12.94,7,84,4,1,0,1,"",TRUE,FALSE,FALSE,21,3,12,"goe_pol",14.14,9,89,3,0,0,0,"",FALSE,56.009833973587,33.217981125258
"78",8978,44,4,25,"goe_pol",5.52,5.5,14,1,2,0,2,"",TRUE,FALSE,FALSE,19,3,16,"goe_pol",11.16,10,24,2,0,0,0,"tot",FALSE,57.0237704503695,28.5177116342735
"79",8979,45,4,30,"goe_pol",7.71,8,17,2,0,0,0,"",TRUE,FALSE,FALSE,30,3,24,"goe_pol",11.97,10.5,28,5,0,0,0,"",FALSE,52.1276563972607,27.5443326165622
"80",8980,36,6,24,"goe_pol",9.83,7,26,2,0,0,0,"",TRUE,FALSE,FALSE,27,5,19,"goe_pol",15.59,11,47,1,0,0,0,"",FALSE,47.2315423441519,26.570953598851
"81",8981,8,2,6,"goe_pol",5.75,7,8,2,0,0,0,"",TRUE,FALSE,FALSE,7,1,7,"goe_pol",10.29,11,14,4,0,0,0,"",FALSE,42.335428291043,25.5975745811397
"82",8982,26,2,25,"goe_pol",5.81,5,12,3,0,0,0,"",TRUE,FALSE,FALSE,24,2,23,"goe_pol",6.96,7,12,3,0,0,0,"",FALSE,37.4393142379342,24.6241955634285
"83",8983,16,3,14,"goe_pol",6.44,6,11,3,0,0,0,"",TRUE,FALSE,FALSE,14,2,12,"goe_pol",9,9.5,13,5,0,0,0,"",FALSE,32.5432001848254,23.6508165457172
"84",8984,11,2,10,"goe_pol",6.09,5,15,3,0,0,0,"",TRUE,FALSE,FALSE,6,1,6,"goe_pol",7.17,7.5,9,5,0,0,0,"",FALSE,27.6470861317166,22.677437528006
"85",8985,6,2,5,"goe_pol",6.83,6,10,5,0,0,0,"",TRUE,FALSE,FALSE,5,1,5,"goe_pol",7.6,8,9,6,0,0,0,"",FALSE,22.7509720786077,21.7040585102947
"86",8986,11,3,9,"goe_pol",7.09,6,12,4,0,0,0,"",TRUE,FALSE,FALSE,8,3,6,"goe_pol",9.88,10,14,4,0,0,0,"",FALSE,17.8548580254989,20.7306794925834
"87",8987,10,2,9,"goe_pol",6.8,6.5,13,4,0,0,0,"",TRUE,FALSE,FALSE,10,2,9,"goe_pol",11,11,15,8,0,0,0,"",FALSE,12.9587439723901,19.7573004748722
"88",8988,18,1,18,"goe_pol",6.44,5.5,16,3,0,0,0,"",TRUE,FALSE,FALSE,18,1,18,"goe_pol",9.56,7,24,5,0,0,0,"",FALSE,13.9726804491726,15.0570309838877
"89",8989,19,1,19,"goe_pol",6.32,6,12,4,2,1,3,"",TRUE,FALSE,FALSE,12,1,12,"goe_pol",8.33,7.5,15,6,1,0,1,"",FALSE,18.8687945022815,16.030410001599
"90",8990,34,2,30,"goe_pol",6.88,6,19,3,2,0,2,"",TRUE,FALSE,FALSE,21,2,17,"goe_pol",8.43,8,20,4,0,0,0,"",FALSE,23.7649085553903,17.0037890193102
"91",8991,32,4,29,"goe_pol",6.41,6,12,3,1,0,1,"",TRUE,FALSE,FALSE,19,3,17,"goe_pol",7.74,7,14,5,0,0,0,"tot",FALSE,28.6610226084991,17.9771680370215
"92",8992,30,3,26,"goe_pol",5.23,5,8,3,0,0,0,"",TRUE,FALSE,FALSE,24,3,22,"goe_pol",5.79,6,9,4,0,0,0,"",FALSE,33.5571366616079,18.9505470547327
"93",8993,24,5,16,"goe_pol",11.33,7,86,4,0,0,0,"",TRUE,FALSE,FALSE,24,4,18,"goe_pol",14.21,9,119,6,0,0,0,"",FALSE,38.4532507147168,19.923926072444
"94",8994,26,3,23,"goe_pol",11,10,20,3,0,0,0,"",TRUE,FALSE,FALSE,27,3,24,"goe_pol",32,32,70,5,0,0,0,"",FALSE,43.3493647678256,20.8973050901552
"95",8995,37,4,30,"goe_pol",9.59,9,20,5,0,0,0,"",TRUE,FALSE,FALSE,48,6,33,"goe_pol",19.02,18,50,4,1,0,1,"",FALSE,48.2454788209344,21.8706841078665
"96",8996,17,3,12,"goe_pol",57.29,6,800,3,1,0,1,"",TRUE,FALSE,FALSE,18,4,11,"goe_pol",41.78,9,600,3,0,0,0,"",FALSE,53.1415928740433,22.8440631255778
"97",8997,35,3,30,"goe_pol",6.77,6,15,4,0,0,0,"",TRUE,FALSE,FALSE,36,4,30,"goe_pol",8.56,8,16,4,0,1,1,"",FALSE,58.0377069271521,23.817442143289
"98",8998,26,4,20,"goe_pol",6.46,5,17,3,1,0,1,"",TRUE,FALSE,FALSE,13,3,11,"goe_pol",9.85,7,21,4,0,0,0,"",FALSE,59.0516434039347,19.1171726523045
"99",8999,45,5,29,"goe_pol",10.98,10,24,2,1,0,1,"",TRUE,FALSE,FALSE,24,4,17,"goe_pol",17.04,16,35,9,0,0,0,"",FALSE,54.1555293508258,18.1437936345933
"100",9000,26,5,14,"goe_pol",8.92,7.5,17,2,1,0,1,"",TRUE,FALSE,FALSE,18,4,10,"goe_pol",19.94,15,62,5,0,0,0,"",FALSE,49.259415297717,17.170414616882
"101",9001,55,6,22,"goe_pol",10.05,10,30,1,1,0,1,"",TRUE,FALSE,FALSE,23,4,14,"goe_pol",27.04,25,51,8,0,0,0,"",FALSE,44.3633012446082,16.1970355991708
"102",9002,30,4,25,"goe_pol",9.73,7,27,5,2,0,2,"",TRUE,FALSE,FALSE,20,4,17,"goe_pol",13.55,12,27,6,0,0,0,"",FALSE,39.4671871914993,15.2236565814595
"103",9003,32,5,23,"goe_pol",6.31,6,12,2,0,0,0,"",TRUE,FALSE,FALSE,17,3,15,"goe_pol",6.47,6,11,5,0,0,0,"",FALSE,34.5710731383905,14.2502775637483
"104",9004,52,4,43,"goe_pol",8.37,8.5,17,2,5,0,5,"",TRUE,FALSE,FALSE,48,4,44,"goe_pol",15.31,15,29,7,0,0,0,"",FALSE,29.6749590852817,13.276898546037
"105",9005,24,4,18,"goe_pol",7.92,8,13,2,0,0,0,"",TRUE,FALSE,FALSE,25,2,23,"goe_pol",15.48,15,28,4,0,0,0,"",FALSE,24.7788450321728,12.3035195283257
"106",9006,29,4,25,"goe_pol",8.97,8,17,2,0,0,0,"",TRUE,FALSE,FALSE,16,3,13,"goe_pol",22.5,20,41,13,0,0,0,"",FALSE,19.882730979064,11.3301405106145
"107",9007,42,3,40,"goe_pol",11.48,8,41,2,2,0,2,"",TRUE,FALSE,FALSE,35,3,32,"goe_pol",16.94,14,40,7,0,0,0,"",FALSE,14.9866169259552,10.3567614929032
"108",9008,53,4,42,"goe_pol",12.19,7,86,4,0,1,1,"",TRUE,FALSE,FALSE,41,3,34,"goe_pol",20.1,12,120,6,0,0,0,"war so",FALSE,16.0005534027378,5.65649200191875
"109",9009,9,1,9,"goe_pol",7.44,8,9,4,0,0,0,"",TRUE,FALSE,FALSE,15,2,13,"goe_pol",14.73,12,26,6,0,0,0,"",FALSE,20.8966674558466,6.62987101963
"110",9010,13,3,5,"goe_pol",14.85,12,46,7,0,0,0,"",TRUE,FALSE,FALSE,13,3,7,"goe_pol",22.46,19,67,7,0,0,0,"",FALSE,25.7927815089554,7.60325003734126
"111",9011,29,4,23,"goe_pol",10.21,7,29,5,3,0,3,"",TRUE,FALSE,FALSE,26,3,23,"goe_pol",13.88,11.5,40,6,0,0,0,"",FALSE,30.6888955620642,8.57662905505252
"112",9012,5,2,4,"goe_pol",6.4,6,11,3,1,0,1,"",TRUE,FALSE,FALSE,4,1,4,"goe_pol",10.75,10,16,7,0,0,0,"",FALSE,35.5850096151731,9.55000807276378
"113",9013,13,4,6,"goe_pol",13.08,8,59,3,0,0,0,"",TRUE,FALSE,FALSE,11,4,4,"goe_pol",15.91,13,60,4,0,0,0,"",FALSE,40.4811236682819,10.523387090475
"114",9014,4,3,0,"goe_pol",6.5,5.5,11,4,0,0,0,"",TRUE,FALSE,FALSE,13,4,0,"goe_pol",12.69,7,43,5,0,0,0,"",FALSE,45.3772377213907,11.4967661081863
"115",9015,9,4,4,"goe_pol",19.33,9,95,4,0,0,0,"",TRUE,FALSE,FALSE,8,3,4,"goe_pol",25.75,11,126,6,0,0,0,"",FALSE,50.2733517744996,12.4701451258976
"116",9016,14,4,11,"goe_pol",6.79,7,11,3,0,0,0,"",TRUE,FALSE,FALSE,11,3,9,"goe_pol",9.36,9,13,5,0,0,0,"",FALSE,55.1694658276084,13.4435241436088
"117",9017,22,5,12,"goe_pol",17.91,7,170,3,1,0,1,"",TRUE,FALSE,FALSE,17,4,9,"goe_pol",24.94,10,145,3,0,0,0,"große esche im nw u. sw umgefallen",FALSE,60.0655798807172,14.4169031613201
"118",8701,38,4,21,"goe_ans",12.21,10,42,3,0,0,0,"",TRUE,FALSE,FALSE,29,3,17,"goe_ans",13.48,11,42,3,0,0,0,"",FALSE,48.7776041718009,76.7130498162404
"119",8702,57,5,22,"goe_ans",12.98,12,41,5,0,0,0,"",TRUE,FALSE,FALSE,42,4,17,"goe_ans",16.19,15,35,6,0,0,0,"",FALSE,43.9157545698125,77.8919489037128
"120",8703,56,3,52,"goe_ans",15.61,15,36,3,4,1,5,"",TRUE,FALSE,FALSE,34,3,32,"goe_ans",19.12,18,39,7,1,3,4,"tot",FALSE,33.0248285465562,75.3392789806492
"121",8704,34,3,23,"goe_ans",10.29,9,26,4,1,2,3,"",TRUE,FALSE,FALSE,20,2,17,"goe_ans",12.35,11,23,5,0,0,0,"",FALSE,37.8866781485446,74.1603798931768
"122",8705,47,3,36,"goe_ans",7.19,7,15,3,1,0,1,"",TRUE,FALSE,FALSE,42,4,34,"goe_ans",7.88,7,15,4,0,0,0,"",FALSE,42.748527750533,72.9814808057045
"123",8706,31,4,16,"goe_ans",7.23,6,14,3,0,0,0,"",TRUE,FALSE,FALSE,24,3,11,"goe_ans",9.08,8.5,14,4,0,0,0,"",FALSE,47.6103773525214,71.8025817182322
"124",8707,20,4,9,"goe_ans",11.45,11.5,23,4,0,0,0,"",TRUE,FALSE,FALSE,17,3,10,"goe_ans",12.47,13,25,7,0,0,0,"",FALSE,52.4722269545098,70.6236826307599
"125",8708,35,4,22,"goe_ans",10.86,10,22,3,1,2,3,"",TRUE,FALSE,FALSE,20,3,13,"goe_ans",13.5,13,24,6,0,0,0,"",FALSE,57.3340765564982,69.4447835432875
"126",8709,30,4,11,"goe_ans",8.77,8.5,16,4,0,0,0,"",TRUE,FALSE,FALSE,20,3,7,"goe_ans",9.45,9,15,4,0,0,0,"rbu (3) im sw",FALSE,56.1668497372186,64.5343154452793
"127",8710,18,4,12,"goe_ans",6.28,6,15,3,0,0,0,"",TRUE,FALSE,FALSE,16,4,10,"goe_ans",8.75,9,16,4,0,0,0,"",FALSE,51.3050001352302,65.7132145327516
"128",8711,43,3,29,"goe_ans",6.53,6,10,3,0,0,0,"",TRUE,FALSE,FALSE,41,3,27,"goe_ans",8.17,8,12,4,0,0,0,"",FALSE,46.4431505332419,66.8921136202239
"129",8712,35,4,20,"goe_ans",7.91,7,17,2,0,0,0,"",TRUE,FALSE,FALSE,35,4,20,"goe_ans",9.94,9,23,4,1,0,1,"",FALSE,41.5813009312535,68.0710127076962
"130",8713,72,6,38,"goe_ans",7.36,6,18,1,2,0,2,"",TRUE,FALSE,FALSE,68,4,39,"goe_ans",10.21,9,27,3,1,0,1,"",FALSE,36.7194513292651,69.2499117951686
"131",8714,53,3,34,"goe_ans",9.11,7,42,5,0,0,0,"",TRUE,FALSE,FALSE,45,3,31,"goe_ans",12.13,10,47,7,0,0,0,"",FALSE,31.8576017272767,70.4288108826409
"132",8715,54,5,41,"goe_ans",11.35,10.5,39,2,5,0,5,"",TRUE,FALSE,FALSE,46,4,34,"goe_ans",16.78,16,64,6,0,0,0,"",FALSE,26.9957521252883,71.6077099701132
"133",8716,12,2,11,"goe_ans",9.08,7,17,4,1,1,2,"",TRUE,FALSE,FALSE,13,4,10,"goe_ans",60.62,12,648,4,0,2,2,"Baum 130 steht auf der NW Ecke ,  eine kleine Buche dmoninert den Plot",FALSE,20.9666757040204,67.8761409595773
"134",8717,19,3,15,"goe_ans",13.53,10,67,8,0,0,0,"Baumstumpf, nimmt 20% des Plots ein",TRUE,FALSE,FALSE,15,3,12,"goe_ans",21.13,22,32,14,0,0,0,"Im SO ist eine Menge Stockausschlag des Buchenstubbens",FALSE,25.8285253060088,66.6972418721049
"135",8718,33,2,23,"goe_ans",5.91,5,13,3,0,0,0,"",TRUE,FALSE,FALSE,26,2,18,"goe_ans",7.46,7,13,4,0,0,0,"",FALSE,30.6903749079972,65.5183427846326
"136",8719,69,5,34,"goe_ans",8.32,7,23,3,1,0,1,"",TRUE,FALSE,FALSE,50,5,24,"goe_ans",8.56,8,17,4,1,1,2,"",FALSE,35.5522245099856,64.3394436971603
"137",8720,85,4,54,"goe_ans",7.81,7,30,3,1,1,2,"",TRUE,FALSE,FALSE,71,4,46,"goe_ans",8.8,8,38,4,0,0,0,"",FALSE,40.414074111974,63.160544609688
"138",8721,25,2,17,"goe_ans",5.28,5,10,2,0,0,0,"",TRUE,FALSE,FALSE,20,3,13,"goe_ans",6.25,5,14,2,0,0,0,"",FALSE,45.2759237139623,61.9816455222157
"139",8722,25,2,16,"goe_ans",7.48,8,11,4,0,1,1,"",TRUE,FALSE,FALSE,17,2,12,"goe_ans",8,8,13,4,0,0,0,"",FALSE,50.1377733159507,60.8027464347433
"140",8723,59,5,32,"goe_ans",11.2,11,20,4,0,0,0,"",TRUE,FALSE,FALSE,43,5,25,"goe_ans",12.53,13,21,5,0,1,1,"",FALSE,54.9996229179391,59.623847347271
"141",8724,60,2,40,"goe_ans",7.33,6,18,4,0,0,0,"",TRUE,FALSE,FALSE,48,2,32,"goe_ans",8,7,18,4,0,0,0,"",FALSE,53.8323960986596,54.7133792492627
"142",8725,50,4,27,"goe_ans",7.74,7,14,5,3,0,3,"",TRUE,FALSE,FALSE,62,4,22,"goe_ans",9.23,9,15,6,0,1,1,"",FALSE,48.9705464966712,55.8922783367351
"143",8726,59,3,33,"goe_ans",7.78,7,37,2,1,1,2,"",TRUE,FALSE,FALSE,53,3,28,"goe_ans",9.91,9,45,5,0,0,0,"",FALSE,44.1086968946828,57.0711774242074
"144",8727,92,3,57,"goe_ans",6.34,6,14,2,0,0,0,"",TRUE,FALSE,FALSE,93,3,58,"goe_ans",7.49,7,16,4,0,0,0,"",FALSE,39.2468472926944,58.2500765116797
"145",8728,95,3,55,"goe_ans",9.24,9,17,4,1,0,1,"",TRUE,FALSE,FALSE,90,3,51,"goe_ans",17.07,15,50,5,0,0,0,"norden domeniert duch rbu stock ausschlag",FALSE,34.384997690706,59.428975599152
"146",8729,111,5,62,"goe_ans",8.05,8,19,2,3,1,4,"",TRUE,FALSE,FALSE,92,5,51,"goe_ans",9.29,9,26,3,0,0,0,"",FALSE,29.5231480887177,60.6078746866243
"147",8730,27,4,19,"goe_ans",10.33,9,22,3,0,1,1,"",TRUE,FALSE,FALSE,22,4,17,"goe_ans",19.36,17,41,8,0,0,0,"",FALSE,24.6612984867293,61.7867737740967
"148",8731,1,1,1,"goe_ans",9,9,9,9,0,0,0,"",TRUE,FALSE,FALSE,1,1,1,"goe_ans",13,13,13,13,0,0,0,"",FALSE,19.7994488847409,62.965672861569
"149",8732,18,3,15,"goe_ans",16.06,11,34,7,3,2,5,"",TRUE,FALSE,FALSE,19,2,18,"goe_ans",24.68,17,64,7,0,0,0,"",FALSE,18.6322220654614,58.0552047635607
"150",8733,58,4,41,"goe_ans",15.1,10,114,4,2,1,3,"",TRUE,FALSE,FALSE,46,5,34,"goe_ans",18.33,12,148,5,0,0,0,"",FALSE,23.4940716674497,56.8763056760884
"151",8734,90,3,75,"goe_ans",7.79,8,15,4,0,0,0,"",TRUE,FALSE,FALSE,70,3,58,"goe_ans",10.04,10,16,4,0,0,0,"tot",FALSE,28.3559212694381,55.6974065886161
"152",8735,86,3,61,"goe_ans",8.43,8,15,3,0,0,0,"",TRUE,FALSE,FALSE,73,3,51,"goe_ans",12.44,12,20,5,0,0,0,"",FALSE,33.2177708714265,54.5185075011438
"153",8736,99,4,55,"goe_ans",7.75,7,20,3,0,0,0,"",TRUE,FALSE,FALSE,90,4,52,"goe_ans",8.79,8,27,4,0,0,0,"",FALSE,38.0796204734149,53.3396084136714
"154",8737,30,3,19,"goe_ans",7.57,7,17,3,0,0,0,"keine Blätter",TRUE,FALSE,FALSE,28,4,20,"goe_ans",8.36,8,17,3,0,0,0,"",FALSE,42.9414700754033,52.1607093261991
"155",8738,23,3,7,"goe_ans",8.43,8,14,4,0,0,0,"Verwechselt mit SO?",TRUE,FALSE,FALSE,20,3,9,"goe_ans",9.95,8.5,20,6,0,0,0,"",FALSE,47.8033196773917,50.9818102387268
"156",8739,70,5,22,"goe_ans",10.24,9,52,4,0,0,0,"",TRUE,FALSE,FALSE,46,5,17,"goe_ans",12.98,10,59,6,0,0,0,"",FALSE,52.66516927938,49.8029111512545
"157",8740,10,4,2,"goe_ans",11.1,8,35,6,0,0,0,"stark umgeknickt",TRUE,FALSE,FALSE,7,4,2,"goe_ans",19.57,15,43,10,0,0,0,"",FALSE,51.4979424601005,44.8924430532462
"158",8741,14,2,13,"goe_ans",14.5,8,85,4,0,0,0,"",TRUE,FALSE,FALSE,17,2,16,"goe_ans",16.41,11,90,6,0,0,0,"",FALSE,46.6360928581121,46.0713421407185
"159",8742,32,4,22,"goe_ans",10.22,7,88,3,1,0,1,"",TRUE,FALSE,FALSE,32,4,21,"goe_ans",11.53,8.5,97,5,0,0,0,"in der Mitte Baum 62",FALSE,41.7742432561238,47.2502412281908
"160",8743,101,4,64,"goe_ans",7.09,7,17,3,0,0,0,"",TRUE,FALSE,FALSE,96,3,61,"goe_ans",8.35,8,20,4,0,0,0,"",FALSE,36.9123936541354,48.4291403156632
"161",8744,60,3,43,"goe_ans",8.15,8,18,3,1,1,2,"",TRUE,FALSE,FALSE,62,3,44,"goe_ans",10.05,9,32,4,1,0,1,"",FALSE,32.050544052147,49.6080394031355
"162",8745,100,4,81,"goe_ans",10.62,9.5,27,4,2,2,4,"keine Blätter",TRUE,FALSE,FALSE,123,2,101,"goe_ans",14.15,13,44,5,0,1,1,"",FALSE,27.1886944501586,50.7869384906078
"163",8746,21,3,12,"goe_ans",26.95,21,112,8,1,1,2,"keine Blätter",TRUE,FALSE,FALSE,21,3,13,"goe_ans",29.14,22,124,7,3,0,3,"",FALSE,22.3268448481702,51.9658375780801
"164",8747,52,4,34,"goe_ans",14.5,11.5,48,3,7,3,9,"keine Blätter",TRUE,FALSE,FALSE,52,4,35,"goe_ans",15.92,11,64,4,1,2,3,"baum 146 in so ecke",FALSE,17.4649952461818,53.1447366655525
"165",8748,34,2,33,"goe_ans",6.09,6,8,4,0,0,0,"keine Blätter",TRUE,FALSE,FALSE,30,4,26,"goe_ans",7.83,8,11,5,0,0,0,"",FALSE,16.2977684269023,48.2342685675442
"166",8749,6,1,6,"goe_ans",11.17,7.5,23,3,1,0,1,"",TRUE,FALSE,FALSE,6,2,5,"goe_ans",12.83,9.5,25,3,1,0,1,"",FALSE,21.1596180288907,47.0553694800719
"167",8750,110,5,87,"goe_ans",11.39,10.5,45,5,11,4,14,"keine Blätter",TRUE,FALSE,FALSE,92,3,71,"goe_ans",12.58,10.5,57,2,3,0,3,"",FALSE,26.0214676308791,45.8764703925995
"168",8751,123,3,72,"goe_ans",12.11,11,76,5,10,5,13,"keine Blätter",TRUE,FALSE,FALSE,101,3,63,"goe_ans",14.53,13,100,7,0,1,1,"",FALSE,30.8833172328675,44.6975713051272
"169",8752,61,3,40,"goe_ans",10.75,10,22,3,2,2,4,"",TRUE,FALSE,FALSE,35,2,33,"goe_ans",26.46,25,62,8,0,2,2,"",FALSE,35.7451668348558,43.5186722176549
"170",8753,36,3,22,"goe_ans",10.72,9,23,5,3,5,8,"",TRUE,FALSE,FALSE,20,3,14,"goe_ans",14.95,15,27,8,0,0,0,"",FALSE,40.6070164368442,42.3397731301826
"171",8754,53,4,25,"goe_ans",8.28,8,16,4,1,0,1,"",TRUE,FALSE,FALSE,45,3,18,"goe_ans",10.22,9,43,5,0,0,0,"",FALSE,45.4688660388326,41.1608740427103
"172",8755,91,3,32,"goe_ans",8.16,8,12,4,1,0,1,"",TRUE,FALSE,FALSE,70,3,29,"goe_ans",10.1,10,15,5,0,0,0,"",FALSE,50.330715640821,39.9819749552379
"173",8756,47,3,27,"goe_ans",8.79,8,17,4,0,0,0,"",TRUE,FALSE,FALSE,50,4,26,"goe_ans",13.18,11,42,6,0,0,0,"",FALSE,49.1634888215415,35.0715068572297
"174",8757,68,4,41,"goe_ans",12.79,7,400,3,1,0,1,"",TRUE,FALSE,FALSE,68,3,43,"goe_ans",13.91,8,400,5,0,0,0,"",FALSE,44.3016392195531,36.250405944702
"175",8758,33,4,21,"goe_ans",9.15,8,21,2,3,0,3,"",TRUE,FALSE,FALSE,38,3,20,"goe_ans",12.58,10.5,25,5,0,0,0,"",FALSE,39.4397896175647,37.4293050321743
"176",8759,35,3,31,"goe_ans",31.83,6,900,4,0,0,0,"",FALSE,FALSE,FALSE,41,3,37,"goe_ans",26.34,7,800,5,0,0,0,"",FALSE,24.8542408115995,40.9660022945913
"177",8760,43,3,40,"goe_ans",6.72,6,14,3,0,0,0,"",FALSE,FALSE,FALSE,45,4,40,"goe_ans",8.02,8,18,4,0,0,0,"",FALSE,19.9923912096112,42.1449013820636
"178",8761,16,2,14,"goe_ans",6.75,7,10,4,0,0,0,"",FALSE,FALSE,FALSE,20,2,16,"goe_ans",8.65,8,17,5,0,0,0,"",FALSE,15.1305416076228,43.3238004695359
"179",8762,53,3,36,"goe_ans",6.81,6,14,3,4,1,5,"",FALSE,FALSE,TRUE,49,2,37,"goe_ans",8.12,7,15,3,2,0,2,"",FALSE,9.10146518635487,39.592231459
"180",8763,17,1,17,"goe_ans",8.24,8,15,4,0,1,1,"",FALSE,FALSE,FALSE,18,1,18,"goe_ans",10.28,9,18,4,0,1,1,"",FALSE,13.9633147883433,38.4133323715277
"181",8764,23,3,21,"goe_ans",7.04,7,16,2,1,0,1,"",FALSE,FALSE,FALSE,24,3,22,"goe_ans",8.42,8,16,3,1,0,1,"Baum 316 liegt auf dem Westrand, alte Daten könnten korrekt sein, mssen sie aber nicht, ets nicht zu sehen",FALSE,18.8251643903316,37.2344332840553
"182",8765,26,2,21,"goe_ans",8.62,8,17,6,0,0,0,"",FALSE,FALSE,FALSE,26,2,23,"goe_ans",9.73,9,21,2,0,0,0,"",FALSE,23.68701399232,36.055534196583
"183",8766,51,4,36,"goe_ans",7.14,7,16,3,1,0,1,"",FALSE,FALSE,FALSE,47,4,40,"goe_ans",9.19,8,18,4,0,0,0,"",FALSE,28.5488635943084,34.8766351091107
"184",8767,54,5,32,"goe_ans",8.22,8,14,5,0,0,0,"",FALSE,FALSE,FALSE,57,4,41,"goe_ans",8.81,9,14,5,0,0,0,"",FALSE,33.4107131962968,33.6977360216384
"185",8768,0,0,0,"goe_ans",NA,NA,NA,NA,0,0,0,"keine Bäume",FALSE,FALSE,FALSE,1,1,0,"goe_ans",7,7,7,7,0,0,0,"",FALSE,38.2725627982852,32.518836934166
"186",8769,29,3,8,"goe_ans",7.9,8,13,5,0,0,0,"",FALSE,FALSE,FALSE,23,2,11,"goe_ans",8.83,9,12,6,0,0,0,"",FALSE,43.1344124002735,31.3399378466937
"187",8770,47,4,28,"goe_ans",7.72,7,13,4,0,0,0,"",FALSE,FALSE,FALSE,47,4,31,"goe_ans",8.79,9,13,5,0,0,0,"",FALSE,47.9962620022619,30.1610387592214
"188",8771,15,4,8,"goe_ans",9.8,9,14,4,0,0,0,"",FALSE,FALSE,FALSE,18,6,10,"goe_ans",59.78,10.5,900,5,0,0,0,"",FALSE,46.8290351829824,25.2505706612131
"189",8772,27,3,12,"goe_ans",8.19,8,14,4,2,0,2,"",FALSE,FALSE,FALSE,20,2,14,"goe_ans",9.25,9,15,2,0,0,0,"",FALSE,41.967185580994,26.4294697486855
"190",8773,32,3,21,"goe_ans",10.09,9,32,4,0,1,1,"",FALSE,FALSE,FALSE,33,3,22,"goe_ans",11.52,11,40,4,0,0,0,"",FALSE,37.1053359790056,27.6083688361578
"191",8774,37,3,23,"goe_ans",8.54,9,14,4,2,0,2,"",FALSE,FALSE,FALSE,34,2,22,"goe_ans",9.65,9,15,6,0,1,1,"",FALSE,32.2434863770173,28.7872679236301
"192",8775,11,2,6,"goe_ans",8.73,9,11,6,0,0,0,"",FALSE,FALSE,FALSE,14,2,8,"goe_ans",9.86,9.5,15,6,0,0,0,"",FALSE,27.3816367750289,29.9661670111024
"193",8776,2,1,2,"goe_ans",5,5,6,4,0,0,0,"",FALSE,FALSE,FALSE,10,3,8,"goe_ans",5.7,5,8,4,0,0,0,"270 in nord hälfte",FALSE,22.5197871730405,31.1450660985747
"194",8777,82,3,76,"goe_ans",9.1,9,15,2,7,1,8,"",FALSE,FALSE,FALSE,73,3,70,"goe_ans",9.34,9,16,4,2,1,3,"",FALSE,17.6579375710521,32.3239651860471
"195",8778,38,3,29,"goe_ans",8.37,8.5,14,4,0,0,0,"",FALSE,FALSE,FALSE,38,3,32,"goe_ans",8.47,8,14,5,0,0,0,"",FALSE,12.7960879690637,33.5028642735194
"196",8779,27,5,15,"goe_ans",8.7,6,25,4,0,0,0,"",FALSE,FALSE,TRUE,30,5,15,"goe_ans",12.27,9,53,6,0,0,0,"",FALSE,7.93423836707534,34.6817633609917
"197",8780,0,0,0,"goe_ans",NA,NA,NA,NA,0,0,0,"keine Bäume",FALSE,FALSE,TRUE,16,3,12,"goe_ans",12.31,10.5,27,6,0,0,0,"",TRUE,6.76701154779581,29.7712952629834
"198",8781,31,4,24,"goe_ans",10.39,9,25,4,4,1,5,"",FALSE,FALSE,FALSE,30,3,21,"goe_ans",12.93,12,34,5,2,3,5,"",FALSE,11.6288611497842,28.5923961755111
"199",8782,19,2,18,"goe_ans",10.89,10,20,6,3,0,3,"",FALSE,FALSE,FALSE,24,3,22,"goe_ans",14.54,14.5,24,7,0,1,1,"keine richtige Rückegasse aber einmal drüber gefahren",FALSE,16.4907107517726,27.4134970880388
"200",8783,35,2,32,"goe_ans",8.57,8,14,4,1,0,1,"angekrazt",FALSE,FALSE,FALSE,43,4,37,"goe_ans",13.12,12,23,6,0,0,0,"",FALSE,21.352560353761,26.2345980005665
"201",8784,64,3,55,"goe_ans",9.36,9,18,4,3,1,4,"",FALSE,FALSE,FALSE,54,4,47,"goe_ans",12.06,12,23,6,0,1,1,"tot",FALSE,26.2144099557493,25.0556989130942
"202",8785,11,3,5,"goe_ans",12,11,30,4,0,0,0,"",FALSE,FALSE,FALSE,14,3,9,"goe_ans",17,11.5,82,3,0,0,0,"gesamter plot von Ahron stubben dominiert",FALSE,31.0762595577377,23.8767998256218
"203",8786,24,3,16,"goe_ans",7.79,7,14,4,2,0,2,"",FALSE,FALSE,FALSE,27,4,21,"goe_ans",8.59,8,15,5,0,0,0,"",FALSE,35.9381091597261,22.6979007381495
"204",8787,21,3,15,"goe_ans",38.76,8,650,4,0,1,1,"",FALSE,FALSE,FALSE,17,3,11,"goe_ans",61.53,10,900,4,0,0,0,"",FALSE,40.7999587617145,21.5190016506772
"205",8788,5,2,2,"goe_ans",9.2,10,11,7,0,0,0,"",FALSE,FALSE,FALSE,8,2,4,"goe_ans",8.88,9,13,4,0,0,0,"",FALSE,45.6618083637029,20.3401025632049
"206",8789,23,3,17,"goe_ans",9.22,8,19,2,1,0,1,"",FALSE,FALSE,FALSE,25,3,18,"goe_ans",10.12,10,19,4,0,0,0,"",FALSE,44.4945815444233,15.4296344651966
"207",8790,27,5,12,"goe_ans",10.04,8,34,5,0,1,1,"",FALSE,FALSE,FALSE,35,5,17,"goe_ans",9.77,8,36,4,0,1,1,"",FALSE,39.632731942435,16.6085335526689
"208",8791,33,4,20,"goe_ans",11.91,9,41,5,2,0,2,"",FALSE,FALSE,FALSE,29,4,19,"goe_ans",10.93,11,27,5,0,0,0,"",FALSE,34.7708823404466,17.7874326401412
"209",8792,10,3,8,"goe_ans",14.9,15,25,6,1,0,1,"",FALSE,FALSE,FALSE,10,2,9,"goe_ans",18.9,17.5,28,10,2,0,2,"",FALSE,29.9090327384582,18.9663317276136
"210",8793,25,3,21,"goe_ans",10.56,11,16,3,4,1,5,"",FALSE,FALSE,FALSE,30,3,26,"goe_ans",10.13,10,18,4,1,0,1,"tot",FALSE,25.0471831364698,20.1452308150859
"211",8794,44,4,35,"goe_ans",10.25,9.5,38,4,4,0,4,"",FALSE,FALSE,FALSE,51,5,41,"goe_ans",10.39,9,39,5,2,0,2,"",FALSE,20.1853335344814,21.3241299025582
"212",8795,1,1,0,"goe_ans",5,5,5,5,0,0,0,"",FALSE,FALSE,FALSE,7,2,6,"goe_ans",7,7,8,6,0,0,0,"",FALSE,15.3234839324931,22.5030289900305
"213",8796,7,2,5,"goe_ans",8.86,8,12,7,0,0,0,"",FALSE,FALSE,FALSE,12,2,8,"goe_ans",10.83,10,16,6,0,0,0,"SO SEITE STUPPEN",FALSE,10.4616343305047,23.6819280775029
"214",8797,2,1,2,"goe_ans",11,11,15,7,0,0,0,"",FALSE,FALSE,TRUE,9,3,6,"goe_ans",9,9,15,4,0,0,0,"",TRUE,5.59978472851629,24.8608271649752
"215",8798,24,4,19,"goe_ans",13.75,13,31,5,2,1,2,"umgefahren",FALSE,FALSE,TRUE,40,5,28,"goe_ans",13.22,12,30,2,0,0,0,"",TRUE,4.43255790923676,19.9503590669669
"216",8799,12,3,8,"goe_ans",8.92,7.5,16,5,0,0,0,"",FALSE,FALSE,FALSE,10,3,6,"goe_ans",10,8,16,5,0,0,0,"",FALSE,9.29440751122514,18.7714599794946
"217",8800,17,1,17,"goe_ans",8.88,9,13,5,0,1,1,"",FALSE,FALSE,FALSE,27,1,27,"goe_ans",8.78,9,15,4,0,0,0,"",FALSE,14.1562571132135,17.5925608920223
"218",8801,8,3,6,"goe_ans",6.62,7,8,4,0,0,0,"",FALSE,FALSE,FALSE,10,2,9,"goe_ans",7.8,8,10,5,1,0,1,"",FALSE,19.0181067152019,16.4136618045499
"219",8802,38,3,36,"goe_ans",8.37,7.5,17,3,4,1,5,"es wurde kurz auf die Fläche gefahren",FALSE,FALSE,TRUE,33,2,30,"goe_ans",9.73,9,19,4,0,3,3,"",FALSE,23.8799563171903,15.2347627170776
"220",8803,30,4,25,"goe_ans",13.13,12.5,30,5,8,2,9,"komischer PLot, viele halb verfaulte, vielleicht Rückegasse",FALSE,FALSE,FALSE,22,3,17,"goe_ans",12.68,13,20,3,0,3,3,"",FALSE,28.7418059191787,14.0558636296053
"221",8804,25,3,13,"goe_ans",10.6,10,19,7,4,2,6,"",FALSE,FALSE,FALSE,22,2,14,"goe_ans",10.68,10.5,20,5,0,4,4,"",FALSE,33.6036555211671,12.876964542133
"222",8805,50,4,30,"goe_ans",11.18,10,22,5,3,3,6,"",FALSE,FALSE,FALSE,45,4,28,"goe_ans",11.67,12,27,6,1,1,2,"",FALSE,38.4655051231554,11.6980654546607
"223",8806,21,3,17,"goe_ans",10.38,10,17,5,2,0,2,"",FALSE,FALSE,FALSE,18,3,15,"goe_ans",10.28,9,19,5,0,0,0,"tot",FALSE,43.3273547251438,10.5191663671883
"224",8807,15,4,6,"goe_ans",9.27,8,15,6,1,0,1,"",FALSE,FALSE,FALSE,21,4,10,"goe_ans",9,8,14,4,1,0,1,"",FALSE,42.1601279058643,5.60869826918006
"225",8808,16,4,13,"goe_ans",7.56,7,12,3,0,1,1,"",FALSE,FALSE,FALSE,21,2,19,"goe_ans",8.33,8,14,3,0,0,0,"",FALSE,37.2982783038759,6.78759735665238
"226",8809,15,4,10,"goe_ans",9.67,9,22,6,0,1,1,"",FALSE,FALSE,FALSE,15,4,10,"goe_ans",10.8,9,25,6,0,0,0,"",FALSE,32.4364287018875,7.96649644412471
"227",8810,89,4,73,"goe_ans",11.1,11,21,4,20,5,24,"grüne Höhe 6cm, viele frisch tote Eschen",FALSE,FALSE,FALSE,78,4,64,"goe_ans",11.99,12,25,2,5,7,11,"tot",FALSE,27.5745790998991,9.14539553159703
"228",8811,28,3,25,"goe_ans",8.04,8,12,4,2,0,2,"",FALSE,FALSE,FALSE,27,2,26,"goe_ans",9.19,9,18,4,0,1,1,"",FALSE,22.7127294979108,10.3242946190694
"229",8812,18,1,18,"goe_ans",11.5,12,18,6,0,2,2,"",FALSE,FALSE,FALSE,16,1,16,"goe_ans",13.06,13,18,7,0,0,0,"",FALSE,17.8508798959224,11.5031937065417
"230",8813,40,5,32,"goe_ans",11.15,10.5,27,4,1,2,3,"",FALSE,FALSE,FALSE,37,6,30,"goe_ans",12.22,12,29,5,0,2,2,"",FALSE,12.989030293934,12.682092794014
"231",8814,16,3,13,"goe_ans",12.88,11,45,4,0,0,0,"",FALSE,FALSE,FALSE,16,3,13,"goe_ans",14.19,10.5,57,5,0,0,0,"",FALSE,8.12718069194561,13.8609918814863
"232",8815,39,4,28,"goe_ans",11.54,10,22,3,1,3,4,"",FALSE,FALSE,FALSE,42,4,29,"goe_ans",13.17,12,25,5,2,1,3,"",TRUE,3.26533108995723,15.0398909689586
"233",1,24,2,11,"lau",21.46,19.5,50,8,0,0,0,"",FALSE,FALSE,TRUE,41,3,24,"lau",17.61,10,57,3,0,1,1,"",FALSE,1.5156774854017,-51.3224642749954
"234",2,24,3,10,"lau",13.04,12,25,5,0,1,1,"",FALSE,FALSE,TRUE,25,2,15,"lau",14.88,13,32,6,0,1,1,"",FALSE,6.42162123486327,-51.9748253944447
"235",3,37,2,8,"lau",14.16,11,49,4,1,0,1,"",FALSE,FALSE,TRUE,33,2,12,"lau",17.21,15,51,3,0,0,0,"",FALSE,11.3275649843248,-52.6271865138941
"236",4,50,4,9,"lau",15.32,14.5,38,4,0,1,1,"",FALSE,FALSE,TRUE,43,4,13,"lau",19.7,20,49,4,0,0,0,"",FALSE,16.2335087337864,-53.2795476333435
"237",5,46,3,12,"lau",17.87,14,46,4,0,0,0,"",FALSE,FALSE,FALSE,45,3,13,"lau",26.49,24,57,9,0,0,0,"",FALSE,21.139452483248,-53.9319087527928
"238",6,45,3,26,"lau",16.6,14,45,3,0,4,4,"",FALSE,FALSE,FALSE,31,2,18,"lau",27,23,79,6,0,1,1,"viel totholz und daher krummer Eschenwuchs",FALSE,26.0453962327096,-54.5842698722422
"239",7,6,1,6,"lau",6.17,6,8,5,0,0,0,"",FALSE,FALSE,FALSE,6,1,6,"lau",7.5,7,12,4,0,0,0,"Baum 116 30cm neben der Ostkante, Baum ist dick genug um den Plot dennoch halb zu überdecken",FALSE,30.9513399821711,-55.2366309916916
"240",8,3,1,0,"lau",13.67,15,15,11,0,0,0,"",FALSE,FALSE,FALSE,5,2,2,"lau",10.2,8,15,7,0,0,0,"",FALSE,35.8572837316327,-55.888992111141
"241",9,8,2,2,"lau",15.88,14,33,2,0,0,0,"",FALSE,FALSE,FALSE,25,2,1,"lau",12.48,10,39,2,0,0,0,"",FALSE,40.7632274810943,-56.5413532305903
"242",10,25,3,1,"lau",11.28,11,19,7,0,0,0,"",FALSE,FALSE,FALSE,23,3,2,"lau",11.78,10,21,7,0,1,1,"",FALSE,45.6691712305559,-57.1937143500397
"243",11,1,1,0,"lau",13,13,13,13,0,0,0,"",FALSE,FALSE,FALSE,0,0,0,"lau",NA,NA,NA,NA,0,0,0,"keine Bäume",FALSE,50.5751149800174,-57.8460754694891
"244",12,12,2,2,"lau",17.75,17,30,5,0,0,0,"",FALSE,FALSE,FALSE,13,3,1,"lau",27.54,24,78,5,0,0,0,"tot",FALSE,55.481058729479,-58.4984365889384
"245",13,1,1,0,"lau",116,116,116,116,0,0,0,"",FALSE,FALSE,FALSE,1,1,0,"lau",126,126,126,126,0,0,0,"sehr viel totholz",FALSE,60.3870024789406,-59.1507977083878
"246",14,3,1,3,"lau",27.33,36,41,5,0,0,0,"",FALSE,FALSE,TRUE,3,1,3,"lau",38,49,57,8,0,0,0,"",TRUE,61.045953104647,-54.2939133964208
"247",15,8,2,6,"lau",9.25,9,13,6,0,0,0,"",FALSE,FALSE,TRUE,9,2,5,"lau",11.22,8,29,6,0,0,0,"",TRUE,56.1400093551855,-53.6415522769715
"248",16,1,1,1,"lau",10,10,10,10,0,0,0,"",FALSE,FALSE,TRUE,11,3,1,"lau",8.18,7,17,5,0,0,0,"",TRUE,51.2340656057239,-52.9891911575221
"249",17,1,1,0,"lau",20,20,20,20,0,0,0,"",FALSE,FALSE,TRUE,7,3,0,"lau",7.86,7,15,4,0,0,0,"",TRUE,46.3281218562623,-52.3368300380727
"250",18,5,2,4,"lau",8.8,9,13,6,0,0,0,"",FALSE,FALSE,TRUE,28,4,12,"lau",7.71,7,16,4,0,0,0,"",TRUE,41.4221781068007,-51.6844689186234
"251",19,13,3,10,"lau",6.31,6,16,3,0,0,0,"",FALSE,FALSE,TRUE,42,4,23,"lau",8.12,7.5,18,2,0,0,0,"",TRUE,36.5162343573392,-51.032107799174
"252",20,9,2,5,"lau",8.22,8,13,6,0,0,0,"",FALSE,FALSE,TRUE,33,4,16,"lau",7.76,7,17,3,0,0,0,"",TRUE,31.6102906078776,-50.3797466797246
"253",21,41,3,15,"lau",12.68,10,28,4,0,0,0,"",FALSE,FALSE,TRUE,62,4,32,"lau",14.03,10,41,3,0,0,0,"",TRUE,26.704346858416,-49.7273855602753
"254",22,53,3,23,"lau",17.64,16,40,5,2,3,5,"",FALSE,FALSE,FALSE,55,3,21,"lau",22.93,18,61,5,2,3,4,"",FALSE,21.7984031089544,-49.0750244408259
"255",23,47,2,21,"lau",20.38,18,54,7,0,0,0,"",FALSE,FALSE,FALSE,50,2,22,"lau",25.3,21.5,59,4,2,0,2,"",FALSE,16.8924593594929,-48.4226633213765
"256",24,61,3,30,"lau",16.08,13,37,4,0,0,0,"",FALSE,FALSE,FALSE,66,5,31,"lau",17.71,16.5,39,5,0,0,0,"",FALSE,11.9865156100313,-47.7703022019272
"257",25,46,3,16,"lau",13.93,12.5,41,4,0,0,0,"",FALSE,FALSE,FALSE,86,5,42,"lau",13.45,9,46,4,1,0,1,"tot",FALSE,7.08057186056971,-47.1179410824778
"258",26,37,2,10,"lau",16.76,15,42,3,0,0,0,"",FALSE,FALSE,FALSE,36,4,10,"lau",18.97,17,48,5,0,0,0,"",FALSE,2.17462811110813,-46.4655799630284
"259",27,69,5,25,"lau",12.55,10,39,5,1,0,1,"",FALSE,FALSE,FALSE,58,5,20,"lau",17.84,16.5,47,6,0,0,0,"",FALSE,2.83357873681457,-41.6086956510614
"260",28,49,4,22,"lau",16.8,13,42,4,1,1,2,"",FALSE,FALSE,FALSE,43,4,18,"lau",22.4,20,50,4,0,0,0,"",FALSE,7.73952248627614,-42.2610567705108
"261",29,53,3,32,"lau",22.38,20,43,7,0,3,3,"",FALSE,FALSE,FALSE,44,3,24,"lau",29.77,30,54,5,0,0,0,"Tiere haben die Stäbe bearbeitet , keine markierten Eschen wieder gfefunden",FALSE,12.6454662357377,-42.9134178899602
"262",30,35,3,23,"lau",22.03,22,59,3,1,1,2,"",FALSE,FALSE,FALSE,22,2,14,"lau",37.18,35.5,74,10,0,2,2,"",FALSE,17.5514099851993,-43.5657790094096
"263",31,30,2,11,"lau",11.67,10,33,4,1,0,1,"",FALSE,FALSE,FALSE,51,3,16,"lau",11.2,10,25,4,2,0,2,"tot",FALSE,22.4573537346609,-44.2181401288589
"264",32,9,1,0,"lau",18.44,13,49,6,0,0,0,"",FALSE,FALSE,FALSE,15,2,6,"lau",20.6,11,101,4,0,0,0,"",FALSE,27.3632974841224,-44.8705012483083
"265",33,1,1,1,"lau",8,8,8,8,0,0,0,"",FALSE,FALSE,FALSE,1,1,1,"lau",10,10,10,10,0,0,0,"baum 98 auf der Westkante",FALSE,32.269241233584,-45.5228623677577
"266",34,33,3,15,"lau",10.42,9,23,5,0,0,0,"",FALSE,FALSE,FALSE,43,3,21,"lau",13.49,11,38,6,0,0,0,"",FALSE,37.1751849830456,-46.175223487207
"267",35,8,3,5,"lau",9.88,11,14,6,0,0,0,"",FALSE,FALSE,FALSE,8,3,5,"lau",11.62,11.5,16,8,0,0,0,"Baum 97 liegt 10 cm neben westkante (außerhalb)",FALSE,42.0811287325072,-46.8275846066564
"268",36,4,2,3,"lau",9,8,16,4,0,0,0,"",FALSE,FALSE,FALSE,9,2,8,"lau",10.22,8,26,4,0,0,0,"",FALSE,46.9870724819687,-47.4799457261058
"269",37,25,4,15,"lau",11.52,11,21,4,0,0,0,"",FALSE,FALSE,FALSE,27,4,16,"lau",14.67,13,31,4,0,0,0,"",FALSE,51.8930162314303,-48.1323068455551
"270",38,24,3,5,"lau",13,13,24,3,0,0,0,"",FALSE,FALSE,FALSE,19,3,2,"lau",17.84,19,31,8,0,0,0,"",FALSE,56.7989599808919,-48.7846679650045
"271",39,17,3,6,"lau",22.24,23,52,4,0,0,0,"",FALSE,FALSE,FALSE,13,2,5,"lau",27.92,29,55,5,0,0,0,"",FALSE,61.7049037303535,-49.4370290844539
"272",40,6,3,2,"lau",38.5,38,58,17,1,0,1,"",FALSE,FALSE,FALSE,8,3,2,"lau",30,29,50,13,1,0,1,"",FALSE,62.3638543560599,-44.5801447724869
"273",41,6,2,2,"lau",11.83,12.5,14,7,0,0,0,"",FALSE,FALSE,FALSE,7,3,2,"lau",11.14,11,15,7,0,0,0,"",FALSE,57.4579106065983,-43.9277836530376
"274",42,16,3,4,"lau",12.88,12.5,21,6,0,0,0,"",FALSE,FALSE,FALSE,15,3,3,"lau",15.47,14,27,7,0,0,0,"",FALSE,52.5519668571367,-43.2754225335882
"275",43,4,2,2,"lau",21,16,41,11,0,0,0,"Im Loch",FALSE,FALSE,FALSE,4,2,2,"lau",32.75,30,60,11,0,0,0,"",FALSE,47.6460231076752,-42.6230614141388
"276",44,2,1,2,"lau",14.5,14.5,24,5,0,0,0,"",FALSE,FALSE,FALSE,1,1,1,"lau",34,34,34,34,0,0,0,"",FALSE,42.7400793582136,-41.9707002946894
"277",45,13,3,7,"lau",19.15,21,37,4,0,0,0,"",FALSE,FALSE,FALSE,13,3,7,"lau",27.46,26,64,5,0,0,0,"",FALSE,37.834135608752,-41.3183391752401
"278",46,6,2,3,"lau",14.83,10.5,44,5,0,0,0,"",FALSE,FALSE,FALSE,6,2,3,"lau",18,12.5,36,6,0,0,0,"",FALSE,32.9281918592904,-40.6659780557907
"279",47,24,2,10,"lau",37.17,33,120,4,0,1,1,"",FALSE,FALSE,FALSE,25,2,9,"lau",48.56,39,125,4,2,1,3,"",FALSE,28.0222481098289,-40.0136169363413
"280",48,9,2,7,"lau",8,8,12,4,0,0,0,"",FALSE,FALSE,FALSE,9,2,4,"lau",13.67,13,19,6,0,0,0,"viel totholz auf dem Plot",FALSE,23.1163043603673,-39.361255816892
"281",49,49,3,25,"lau",21.8,21,54,6,0,1,1,"",FALSE,FALSE,FALSE,38,3,24,"lau",28.55,27,68,6,1,2,3,"",FALSE,18.2103606109057,-38.7088946974426
"282",50,52,3,28,"lau",19.48,18,56,3,0,0,0,"",FALSE,FALSE,FALSE,33,3,20,"lau",25.58,25,62,8,0,0,0,"",FALSE,13.3044168614441,-38.0565335779932
"283",51,31,4,11,"lau",13,12,25,7,0,0,0,"",FALSE,FALSE,FALSE,27,4,12,"lau",15.04,14,27,6,2,0,2,"110 auf no Ecke",FALSE,8.39847311198257,-37.4041724585439
"284",52,39,4,14,"lau",11.15,11,26,4,0,0,0,"",FALSE,FALSE,FALSE,48,6,23,"lau",12.44,12,26,4,0,0,0,"",FALSE,3.492529362521,-36.7518113390945
"285",53,48,5,14,"lau",15.4,13,35,4,1,0,1,"",FALSE,FALSE,FALSE,57,6,14,"lau",14.68,12,40,4,0,0,0,"",FALSE,4.15147998822744,-31.8949270271275
"286",54,15,5,5,"lau",9.13,9,20,4,0,0,0,"",FALSE,FALSE,FALSE,11,3,3,"lau",12.18,11,24,6,0,0,0,"",FALSE,9.05742373768901,-32.5472881465769
"287",55,31,4,13,"lau",16.23,13,37,6,0,0,0,"",FALSE,FALSE,FALSE,26,4,12,"lau",20.46,16,47,7,0,0,0,"",FALSE,13.9633674871506,-33.1996492660263
"288",56,57,2,27,"lau",11.98,11,32,3,0,0,0,"",FALSE,FALSE,TRUE,55,3,18,"lau",15.31,14,34,4,0,0,0,"",FALSE,18.8693112366122,-33.8520103854756
"289",57,14,3,5,"lau",8.79,7.5,17,4,0,0,0,"",FALSE,FALSE,FALSE,18,3,3,"lau",10.72,10,21,4,0,0,0,"",FALSE,23.7752549860737,-34.504371504925
"290",58,14,2,7,"lau",9.5,8,20,3,0,0,0,"",FALSE,FALSE,FALSE,14,2,7,"lau",13.5,12.5,34,3,0,0,0,"",FALSE,28.6811987355353,-35.1567326243744
"291",59,15,3,6,"lau",12.8,11,31,1,0,0,0,"",FALSE,FALSE,FALSE,17,2,7,"lau",16.12,13,34,6,0,0,0,"",FALSE,33.5871424849969,-35.8090937438238
"292",60,22,2,18,"lau",24.27,25.5,56,4,1,4,4,"",FALSE,FALSE,FALSE,21,3,17,"lau",31.14,20,69,8,1,1,1,"",FALSE,38.4930862344585,-36.4614548632731
"293",61,0,0,0,"lau",NA,NA,NA,NA,0,0,0,"Keine Bäume, im Loch",FALSE,FALSE,FALSE,0,0,0,"lau",NA,NA,NA,NA,0,0,0,"liegt im Wasser Loch",FALSE,43.39902998392,-37.1138159827225
"294",62,28,4,14,"lau",16.18,14,36,6,0,1,1,"",FALSE,FALSE,FALSE,29,4,14,"lau",22.66,21,46,4,0,1,1,"",FALSE,48.3049737333816,-37.7661771021719
"295",63,22,3,5,"lau",12.23,12.5,28,4,0,0,0,"",FALSE,FALSE,FALSE,23,2,6,"lau",12.91,11,29,4,0,0,0,"",FALSE,53.2109174828432,-38.4185382216212
"296",64,19,5,6,"lau",15.79,14,34,5,0,1,1,"",FALSE,FALSE,FALSE,19,3,9,"lau",16.58,13,40,4,1,2,3,"",FALSE,58.1168612323048,-39.0708993410706
"297",65,0,0,0,"lau",NA,NA,NA,NA,0,0,0,"",FALSE,FALSE,FALSE,0,0,0,"lau",NA,NA,NA,NA,0,0,0,"keine Bäume",FALSE,63.0228049817663,-39.72326046052
"298",66,17,5,4,"lau",15.24,14,53,6,0,0,0,"",FALSE,FALSE,FALSE,9,2,2,"lau",20.33,16,57,10,0,0,0,"",FALSE,63.6817556074728,-34.866376148553
"299",67,21,4,3,"lau",16.81,13,68,5,0,0,0,"",FALSE,FALSE,FALSE,17,3,3,"lau",19.29,18,38,8,0,0,0,"",FALSE,58.7758118580112,-34.2140150291036
"300",68,20,4,10,"lau",13.4,12,31,3,0,0,0,"",FALSE,FALSE,FALSE,24,5,10,"lau",17.29,18.5,35,4,0,0,0,"",FALSE,53.8698681085496,-33.5616539096543
"301",69,46,5,35,"lau",26.04,27,52,7,2,5,7,"",FALSE,FALSE,FALSE,42,5,31,"lau",33,34,69,5,1,2,3,"",FALSE,48.963924359088,-32.9092927902049
"302",70,31,4,20,"lau",23.13,22,37,5,0,5,5,"",FALSE,FALSE,FALSE,31,4,21,"lau",31.13,32,54,7,0,1,1,"",FALSE,44.0579806096265,-32.2569316707555
"303",71,32,3,19,"lau",18.22,16.5,42,6,0,2,2,"",FALSE,FALSE,FALSE,27,3,19,"lau",25.48,22,63,8,0,1,1,"",FALSE,39.1520368601649,-31.6045705513062
"304",72,30,4,18,"lau",7.4,7,17,3,0,1,1,"",FALSE,FALSE,FALSE,18,3,10,"lau",9.89,9.5,18,4,1,0,1,"nordwestecke hat irgendein Bock zum Plätzecn verwendet",FALSE,34.2460931107033,-30.9522094318568
"305",73,16,4,8,"lau",9.75,7,23,4,0,0,0,"",FALSE,FALSE,FALSE,20,3,10,"lau",11.75,8.5,27,5,0,0,0,"",FALSE,29.3401493612417,-30.2998483124074
"306",74,42,3,13,"lau",21.98,20,50,4,0,1,1,"",FALSE,FALSE,FALSE,37,3,12,"lau",29.89,29,62,6,0,0,0,"",FALSE,24.4342056117802,-29.647487192958
"307",75,33,4,9,"lau",17.24,15,45,5,0,1,1,"",FALSE,FALSE,FALSE,45,4,5,"lau",19.16,15,59,6,0,0,0,"",FALSE,19.5282618623186,-28.9951260735087
"308",76,45,3,23,"lau",13.6,10,33,4,0,0,0,"",FALSE,FALSE,FALSE,48,4,20,"lau",18.96,15,47,6,0,0,0,"",FALSE,14.622318112857,-28.3427649540593
"309",77,46,2,18,"lau",8.17,8,15,3,0,0,0,"",FALSE,FALSE,FALSE,37,3,14,"lau",10.11,10,21,4,0,0,0,"",FALSE,9.71637436339544,-27.6904038346099
"310",78,24,3,10,"lau",8.83,9.5,15,4,0,0,0,"",FALSE,FALSE,FALSE,31,4,15,"lau",10.26,9,21,4,0,0,0,"",FALSE,4.81043061393387,-27.0380427151606
"311",79,32,3,4,"lau",10.78,10,22,4,0,0,0,"",FALSE,FALSE,FALSE,31,3,5,"lau",10.81,11,18,3,0,0,0,"in der mitte buddelaktin",FALSE,-0.0955131355277103,-26.3856815957112
"312",80,26,4,5,"lau",9.08,8,23,4,0,0,0,"",FALSE,FALSE,FALSE,22,3,5,"lau",9.45,9,19,4,0,0,0,"no alter Stuben",FALSE,0.563437490178721,-21.5287972837442
"313",81,21,4,2,"lau",10.33,9,37,5,0,0,0,"",FALSE,FALSE,FALSE,20,4,1,"lau",13.4,10,38,8,0,0,0,"",FALSE,5.4693812396403,-22.1811584031936
"314",82,43,3,15,"lau",8.51,8,17,1,0,0,0,"",FALSE,FALSE,FALSE,44,2,14,"lau",11.11,10,20,6,0,0,0,"",FALSE,10.3753249891019,-22.833519522643
"315",83,23,3,18,"lau",7.7,9,12,4,0,0,0,"",FALSE,FALSE,FALSE,35,4,20,"lau",10.29,10,20,2,0,2,2,"",FALSE,15.2812687385634,-23.4858806420923
"316",84,30,4,6,"lau",30.17,28.5,74,6,0,1,1,"",FALSE,FALSE,FALSE,28,3,6,"lau",37.93,37,82,8,0,1,1,"",FALSE,20.187212488025,-24.1382417615417
"317",85,33,5,4,"lau",22.3,19,47,3,0,1,1,"",FALSE,FALSE,FALSE,28,5,6,"lau",29.29,23.5,64,3,0,0,0,"",FALSE,25.0931562374866,-24.7906028809911
"318",86,4,2,2,"lau",6,5.5,9,4,0,0,0,"",FALSE,FALSE,FALSE,7,2,3,"lau",6.86,7,9,5,0,0,0,"sw ecke steht 74",FALSE,29.9990999869482,-25.4429640004404
"319",87,19,4,3,"lau",10.84,10,25,6,0,0,0,"",FALSE,FALSE,FALSE,22,4,4,"lau",13.55,13.5,30,6,0,0,0,"",FALSE,34.9050437364097,-26.0953251198898
"320",88,22,3,10,"lau",12.14,11,25,4,0,0,0,"",FALSE,FALSE,FALSE,31,5,10,"lau",14.97,11,35,5,0,0,0,"",FALSE,39.8109874858713,-26.7476862393392
"321",89,11,1,11,"lau",22.18,22,44,6,0,0,0,"Krebs",FALSE,FALSE,FALSE,19,3,17,"lau",22.89,10,73,4,0,0,0,"",FALSE,44.7169312353329,-27.4000473587886
"322",90,28,2,17,"lau",19.57,16.5,37,5,1,2,2,"",FALSE,FALSE,FALSE,26,2,16,"lau",26.38,28,56,4,0,1,1,"",FALSE,49.6228749847945,-28.0524084782379
"323",91,21,4,5,"lau",15.48,14,36,7,0,0,0,"",FALSE,FALSE,FALSE,17,3,5,"lau",25.12,22,69,10,0,0,0,"sw quadrant hat einen alten stubben",FALSE,54.528818734256,-28.7047695976873
"324",92,26,3,6,"lau",20.42,15,61,4,0,1,1,"",FALSE,FALSE,FALSE,21,3,6,"lau",26.86,23,74,7,0,1,1,"",FALSE,59.4347624837176,-29.3571307171367
"325",93,7,2,3,"lau",66.43,14,207,6,0,0,0,"kein Fehler",FALSE,FALSE,FALSE,8,3,3,"lau",63.12,19,205,9,0,0,0,"",FALSE,64.3407062331792,-30.009491836586
"326",94,13,2,3,"lau",15.77,12,42,10,0,0,0,"",FALSE,FALSE,FALSE,12,2,4,"lau",17.08,15,45,8,0,1,1,"",FALSE,64.9996568588856,-25.1526075246191
"327",95,12,2,2,"lau",18.25,12.5,47,7,0,0,0,"",FALSE,FALSE,FALSE,11,2,2,"lau",24.82,13,81,7,0,0,0,"",FALSE,60.0937131094241,-24.5002464051697
"328",96,9,2,4,"lau",13.67,11,24,3,0,0,0,"",FALSE,FALSE,FALSE,9,3,3,"lau",15.89,16,25,6,0,0,0,"48 steht im Westen",FALSE,55.1877693599625,-23.8478852857203
"329",97,11,4,2,"lau",11.45,11,18,5,0,0,0,"",FALSE,FALSE,FALSE,14,4,3,"lau",12.71,11.5,24,6,0,0,0,"",FALSE,50.2818256105009,-23.195524166271
"330",98,12,2,5,"lau",9.5,9,17,7,0,0,0,"",FALSE,FALSE,FALSE,17,3,6,"lau",11.71,10,27,7,0,1,1,"",FALSE,45.3758818610393,-22.5431630468216
"331",99,13,2,4,"lau",10.46,11,16,6,0,0,0,"",FALSE,FALSE,FALSE,16,3,5,"lau",14,14.5,21,4,0,0,0,"",FALSE,40.4699381115778,-21.8908019273722
"332",100,16,2,9,"lau",9.69,8.5,22,6,0,0,0,"",FALSE,FALSE,FALSE,31,5,14,"lau",10.65,10,22,5,0,0,0,"",FALSE,35.5639943621162,-21.2384408079229
"333",101,24,2,3,"lau",12.5,11,27,5,0,0,0,"",FALSE,FALSE,FALSE,19,2,2,"lau",14.32,12,28,9,0,0,0,"",FALSE,30.6580506126546,-20.5860796884735
"334",102,30,4,3,"lau",8.4,9,13,4,0,0,0,"",FALSE,FALSE,FALSE,30,2,6,"lau",9.33,9.5,17,5,0,0,0,"",FALSE,25.752106863193,-19.9337185690241
"335",103,17,3,9,"lau",14.35,13,31,4,0,0,0,"",FALSE,FALSE,FALSE,19,2,11,"lau",18.32,15,33,9,0,0,0,"der markierte Pfahl musste komplett neu gesetz werden, Baum 71 steht 40 cm nördlich der Nordkante des Plots",FALSE,20.8461631137315,-19.2813574495748
"336",104,11,3,6,"lau",9.45,9,18,5,1,0,1,"",FALSE,FALSE,FALSE,18,3,6,"lau",10.33,10,22,7,0,0,0,"",FALSE,15.9402193642699,-18.6289963301254
"337",105,18,3,3,"lau",11.83,9.5,27,5,0,0,0,"",FALSE,FALSE,FALSE,25,3,3,"lau",11.84,10,26,5,0,0,0,"beide Pflöcke mussten neu gesetzt werden, hat aber relativ gut geklappt",FALSE,11.0342756148083,-17.976635210676
"338",106,29,3,2,"lau",13.28,11,52,3,0,0,0,"",FALSE,FALSE,FALSE,26,4,2,"lau",17.42,16,59,9,0,1,1,"beide pflöcke neu gesetzt, pflöcke nicht gefunden",FALSE,6.12833186534674,-17.3242740912266
"339",107,5,3,0,"lau",10.8,8,20,7,0,0,0,"",FALSE,FALSE,FALSE,5,3,1,"lau",11.2,9,23,5,0,0,0,"",FALSE,1.22238811588516,-16.6719129717773
"340",108,4,1,0,"lau",12.5,13,20,4,0,0,0,"",FALSE,FALSE,FALSE,3,1,0,"lau",15,14,20,11,0,0,0,"",FALSE,6.78728249105317,-12.4673897792597
"341",109,2,2,1,"lau",11,11,16,6,0,0,0,"",FALSE,FALSE,FALSE,5,3,3,"lau",7.6,6,17,3,0,0,0,"",FALSE,11.6932262405147,-13.1197508987091
"342",110,13,4,4,"lau",8.77,9,14,3,0,0,0,"",FALSE,FALSE,FALSE,29,3,5,"lau",9,9,15,4,0,0,0,"",FALSE,16.5991699899763,-13.7721120181584
"343",111,31,2,10,"lau",12.35,11,26,5,0,0,0,"",FALSE,FALSE,FALSE,40,3,11,"lau",13.05,10.5,29,6,0,0,0,"",FALSE,21.5051137394379,-14.4244731376078
"344",112,21,3,2,"lau",11.24,10,18,6,0,1,1,"",FALSE,FALSE,FALSE,22,3,4,"lau",12,12.5,18,5,0,0,0,"",FALSE,26.4110574888995,-15.0768342570572
"345",113,15,3,5,"lau",14.8,14,30,7,0,0,0,"",FALSE,FALSE,FALSE,14,3,5,"lau",18.71,16,39,4,0,0,0,"so ecke von viel totholz dominiert",FALSE,31.317001238361,-15.7291953765065
"346",114,13,2,1,"lau",9.77,10,13,5,0,0,0,"",FALSE,FALSE,FALSE,17,3,1,"lau",11.65,11,18,8,0,0,0,"",FALSE,36.2229449878226,-16.3815564959559
"347",115,4,1,0,"lau",9.25,9,12,7,0,0,0,"",FALSE,FALSE,FALSE,6,3,1,"lau",10.67,10.5,16,7,0,0,0,"",FALSE,41.1288887372842,-17.0339176154053
"348",116,18,2,0,"lau",9.78,9.5,16,6,0,0,0,"",FALSE,FALSE,FALSE,21,3,1,"lau",14.57,14,31,7,0,0,0,"",FALSE,46.0348324867458,-17.6862787348546
"349",117,9,3,1,"lau",7.56,8,10,5,0,0,0,"",FALSE,FALSE,FALSE,7,2,1,"lau",9.14,9,13,7,0,0,0,"49 genau auf no ecke",FALSE,50.9407762362073,-18.338639854304
"350",118,15,3,2,"lau",11.47,13,18,5,0,0,0,"",FALSE,FALSE,FALSE,17,3,3,"lau",14.59,17,28,4,1,0,1,"",FALSE,55.8467199856689,-18.9910009737534
"351",119,14,2,3,"lau",21.71,19,50,6,0,2,2,"",FALSE,FALSE,FALSE,9,2,3,"lau",28.89,27,50,13,0,0,0,"",FALSE,60.7526637351305,-19.6433620932028
"352",120,9,4,2,"lau",17.44,15,40,8,0,0,0,"",FALSE,FALSE,FALSE,6,3,2,"lau",20.67,16.5,43,10,0,0,0,"",FALSE,65.6586074845921,-20.2957232126521
"353",121,6,2,2,"lau",47.33,47,80,12,1,0,1,"",FALSE,FALSE,FALSE,7,2,2,"lau",53.43,53,97,12,0,1,1,"",FALSE,66.3175581102985,-15.4388389006852
"354",122,6,2,2,"lau",35,38.5,48,9,0,0,0,"",FALSE,FALSE,FALSE,6,2,2,"lau",62.67,71.5,78,11,1,0,1,"",FALSE,61.4116143608369,-14.7864777812358
"355",123,19,2,6,"lau",17.95,15,35,6,0,0,0,"",FALSE,FALSE,FALSE,20,4,5,"lau",23.75,25,48,8,1,0,1,"",FALSE,56.5056706113754,-14.1341166617864
"356",124,15,1,0,"lau",26.53,20,65,6,0,0,0,"",FALSE,FALSE,FALSE,13,2,1,"lau",43.23,26,113,8,0,0,0,"",FALSE,51.5997268619138,-13.4817555423371
"357",125,37,3,2,"lau",13.49,12,42,4,0,0,0,"",FALSE,FALSE,FALSE,36,4,2,"lau",30.86,26.5,74,9,0,0,0,"",FALSE,46.6937831124522,-12.8293944228877
"358",126,36,3,3,"lau",10.08,10,18,5,0,0,0,"",FALSE,FALSE,FALSE,38,3,2,"lau",14.24,14,28,3,0,0,0,"tot",FALSE,41.7878393629906,-12.1770333034383
"359",127,0,0,0,"lau",NA,NA,NA,NA,0,0,0,"Baumstämme",FALSE,FALSE,FALSE,0,0,0,"lau",NA,NA,NA,NA,0,0,0,"schildkröte, Totes Stammholz liegt auf dem Plot",FALSE,36.881895613529,-11.524672183989
"360",128,16,2,6,"lau",12.75,14,23,4,0,1,1,"",FALSE,FALSE,FALSE,10,3,4,"lau",17.9,15.5,33,8,0,0,0,"",FALSE,31.9759518640675,-10.8723110645396
"361",129,7,3,2,"lau",14.71,10,27,5,0,0,0,"",FALSE,FALSE,FALSE,6,3,2,"lau",18.5,13.5,35,10,0,0,0,"",FALSE,27.0700081146059,-10.2199499450902
"362",130,6,2,0,"lau",8.17,9,10,4,0,0,0,"",FALSE,FALSE,TRUE,4,1,0,"lau",10,9,14,8,0,0,0,"",FALSE,22.1640643651443,-9.56758882564084
"363",131,3,2,2,"lau",13,15,16,8,0,0,0,"",FALSE,FALSE,TRUE,9,3,2,"lau",12.33,12,20,9,0,0,0,"",FALSE,17.2581206156827,-8.91522770619147
"364",132,13,5,1,"lau",11,9,21,7,0,0,0,"",FALSE,FALSE,FALSE,21,5,2,"lau",11.19,10,30,6,0,0,0,"",FALSE,12.3521768662212,-8.2628665867421
"365",133,23,2,4,"lau",9.65,10,18,4,0,0,0,"",FALSE,FALSE,FALSE,30,3,5,"lau",9.7,10,19,4,0,0,0,"tot",FALSE,7.4462331167596,-7.61050546729273
"366",134,17,2,2,"lau",12.94,10,37,4,0,0,0,"",FALSE,FALSE,FALSE,19,2,2,"lau",15.37,13,42,7,0,0,0,"",FALSE,13.0111274919276,-3.40598227477514
"367",135,5,2,0,"lau",15,15,22,11,0,0,0,"",FALSE,FALSE,FALSE,3,1,0,"lau",15,16,16,13,0,0,0,"",FALSE,17.9170712413892,-4.05834339422451
"368",136,12,2,0,"lau",20.25,18,41,11,0,0,0,"",FALSE,FALSE,FALSE,11,2,0,"lau",28.55,23,74,12,0,0,0,"",FALSE,22.8230149908508,-4.71070451367388
"369",137,5,2,1,"lau",31.2,31,55,13,0,0,0,"",FALSE,FALSE,TRUE,4,2,1,"lau",38.25,34.5,61,23,0,0,0,"",FALSE,27.7289587403123,-5.36306563312325
"370",138,12,3,3,"lau",9.5,9.5,14,4,0,0,0,"",FALSE,FALSE,TRUE,10,3,2,"lau",11.1,10.5,19,5,0,0,0,"relativ viel totholz",TRUE,32.6349024897739,-6.01542675257262
"371",139,9,3,3,"lau",9.33,6,19,2,0,0,0,"",FALSE,FALSE,TRUE,16,4,5,"lau",11,10,20,2,0,0,0,"tot",TRUE,37.5408462392355,-6.66778787202199
"372",140,13,3,2,"lau",11.85,8,26,6,0,0,0,"",FALSE,FALSE,TRUE,10,3,1,"lau",18,16.5,31,8,0,0,0,"",TRUE,42.4467899886971,-7.32014899147136
"373",141,30,3,5,"lau",20.17,20,51,4,0,0,0,"",FALSE,FALSE,TRUE,30,3,6,"lau",36.13,37,95,7,0,0,0,"",TRUE,47.3527337381586,-7.97251011092073
"374",142,28,2,5,"lau",20.71,19,40,5,0,1,1,"",FALSE,FALSE,FALSE,27,3,3,"lau",45.67,48,82,6,0,0,0,"",TRUE,52.2586774876202,-8.6248712303701
"375",143,12,3,2,"lau",25.42,15,60,5,0,0,0,"",FALSE,FALSE,FALSE,16,3,2,"lau",39.44,35.5,89,8,0,0,0,"",FALSE,57.1646212370818,-9.27723234981947
"376",144,1,1,0,"lau",5,5,5,5,0,0,0,"",FALSE,FALSE,FALSE,5,3,0,"lau",10.4,11,15,6,0,0,0,"",FALSE,62.0705649865434,-9.92959346926883
"377",145,5,3,1,"lau",25.4,22,42,11,0,0,0,"",FALSE,FALSE,FALSE,6,3,2,"lau",32.17,24.5,79,6,0,0,0,"",FALSE,66.9765087360049,-10.5819545887182
"378",146,10,3,5,"lau",37.1,44.5,72,5,0,5,5,"",FALSE,FALSE,FALSE,9,3,7,"lau",62,67,106,10,0,4,4,"",FALSE,67.6354593617114,-5.72507027675124
"379",147,11,3,7,"lau",13,7,32,3,0,2,2,"",FALSE,FALSE,TRUE,16,3,8,"lau",19.25,14,63,4,0,0,0,"",TRUE,62.7295156122498,-5.07270915730187
"380",148,8,3,3,"lau",18.38,16,37,6,1,1,2,"",FALSE,FALSE,TRUE,8,2,4,"lau",35.75,27.5,77,10,0,1,1,"",TRUE,57.8235718627882,-4.4203480378525
"381",149,16,2,3,"lau",17.81,18.5,29,8,0,0,0,"",FALSE,FALSE,TRUE,20,3,5,"lau",37.6,29,87,6,0,0,0,"",TRUE,52.9176281133266,-3.76798691840313
"382",150,32,4,3,"lau",13.53,12,28,6,0,0,0,"",FALSE,FALSE,FALSE,28,4,3,"lau",18.07,17,32,4,0,0,0,"",FALSE,48.0116843638651,-3.11562579895376
"383",151,29,4,3,"lau",16.93,15,39,5,0,1,1,"",FALSE,FALSE,FALSE,33,4,4,"lau",17.03,14,39,5,0,0,0,"",FALSE,43.1057406144035,-2.46326467950439
"384",152,27,2,5,"lau",10.48,9,25,5,0,0,0,"",FALSE,FALSE,FALSE,27,3,7,"lau",11.26,11,26,3,0,0,0,"",FALSE,38.1997968649419,-1.81090356005502
"385",153,24,3,5,"lau",10.88,10.5,33,4,0,0,0,"",FALSE,FALSE,FALSE,21,2,5,"lau",12.43,12,33,6,0,0,0,"",FALSE,33.2938531154803,-1.15854244060565
"386",154,5,4,1,"lau",19.4,16,28,14,0,1,1,"",FALSE,FALSE,FALSE,4,2,0,"lau",22.75,22.5,34,12,0,0,0,"",FALSE,28.3879093660188,-0.506181321156282
"387",155,18,2,11,"lau",7.72,7.5,12,2,1,0,1,"",FALSE,FALSE,FALSE,19,2,8,"lau",9.84,9,18,2,0,0,0,"",FALSE,23.4819656165572,0.146179798293088
"388",156,0,0,0,"lau",NA,NA,NA,NA,0,0,0,"",FALSE,FALSE,FALSE,4,2,1,"lau",16.75,17.5,20,12,0,0,0,"seltsamerweise hatte der Plot letztes Jahr keine Bäume, vergessen oder ausgelassen?",FALSE,18.5760218670956,0.798540917742457
"389",157,1,1,0,"lau",10,10,10,10,0,0,0,"",FALSE,FALSE,FALSE,0,0,0,"lau",NA,NA,NA,NA,0,0,0,"keine Bäume",FALSE,24.1409162422636,5.00306411026004
"390",158,1,1,0,"lau",9,9,9,9,0,0,0,"",FALSE,FALSE,FALSE,0,0,0,"lau",NA,NA,NA,NA,0,0,0,"baum 22 steht auf dem nordwest quadranten, keine Bäume",FALSE,29.0468599917252,4.35070299081067
"391",159,2,1,0,"lau",12,12,13,11,0,0,0,"",FALSE,FALSE,FALSE,0,0,0,"lau",NA,NA,NA,NA,0,0,0,"keine Bäume",FALSE,33.9528037411868,3.6983418713613
"392",160,37,3,6,"lau",20.54,22,37,8,0,1,1,"",FALSE,FALSE,FALSE,30,3,6,"lau",28.87,28.5,50,12,0,0,0,"",FALSE,38.8587474906483,3.04598075191193
"393",161,30,3,1,"lau",14.23,13,24,7,0,0,0,"",FALSE,FALSE,FALSE,34,3,1,"lau",19.41,17.5,52,6,0,0,0,"",FALSE,43.7646912401099,2.39361963246256
"394",162,26,3,4,"lau",11.46,10,38,5,0,0,0,"",FALSE,FALSE,FALSE,27,4,4,"lau",14.3,13,60,6,0,0,0,"",FALSE,48.6706349895715,1.74125851301319
"395",163,24,3,0,"lau",31.5,12,450,8,0,0,0,"KEIN feHLER",FALSE,FALSE,FALSE,25,4,0,"lau",31.32,14,415,4,0,0,0,"",FALSE,53.5765787390331,1.08889739356382
"396",164,7,2,2,"lau",11.57,10,18,6,0,0,0,"",FALSE,FALSE,FALSE,7,2,2,"lau",12.14,14,18,6,0,0,0,"",FALSE,58.4825224884947,0.436536274114451
"397",165,18,3,6,"lau",10,7,36,3,0,1,1,"",FALSE,FALSE,FALSE,13,3,5,"lau",23.15,11,79,3,0,0,0,"",FALSE,63.3884662379562,-0.215824845334919
"398",166,12,2,10,"lau",14.33,11,37,3,0,1,1,"",FALSE,FALSE,TRUE,11,3,9,"lau",33.91,24,68,6,0,0,0,"",FALSE,68.2944099874178,-0.868185964784288
"399",167,0,0,0,"lau",NA,NA,NA,NA,0,0,0,"ZAUN",FALSE,FALSE,FALSE,0,0,0,"lau",NA,NA,NA,NA,0,0,0,"übersprungen wegen zaun",FALSE,68.9533606131242,3.98869834718268
"400",168,0,0,0,"lau",NA,NA,NA,NA,0,0,0,"ZAUN",FALSE,FALSE,FALSE,0,0,0,"lau",NA,NA,NA,NA,0,0,0,"übersprungen wegen zaun",FALSE,64.0474168636627,4.64105946663205
"401",169,0,0,0,"lau",NA,NA,NA,NA,0,0,0,"ZAUN",FALSE,FALSE,FALSE,0,0,0,"lau",NA,NA,NA,NA,0,0,0,"übersprungen wegen zaun",FALSE,59.1414731142011,5.29342058608142
"402",170,7,1,0,"lau",12.57,12,18,9,0,0,0,"",FALSE,FALSE,FALSE,5,2,2,"lau",13,14,22,4,0,0,0,"",FALSE,54.2355293647395,5.94578170553079
"403",171,17,4,3,"lau",10.06,10,18,4,0,1,1,"KEINE BLÄTTER",FALSE,FALSE,FALSE,12,4,4,"lau",15,14.5,23,7,0,0,0,"",FALSE,49.3295856152779,6.59814282498016
"404",172,32,3,2,"lau",28.53,26,59,7,0,0,0,"",FALSE,FALSE,FALSE,24,3,3,"lau",41.29,41,83,16,0,0,0,"",FALSE,44.4236418658164,7.25050394442952
"405",173,37,5,8,"lau",24.3,20,62,5,0,0,0,"",FALSE,FALSE,FALSE,33,5,8,"lau",31.79,25,83,9,0,0,0,"",FALSE,39.5176981163548,7.90286506387889
"406",174,2,2,1,"lau",11,11,18,4,0,0,0,"",FALSE,FALSE,FALSE,1,1,1,"lau",5,5,5,5,0,0,0,"baum nummer 12 steht im südwest quadrant, tot",FALSE,34.6117543668932,8.55522618332826
"407",175,3,1,0,"lau",13,12,17,10,0,0,0,"",FALSE,FALSE,FALSE,2,1,0,"lau",13.5,13.5,19,8,0,0,0,"",FALSE,29.7058106174316,9.20758730277763
"408",176,5,2,1,"lau",8.4,9,13,3,0,0,0,"",FALSE,FALSE,FALSE,3,2,1,"lau",7.67,8,12,3,0,0,0,"",FALSE,24.7998668679701,9.859948422227
"409",177,14,1,14,"lau",22.21,22.5,38,8,0,0,0,"",FALSE,FALSE,FALSE,15,1,15,"lau",21.13,24,40,6,1,0,1,"",FALSE,30.3647612431381,14.0644716147446
"410",178,11,2,7,"lau",23.09,19,40,9,1,0,1,"",FALSE,FALSE,FALSE,12,2,8,"lau",28.92,26.5,60,12,0,0,0,"",FALSE,35.2707049925996,13.4121104952952
"411",181,14,3,4,"lau",12.79,9.5,29,4,0,1,1,"",TRUE,FALSE,FALSE,10,3,2,"lau",18.8,19,35,7,0,0,0,"",FALSE,49.9885362409844,11.4550271369471
"412",182,23,2,1,"lau",8.22,8,11,5,0,0,0,"",TRUE,FALSE,FALSE,17,3,1,"lau",8.59,9,11,1,0,0,0,"",FALSE,54.8944799904459,10.8026660174977
"413",183,12,3,3,"lau",12.25,11,29,6,0,1,1,"",TRUE,FALSE,FALSE,12,3,4,"lau",14.08,13,35,4,0,0,0,"",FALSE,59.8004237399075,10.1503048980484
"414",184,23,2,22,"lau",47.78,47,95,13,2,5,6,"Krebs",TRUE,FALSE,FALSE,20,2,19,"lau",70.2,68.5,138,26,8,0,8,"baum 64 in nw ecke",FALSE,64.7063674893691,9.49794377859901
"415",185,6,2,2,"lau",13.33,5.5,36,5,0,0,0,"",TRUE,FALSE,FALSE,3,2,2,"lau",32.33,33,54,10,0,0,0,"gekappter Bah liegt über dem Plot, wieder ausgetrieben",FALSE,69.6123112388307,8.84558265914963
"416",186,16,3,13,"lau",35.12,38,63,4,3,3,6,"",TRUE,FALSE,FALSE,15,2,12,"lau",74,55,198,31,0,1,1,"",FALSE,70.2712618645371,13.7024669711166
"417",187,27,3,13,"lau",20.89,18,70,4,0,2,2,"",TRUE,FALSE,FALSE,22,3,12,"lau",40.95,36.5,107,9,0,1,1,"plot von ein nisschen totholz bedeckt",FALSE,65.3653181150755,14.354828090566
"418",188,4,2,2,"lau",23.5,20.5,43,10,0,0,0,"",TRUE,FALSE,FALSE,4,2,3,"lau",30,27,56,10,0,0,0,"baum nummer 60 liegt auf der südkaNTE",FALSE,60.459374365614,15.0071892100153
"419",189,13,3,10,"lau",14.77,14,26,5,0,0,0,"",TRUE,FALSE,FALSE,11,3,9,"lau",17.55,16,32,8,1,0,1,"baum 72 steht genau in der mitte",FALSE,55.5534306161524,15.6595503294647
"420",190,62,4,42,"lau",33.39,32.5,58,9,1,4,5,"",TRUE,FALSE,FALSE,50,4,34,"lau",41.5,37.5,84,22,2,0,2,"",FALSE,50.6474868666908,16.3119114489141
"421",191,10,3,4,"lau",25.1,14,115,3,0,0,0,"",TRUE,FALSE,FALSE,9,3,3,"lau",33.22,13,123,6,0,0,0,"tot",FALSE,45.7415431172292,16.9642725683634
"422",192,22,4,3,"lau",47.68,49.5,85,11,0,0,0,"",TRUE,FALSE,FALSE,19,4,3,"lau",72.68,73,129,15,1,0,1,"",FALSE,40.8355993677676,17.6166336878128
"423",193,13,2,5,"lau",41,28,210,9,0,0,0,"kein Fehler",TRUE,FALSE,FALSE,12,2,5,"lau",46.67,30.5,205,16,0,0,0,"baum 86 auf südkante",FALSE,35.9296556183061,18.2689948072622
"424",194,16,3,2,"lau",8.5,9,11,5,0,0,0,"",TRUE,FALSE,FALSE,8,2,1,"lau",10.88,11,14,5,0,0,0,"tot",FALSE,31.0237118688445,18.9213559267115
"425",195,18,3,6,"lau",14.28,12,49,3,0,0,0,"",TRUE,FALSE,FALSE,14,3,5,"lau",20.93,17,71,8,0,0,0,"",FALSE,26.7767187450894,24.4306013581279
"426",196,8,2,0,"lau",27.62,26.5,54,10,0,0,0,"",TRUE,FALSE,FALSE,10,2,0,"lau",36.2,21.5,88,12,0,0,0,"",FALSE,31.6826624945509,23.7782402386785
"427",197,37,3,14,"lau",31.14,28,64,13,0,2,2,"",TRUE,FALSE,FALSE,32,3,11,"lau",38.47,33,93,12,1,0,1,"",FALSE,36.5886062440125,23.1258791192291
"428",198,42,3,28,"lau",25.62,20,230,8,0,3,3,"",TRUE,FALSE,FALSE,39,3,27,"lau",30.72,24,245,7,0,0,0,"Baum 82 steht 10 cm östlich der Ostkante mittig",FALSE,41.4945499934741,22.4735179997798
"429",199,47,3,41,"lau",22.04,20,42,8,0,4,4,"",TRUE,FALSE,FALSE,42,2,39,"lau",26.98,22,61,13,3,0,3,"tot an ets",FALSE,46.4004937429357,21.8211568803304
"430",200,75,3,59,"lau",20.44,20,46,5,1,0,1,"",TRUE,FALSE,FALSE,56,3,51,"lau",27.59,24.5,51,9,4,0,4,"",FALSE,51.3064374923972,21.168795760881
"431",201,27,2,21,"lau",82.48,27,900,11,0,0,0,"",TRUE,FALSE,FALSE,25,2,21,"lau",30.8,32,49,12,0,0,0,"baum 56 steht mittig auf der südkante",FALSE,56.2123812418588,20.5164346414317
"432",202,28,3,14,"lau",19.21,18.5,50,5,0,1,1,"",TRUE,FALSE,FALSE,27,3,13,"lau",22.78,22,60,5,0,1,1,"",FALSE,61.1183249913204,19.8640735219823
"433",203,24,3,14,"lau",32,29.5,86,6,0,1,1,"",TRUE,FALSE,FALSE,21,2,14,"lau",56.86,56,125,11,0,0,0,"",FALSE,66.024268740782,19.2117124025329
"434",204,8,2,0,"lau",18.75,12.5,52,5,0,0,0,"",TRUE,FALSE,FALSE,7,2,0,"lau",49.57,55,97,11,0,0,0,"",FALSE,70.9302124902435,18.5593512830836
"435",205,1,1,1,"lau",49,49,49,49,0,0,0,"",TRUE,FALSE,FALSE,2,2,1,"lau",38.5,38.5,71,6,0,0,0,"",FALSE,71.58916311595,23.4162355950505
"436",206,3,1,3,"lau",46.33,37,67,35,0,0,0,"",TRUE,FALSE,FALSE,3,1,3,"lau",53.67,44,74,43,0,0,0,"",FALSE,66.6832193664884,24.0685967144999
"437",207,19,3,14,"lau",18.79,18,32,4,0,0,0,"",TRUE,FALSE,FALSE,12,2,10,"lau",22.17,19.5,40,1,0,0,0,"",FALSE,61.7772756170268,24.7209578339493
"438",208,72,3,51,"lau",19.19,17,42,7,1,5,6,"",TRUE,FALSE,FALSE,79,3,54,"lau",22.96,21,53,7,2,1,3,"",FALSE,56.8713318675652,25.3733189533986
"439",209,47,3,19,"lau",13.72,13,39,5,0,0,0,"",TRUE,FALSE,FALSE,29,3,13,"lau",28.38,24,93,9,0,0,0,"",FALSE,51.9653881181037,26.025680072848
"440",210,36,3,34,"lau",24.28,22.5,66,4,0,4,4,"",TRUE,FALSE,FALSE,29,3,24,"lau",40.21,40,102,15,1,4,4,"",FALSE,47.0594443686421,26.6780411922974
"441",211,40,4,30,"lau",27.05,20,238,8,1,1,2,"",TRUE,FALSE,FALSE,16,4,11,"lau",53.94,36.5,250,20,0,0,0,"",FALSE,42.1535006191805,27.3304023117467
"442",212,6,2,1,"lau",291.83,115.5,800,9,0,0,0,"",TRUE,FALSE,FALSE,4,2,1,"lau",312.75,365,510,11,0,0,0,"Baum nummer 88 steht 20 cm östlich der Ostkante",FALSE,37.2475568697189,27.9827634311961
"443",213,11,2,0,"lau",83.36,11,800,6,0,0,0,"",TRUE,FALSE,FALSE,4,2,0,"lau",260.5,215,600,12,0,0,0,"",FALSE,32.3416131202574,28.6351245506455
"444",214,49,3,13,"lau",17.14,15,43,3,0,1,1,"",TRUE,FALSE,FALSE,40,3,11,"lau",25.35,19.5,63,9,1,0,1,"",FALSE,27.4356693707958,29.2874856700948
"445",215,62,3,30,"lau",10.73,10,23,5,0,0,0,"",TRUE,FALSE,FALSE,41,3,24,"lau",12.59,11,27,7,0,0,0,"",FALSE,22.5297256213342,29.9398467895442
"446",216,75,2,42,"lau",13.43,12,30,3,0,1,1,"",TRUE,FALSE,FALSE,69,2,40,"lau",15.97,15,38,7,1,1,2,"",FALSE,13.3767887481175,36.1014533404099
"447",217,182,4,83,"lau",13.81,12,41,5,1,3,4,"",TRUE,FALSE,FALSE,133,4,62,"lau",16.68,13,70,4,3,1,4,"",FALSE,18.2827324975791,35.4490922209605
"448",218,160,5,87,"lau",16.56,14,44,4,3,4,6,"",TRUE,FALSE,FALSE,135,5,72,"lau",20.06,15,82,7,6,1,7,"",FALSE,23.1886762470407,34.7967311015112
"449",219,43,2,24,"lau",11.81,10,42,1,0,2,2,"",TRUE,FALSE,FALSE,39,3,22,"lau",17.79,14,51,5,0,1,1,"",FALSE,28.0946199965022,34.1443699820618
"450",220,72,3,54,"lau",28.57,19,600,8,4,6,10,"",TRUE,FALSE,FALSE,57,3,41,"lau",31.56,22,550,8,0,1,1,"Baum 95 10cm westlich von Westkante",FALSE,33.0005637459638,33.4920088626124
"451",221,15,3,12,"lau",14.53,15,23,9,0,0,0,"",TRUE,FALSE,FALSE,12,3,10,"lau",18.08,18,26,9,1,0,1,"",FALSE,37.9065074954254,32.8396477431631
"452",222,49,2,44,"lau",17.86,18,32,6,0,1,1,"",TRUE,FALSE,FALSE,38,2,35,"lau",23.66,24.5,38,13,0,0,0,"",FALSE,42.812451244887,32.1872866237137
"453",223,26,2,20,"lau",39.12,40.5,87,7,0,5,5,"",TRUE,FALSE,FALSE,29,2,23,"lau",43.86,44,100,11,0,0,0,"",FALSE,47.7183949943485,31.5349255042643
"454",224,38,3,33,"lau",30.26,30.5,57,5,0,4,4,"Krebs und einer von uns abgebrochen",TRUE,FALSE,FALSE,31,2,30,"lau",40.48,40,75,13,0,4,4,"",FALSE,52.6243387438101,30.882564384815
"455",225,55,3,35,"lau",22.47,21,52,5,1,5,6,"",TRUE,FALSE,FALSE,42,3,30,"lau",27.95,23.5,60,6,0,3,3,"",FALSE,57.5302824932717,30.2302032653656
"456",226,112,5,92,"lau",17.32,17,37,5,4,13,17,"",TRUE,FALSE,FALSE,104,4,84,"lau",17.73,17,39,6,4,1,5,"",FALSE,62.4362262427333,29.5778421459162
"457",227,55,5,37,"lau",31.25,27,108,6,2,6,8,"",TRUE,FALSE,FALSE,50,5,35,"lau",50.42,45,151,9,4,0,4,"",FALSE,67.3421699921948,28.9254810264668
"458",230,16,4,6,"lau",11.06,10.5,22,2,1,0,1,"",TRUE,FALSE,FALSE,13,4,5,"lau",18.08,17,37,5,0,0,0,"",FALSE,68.0011206179013,33.7823653384338
"459",231,0,0,0,"lau",NA,NA,NA,NA,0,0,0,"Viel Astmaterial",TRUE,FALSE,FALSE,0,0,0,"lau",NA,NA,NA,NA,0,0,0,"großer Haufen totholz auf dem plot, keine Bäume",FALSE,63.0951768684397,34.4347264578832
"460",232,24,5,13,"lau",15.33,13.5,30,5,1,2,3,"",TRUE,FALSE,FALSE,15,3,12,"lau",21.07,20,36,8,0,0,0,"",FALSE,58.1892331189781,35.0870875773325
"461",233,5,2,3,"lau",189.8,17,900,6,0,0,0,"",TRUE,FALSE,FALSE,4,2,3,"lau",128.25,21,460,11,0,0,0,"",FALSE,53.2832893695165,35.7394486967819
"462",234,25,1,25,"lau",20.84,21,28,13,0,0,0,"",TRUE,FALSE,FALSE,16,1,16,"lau",23.62,24.5,32,15,0,0,0,"",FALSE,48.377345620055,36.3918098162313
"463",235,51,3,47,"lau",24.12,20,195,6,1,2,2,"",TRUE,FALSE,FALSE,35,2,33,"lau",30.63,25,190,14,0,0,0,"",FALSE,43.4714018705934,37.0441709356806
"464",236,92,3,89,"lau",20.98,20,40,7,5,3,7,"KREBS",TRUE,FALSE,FALSE,66,3,64,"lau",28,25,56,13,5,3,8,"",FALSE,38.5654581211318,37.69653205513
"465",237,106,4,78,"lau",19.24,17,50,6,6,8,13,"",TRUE,FALSE,FALSE,83,4,60,"lau",23.53,20,107,5,3,1,4,"",FALSE,33.6595143716702,38.3488931745794
"466",241,102,4,15,"lau",10.12,9,44,5,0,0,0,"",TRUE,FALSE,FALSE,89,4,15,"lau",11.93,10,54,5,2,0,2,"",FALSE,14.0357393738239,40.9583376523769
"467",242,190,3,47,"lau",9.97,10,23,4,1,0,1,"",TRUE,FALSE,FALSE,174,3,43,"lau",11.09,11,26,4,1,0,1,"",FALSE,9.12979562436237,41.6106987718262
"468",243,157,5,11,"lau",11.08,10,29,3,0,0,0,"",TRUE,FALSE,FALSE,171,5,8,"lau",11.44,11,39,4,0,0,0,"",FALSE,9.7887462500688,46.4675830837932
"469",244,163,6,29,"lau",13.3,12,37,4,1,1,1,"",TRUE,FALSE,FALSE,131,5,26,"lau",15.8,14,53,6,0,0,0,"",FALSE,14.6946899995304,45.8152219643438
"470",245,99,5,26,"lau",15.93,12,72,4,3,0,3,"",TRUE,FALSE,FALSE,74,4,23,"lau",21.38,17,102,6,3,0,3,"",FALSE,19.6006337489919,45.1628608448945
"471",247,42,2,17,"lau",21.4,20,45,7,0,0,0,"",TRUE,FALSE,FALSE,36,2,17,"lau",35.31,33,87,9,1,0,1,"",FALSE,29.4125212479151,43.8581386059957
"472",248,47,2,39,"lau",21.19,19,112,6,1,3,4,"",TRUE,FALSE,FALSE,48,2,42,"lau",27.77,23.5,134,10,0,0,0,"",FALSE,34.3184649973767,43.2057774865463
"473",238,142,5,61,"lau",13.11,11,65,5,1,3,4,"",TRUE,FALSE,FALSE,108,4,47,"lau",18.56,16,131,6,2,0,2,"",FALSE,28.7535706222087,39.0012542940288
"474",239,190,5,99,"lau",14.72,12,79,5,10,3,12,"",TRUE,FALSE,FALSE,153,4,83,"lau",18.61,13,109,7,5,2,7,"",FALSE,23.8476268727471,39.6536154134781
"475",240,146,5,67,"lau",19.48,15,80,5,5,5,10,"",TRUE,FALSE,FALSE,127,5,62,"lau",25.46,17,102,8,6,2,8,"",FALSE,18.9416831232855,40.3059765329275
"476",228,39,2,38,"lau",61.54,60,108,9,10,14,20,"",TRUE,FALSE,FALSE,36,2,34,"lau",89.97,88.5,163,20,19,1,19,"",FALSE,72.2481137416564,28.2731199070175
"477",229,32,3,30,"lau",72.88,68,167,14,10,20,22,"",TRUE,FALSE,FALSE,23,3,21,"lau",103.78,84,226,25,6,2,8,"vielleicht NO Ecke alte Höhe 63",FALSE,72.9070643673628,33.1300042189844
"478",246,156,5,18,"lau",14.33,12,50,5,1,0,1,"",TRUE,FALSE,FALSE,124,5,14,"lau",19.95,15,73,7,0,2,2,"",FALSE,24.5065774984535,44.5104997254451
"479",249,26,2,20,"lau",19.27,20.5,39,4,0,0,0,"",TRUE,FALSE,FALSE,25,2,19,"lau",26.96,25,61,6,0,0,0,"",FALSE,39.2244087468383,42.553416367097
"480",250,55,3,47,"lau",21.16,13,400,6,2,1,3,"angenagt",TRUE,FALSE,FALSE,55,3,45,"lau",17.55,16,50,4,3,2,5,"",FALSE,44.1303524962998,41.9010552476476
"481",251,34,2,30,"lau",20.71,20,46,8,2,2,3,"",TRUE,FALSE,FALSE,32,3,27,"lau",24.62,24.5,51,11,1,0,1,"",FALSE,49.0362962457614,41.2486941281982
"482",252,3,3,1,"lau",9.33,7,16,5,0,0,0,"",TRUE,FALSE,FALSE,5,3,2,"lau",9,8,17,5,0,0,0,"",FALSE,53.942239995223,40.5963330087489
"483",253,3,2,0,"lau",8.67,8,13,5,0,0,0,"",TRUE,FALSE,FALSE,2,1,0,"lau",11,11,14,8,0,0,0,"",FALSE,58.8481837446845,39.9439718892995
"484",254,7,2,3,"lau",17,18,30,6,0,0,0,"",TRUE,FALSE,FALSE,6,2,3,"lau",20.67,20.5,39,8,0,0,0,"",FALSE,63.7541274941461,39.2916107698501
"485",255,13,3,11,"lau",72.15,29,600,16,0,0,0,"",TRUE,FALSE,FALSE,14,3,12,"lau",42.5,39,125,8,2,0,2,"",FALSE,68.6600712436077,38.6392496504008
"486",256,13,2,12,"lau",60.54,58,111,5,1,4,4,"markiert?",TRUE,FALSE,FALSE,12,2,11,"lau",82.58,68,184,30,2,1,3,"stark kriechend",FALSE,73.5660149930693,37.9868885309514
"487",257,17,2,16,"lau",41.35,44,73,16,1,6,6,"",TRUE,FALSE,FALSE,16,1,16,"lau",46.19,46.5,85,19,2,2,4,"",FALSE,74.2249656187757,42.8437728429184
"488",258,10,1,10,"lau",38,38,66,15,0,0,0,"",TRUE,FALSE,FALSE,10,1,10,"lau",48.5,48,96,15,0,1,1,"",FALSE,69.3190218693141,43.4961339623677
"489",259,14,3,8,"lau",16.07,15.5,35,7,0,2,2,"",TRUE,FALSE,FALSE,12,3,7,"lau",17.58,14,37,8,1,0,1,"",FALSE,64.4130781198526,44.1484950818171
"490",260,13,3,11,"lau",12.69,13,18,7,1,1,2,"",TRUE,FALSE,FALSE,15,3,13,"lau",16.2,17,25,8,1,0,1,"",FALSE,59.507134370391,44.8008562012665
"491",261,10,2,9,"lau",12.9,10.5,28,7,0,1,1,"",TRUE,FALSE,TRUE,7,1,7,"lau",26,26,36,13,0,0,0,"teilweise stubben auf dem Plot",TRUE,54.6011906209294,45.4532173207158
"492",262,10,2,8,"lau",33.2,28,68,8,1,1,2,"umgefahren",TRUE,FALSE,TRUE,10,2,7,"lau",45,42.5,91,15,0,1,1,"",TRUE,49.6952468714678,46.1055784401652
"493",263,26,4,16,"lau",31.58,27,70,6,1,2,3,"umgefahren",TRUE,FALSE,TRUE,24,3,13,"lau",45.71,42.5,100,10,0,2,2,"",TRUE,44.7893031220063,46.7579395596146
"494",264,29,2,11,"lau",23,19,68,7,0,0,0,"",TRUE,FALSE,TRUE,29,2,14,"lau",35.79,28,149,12,1,0,1,"",TRUE,39.8833593725447,47.4103006790639
"495",265,11,2,9,"lau",13.73,14,18,6,1,0,1,"",TRUE,FALSE,FALSE,12,2,10,"lau",21,20,33,11,0,0,0,"",FALSE,34.9774156230831,48.0626617985133
"496",266,13,2,2,"lau",9.92,10,14,6,0,0,0,"",TRUE,FALSE,FALSE,16,2,2,"lau",11.06,11,19,7,0,0,0,"",FALSE,30.0714718736215,48.7150229179627
"497",267,51,3,11,"lau",8.06,8,11,4,0,0,0,"",TRUE,FALSE,FALSE,47,3,10,"lau",8.21,9,12,0,0,0,0,"",FALSE,25.16552812416,49.3673840374121
"498",268,74,5,17,"lau",11.27,10,26,6,0,0,0,"",TRUE,FALSE,FALSE,69,4,19,"lau",11.67,11,32,7,1,0,1,"",FALSE,20.2595843746984,50.0197451568614
"499",269,29,4,19,"lau",10.41,10,18,6,2,0,2,"",TRUE,FALSE,FALSE,24,3,15,"lau",11.21,10,24,5,1,0,1,"",FALSE,15.3536406252368,50.6721062763108
"500",270,3,2,1,"lau",7,7,8,6,0,0,0,"",TRUE,FALSE,FALSE,7,3,2,"lau",7.71,7,12,5,0,0,0,"",FALSE,20.9185350004048,54.8766294688284
"501",271,26,5,10,"lau",10.58,11,20,6,0,0,0,"",TRUE,FALSE,FALSE,29,4,7,"lau",11.1,11,23,6,0,0,0,"",FALSE,25.8244787498664,54.224268349379
"502",272,27,4,7,"lau",11.52,10,24,7,0,0,0,"",TRUE,FALSE,FALSE,30,3,7,"lau",12.27,10,25,6,1,0,1,"",FALSE,30.730422499328,53.5719072299296
"503",273,14,2,0,"lau",10.57,12,15,6,0,0,0,"",TRUE,FALSE,FALSE,16,2,0,"lau",11.31,11,18,7,0,0,0,"",FALSE,35.6363662487895,52.9195461104803
"504",274,17,3,8,"lau",29.53,25,67,9,0,0,0,"",TRUE,FALSE,FALSE,15,3,7,"lau",36.2,33,89,11,0,0,0,"",FALSE,40.5423099982511,52.2671849910309
"505",275,3,2,2,"lau",10.67,12,12,8,0,0,0,"",TRUE,FALSE,FALSE,4,2,2,"lau",11.25,11,13,10,0,0,0,"",FALSE,45.4482537477127,51.6148238715815
"506",276,12,2,9,"lau",165.83,23,700,12,0,1,1,"",TRUE,FALSE,FALSE,13,2,10,"lau",166.92,24,750,0,0,0,0,"",FALSE,50.3541974971743,50.9624627521322
"507",277,31,2,28,"lau",31.61,29,54,18,4,3,7,"",TRUE,FALSE,FALSE,29,2,27,"lau",42.93,39,88,20,4,5,7,"",FALSE,55.2601412466358,50.3101016326828
"508",278,43,2,38,"lau",23.02,20,66,7,2,5,6,"",TRUE,FALSE,FALSE,46,2,42,"lau",30.57,25,104,0,4,1,5,"komplett tot, stubben von Baumnummer 3 steht auf der süd ost ecke",FALSE,60.1660849960974,49.6577405132334
"509",279,13,3,11,"lau",13.85,11,25,6,0,0,0,"",TRUE,FALSE,TRUE,15,2,14,"lau",16.4,18,28,5,1,1,2,"",FALSE,65.072028745559,49.0053793937841
"510",280,5,2,2,"lau",20,18,39,6,0,0,0,"",TRUE,FALSE,TRUE,5,2,2,"lau",24.8,26,43,6,0,0,0,"",FALSE,69.9779724950206,48.3530182743347
"511",281,0,0,0,"lau",NA,NA,NA,NA,0,0,0,"keine Bäume",TRUE,FALSE,TRUE,0,0,0,"lau",NA,NA,NA,NA,0,0,0,"keine bäume",FALSE,74.8839162444822,47.7006571548853
"512",282,19,3,16,"lau",40,41,73,11,3,5,7,"",TRUE,FALSE,FALSE,21,4,15,"lau",44.1,42,82,12,3,3,4,"",FALSE,75.5428668701886,52.5575414668523
"513",283,8,3,4,"lau",11.12,8,22,6,1,0,1,"",TRUE,FALSE,FALSE,8,4,3,"lau",12.88,10.5,26,7,0,0,0,"",FALSE,70.636923120727,53.2099025863016
"514",284,12,4,6,"lau",9.33,9,20,5,0,0,0,"",TRUE,FALSE,FALSE,12,3,5,"lau",8.83,9,20,0,0,0,0,"",FALSE,65.7309793712654,53.862263705751
"515",285,26,2,23,"lau",14.85,14,23,8,2,1,3,"",TRUE,FALSE,FALSE,25,3,20,"lau",15.92,14,24,9,4,1,5,"",FALSE,60.8250356218038,54.5146248252004
"516",286,35,3,25,"lau",52.66,53,87,9,7,5,10,"",TRUE,FALSE,FALSE,34,3,24,"lau",59.74,60.5,100,20,6,7,10,"",FALSE,55.9190918723423,55.1669859446498
"517",287,15,4,8,"lau",53.2,19,500,10,0,2,2,"",TRUE,FALSE,FALSE,14,4,7,"lau",59.93,19,550,5,0,0,0,"",FALSE,51.0131481228807,55.8193470640991
"518",288,6,2,0,"lau",10.33,10,15,7,0,0,0,"",TRUE,FALSE,FALSE,6,2,0,"lau",11.33,10,19,8,0,0,0,"",FALSE,46.1072043734191,56.4717081835485
"519",289,11,2,0,"lau",8.09,8,10,6,0,0,0,"",TRUE,FALSE,FALSE,14,3,2,"lau",9.86,9,13,8,0,0,0,"",FALSE,41.2012606239576,57.1240693029979
"520",290,9,3,3,"lau",8.11,8,17,5,0,0,0,"",TRUE,FALSE,FALSE,9,3,3,"lau",9.56,9,17,7,0,0,0,"",FALSE,36.295316874496,57.7764304224472
"521",291,25,4,18,"lau",9.28,9,16,4,1,0,1,"",TRUE,FALSE,FALSE,24,4,16,"lau",10.21,9.5,19,5,1,0,1,"",FALSE,31.3893731250344,58.4287915418966
"522",293,13,4,1,"lau",11.77,9,40,6,0,0,0,"",TRUE,FALSE,FALSE,13,3,1,"lau",10.62,8,43,3,0,0,0,"",FALSE,36.9542675002024,62.6333147344142
"523",294,3,2,2,"lau",40.67,41,51,30,0,2,2,"",TRUE,FALSE,FALSE,3,2,2,"lau",46,54,84,0,1,1,1,"",FALSE,41.860211249664,61.9809536149648
"524",295,16,3,12,"lau",20,17,39,10,1,0,1,"",TRUE,FALSE,FALSE,17,2,13,"lau",20.35,20,38,0,0,0,0,"",FALSE,46.7661549991256,61.3285924955155
"525",296,27,3,24,"lau",38.85,34,65,23,1,5,6,"",TRUE,FALSE,FALSE,26,3,23,"lau",54.15,44.5,103,21,1,3,4,"",FALSE,51.6720987485871,60.6762313760661
"526",297,4,2,3,"lau",17,16.5,22,13,0,0,0,"",TRUE,FALSE,FALSE,6,2,4,"lau",24.67,26,30,16,0,0,0,"",FALSE,56.5780424980487,60.0238702566167
"527",299,11,4,5,"lau",11,9,26,5,1,0,1,"",TRUE,FALSE,FALSE,11,4,5,"lau",9.82,8,24,0,0,1,1,"",FALSE,66.3899299969719,58.719148017718
"528",300,11,4,6,"lau",21.73,22,44,10,2,1,3,"",TRUE,FALSE,FALSE,11,4,6,"lau",20.73,18,46,0,0,0,0,"",FALSE,71.2958737464334,58.0667868982686
"529",301,1,1,1,"lau",15,15,15,15,0,0,0,"",TRUE,FALSE,FALSE,2,2,1,"lau",15,15,17,13,0,0,0,"",FALSE,76.201817495895,57.4144257788192
"530",179,NA,NA,NA,"lau",NA,NA,NA,NA,NA,NA,NA,"",TRUE,TRUE,FALSE,0,0,0,"lau",NA,NA,NA,NA,0,0,0,"fallen aaus wegen Zaun ",FALSE,40.1766487420612,12.7597493758459
"531",180,NA,NA,NA,"lau",NA,NA,NA,NA,NA,NA,NA,"",TRUE,TRUE,FALSE,0,0,0,"lau",NA,NA,NA,NA,0,0,0,"fallen aaus wegen Zaun ",FALSE,45.0825924915228,12.1073882563965
"532",292,NA,NA,NA,"lau",NA,NA,NA,NA,NA,NA,NA,"",TRUE,TRUE,FALSE,0,0,0,"lau",NA,NA,NA,NA,0,0,0,"Rand",FALSE,26.4834293755728,59.081152661346
"533",298,0,0,0,"lau",NA,NA,NA,NA,0,0,0,"keine Bäume",TRUE,FALSE,FALSE,0,0,0,"lau",NA,NA,NA,NA,0,0,0,"keine Bäume aber Buche nummer 9 am PLot",FALSE,61.4839862475103,59.3715091371673
